<?xml version="1.0" encoding="UTF-8" standalone="no" ?>
<gpx xmlns="http://www.topografix.com/GPX/1/1" creator="OruxMaps v.10.7.4 GP" version="1.1" xmlns:gpxtpx="http://www.garmin.com/xmlschemas/TrackPointExtension/v2" xmlns:xsi="http://www.w3.org/2001/XMLSchema-instance" xmlns:om="http://www.oruxmaps.com/oruxmapsextensions/1/0" xsi:schemaLocation="http://www.topografix.com/GPX/1/1 http://www.topografix.com/GPX/1/1/gpx.xsd">
<!-- owner: b49bea777b57f5 -->
<metadata>
<name><![CDATA[2025-09-22 18:44:24]]></name>
<link href="https://www.oruxmaps.com">
<text>OruxMaps GP</text>
</link>
<time>2025-09-22T16:44:24.426Z</time><bounds maxlat="41.4270183" maxlon="2.1946600" minlat="41.3606083" minlon="2.1301133"/>
</metadata>
<wpt lat="41.4153567" lon="2.1648117">
<ele>143.60</ele>
<time>2025-09-25T16:30:02.698Z</time>
<name><![CDATA[]]></name>
<desc><![CDATA[<p><br /><h3>Name: Segment: 4</h3><br />Type: Road biking<br/>Start time: 18:00 Sep 25, 2025<br/>Finish time: 18:29 Sep 25, 2025<br/>Distance: 2.6km (00:29)<br/>Moving time: 00:29<br/>Average speed: 5.33 km/h<br/>Speed in Movement: 5.33 km/h<br/>Maximum Speed: 7.85 km/h<br/>Minimum altitude: 125 m<br/>Maximum altitude: 188 m<br/>Ascent speed: 458.9 m/h<br/>Descent speed: 473.3 m/h<br/>Elevation gain: 90 m<br/>Elevation loss: 121 m<br/>Ascent time: 00:11<br/>Descent time: 00:15<br/></p>]]></desc>
<sym>Waypoint</sym>
<type>Finishing Point</type>
<extensions>
<om:oruxmapsextensions>
<om:ext type="ICON" subtype="0">15</om:ext>
</om:oruxmapsextensions>
</extensions>
</wpt>
<wpt lat="41.4153567" lon="2.1648117">
<ele>143.60</ele>
<time>2025-09-25T18:00:39.113Z</time>
<name><![CDATA[]]></name>
<desc><![CDATA[<p><br /><h3>Name: Segment: 4</h3><br />Type: Walking<br/>Start time: 18:00 Sep 25, 2025<br/>Finish time: 18:29 Sep 25, 2025<br/>Distance: 2.6km (00:29)<br/>Moving time: 00:29<br/>Average speed: 5.33 km/h<br/>Speed in Movement: 5.33 km/h<br/>Maximum Speed: 7.85 km/h<br/>Minimum altitude: 125 m<br/>Maximum altitude: 188 m<br/>Ascent speed: 458.9 m/h<br/>Descent speed: 473.3 m/h<br/>Elevation gain: 90 m<br/>Elevation loss: 121 m<br/>Ascent time: 00:11<br/>Descent time: 00:15<br/></p>]]></desc>
<sym>Waypoint</sym>
<type>Finishing Point</type>
<extensions>
<om:oruxmapsextensions>
<om:ext type="ICON" subtype="0">15</om:ext>
</om:oruxmapsextensions>
</extensions>
</wpt>
<wpt lat="41.4151900" lon="2.1652100">
<ele>130.74</ele>
<time>2025-09-25T18:01:07.666Z</time>
<name><![CDATA[]]></name>
<sym>Waypoint</sym>
<type>Starting Point</type>
<extensions>
<om:oruxmapsextensions>
<om:ext type="ICON" subtype="0">38</om:ext>
</om:oruxmapsextensions>
</extensions>
</wpt>
<wpt lat="41.3621483" lon="2.1448367">
<ele>30.03</ele>
<time>2025-09-25T19:44:36.376Z</time>
<name><![CDATA[]]></name>
<desc><![CDATA[<p><br /><h3>Name: Segment: 5</h3><br />Type: Walking<br/>Start time: 20:01 Sep 25, 2025<br/>Finish time: 21:44 Sep 25, 2025<br/>Distance: 8.4km (01:43)<br/>Moving time: 00:28<br/>Average speed: 4.88 km/h<br/>Speed in Movement: 17.52 km/h<br/>Maximum Speed: 32.73 km/h<br/>Minimum altitude: 15 m<br/>Maximum altitude: 133 m<br/>Ascent speed: 673.1 m/h<br/>Descent speed: 968.3 m/h<br/>Elevation gain: 92 m<br/>Elevation loss: 192 m<br/>Ascent time: 00:08<br/>Descent time: 00:11<br/></p>]]></desc>
<sym>Waypoint</sym>
<type>Finishing Point</type>
<extensions>
<om:oruxmapsextensions>
<om:ext type="ICON" subtype="0">15</om:ext>
</om:oruxmapsextensions>
</extensions>
</wpt>
<wpt lat="41.3621483" lon="2.1448367">
<ele>30.03</ele>
<time>2025-09-25T20:57:01.757Z</time>
<name><![CDATA[]]></name>
<desc><![CDATA[<p><br /><h3>Name: Segment: 5</h3><br />Type: Walking<br/>Start time: 20:01 Sep 25, 2025<br/>Finish time: 21:44 Sep 25, 2025<br/>Distance: 8.4km (01:43)<br/>Moving time: 00:28<br/>Average speed: 4.88 km/h<br/>Speed in Movement: 17.52 km/h<br/>Maximum Speed: 32.73 km/h<br/>Minimum altitude: 15 m<br/>Maximum altitude: 133 m<br/>Ascent speed: 673.1 m/h<br/>Descent speed: 968.3 m/h<br/>Elevation gain: 92 m<br/>Elevation loss: 192 m<br/>Ascent time: 00:08<br/>Descent time: 00:11<br/></p>]]></desc>
<sym>Waypoint</sym>
<type>Finishing Point</type>
<extensions>
<om:oruxmapsextensions>
<om:ext type="ICON" subtype="0">15</om:ext>
</om:oruxmapsextensions>
</extensions>
</wpt>
<wpt lat="41.3614983" lon="2.1446367">
<ele>36.03</ele>
<time>2025-09-25T20:57:02.235Z</time>
<name><![CDATA[]]></name>
<sym>Waypoint</sym>
<type>Starting Point</type>
<extensions>
<om:oruxmapsextensions>
<om:ext type="ICON" subtype="0">38</om:ext>
</om:oruxmapsextensions>
</extensions>
</wpt>
<wpt lat="41.4151883" lon="2.1653983">
<ele>146.89</ele>
<time>2025-09-25T21:41:40.299Z</time>
<name><![CDATA[]]></name>
<desc><![CDATA[<p><br /><h3>Name: Segment: 6</h3><br />Type: Walking<br/>Start time: 22:57 Sep 25, 2025<br/>Finish time: 23:41 Sep 25, 2025<br/>Distance: 8.2km (00:44)<br/>Moving time: 00:39<br/>Average speed: 11.01 km/h<br/>Speed in Movement: 12.50 km/h<br/>Maximum Speed: 24.28 km/h<br/>Minimum altitude: 15 m<br/>Maximum altitude: 136 m<br/>Ascent speed: 768.6 m/h<br/>Descent speed: 600.1 m/h<br/>Elevation gain: 288 m<br/>Elevation loss: 188 m<br/>Ascent time: 00:22<br/>Descent time: 00:18<br/></p>]]></desc>
<sym>Waypoint</sym>
<type>Finishing Point</type>
<extensions>
<om:oruxmapsextensions>
<om:ext type="ICON" subtype="0">15</om:ext>
</om:oruxmapsextensions>
</extensions>
</wpt>
<wpt lat="41.4151883" lon="2.1653983">
<ele>146.89</ele>
<time>2025-09-28T14:32:27.854Z</time>
<name><![CDATA[]]></name>
<desc><![CDATA[<p><br /><h3>Name: Segment: 6</h3><br />Type: Walking<br/>Start time: 22:57 Sep 25, 2025<br/>Finish time: 23:41 Sep 25, 2025<br/>Distance: 8.2km (00:44)<br/>Moving time: 00:39<br/>Average speed: 11.01 km/h<br/>Speed in Movement: 12.50 km/h<br/>Maximum Speed: 24.28 km/h<br/>Minimum altitude: 15 m<br/>Maximum altitude: 136 m<br/>Ascent speed: 768.6 m/h<br/>Descent speed: 600.1 m/h<br/>Elevation gain: 288 m<br/>Elevation loss: 188 m<br/>Ascent time: 00:22<br/>Descent time: 00:18<br/></p>]]></desc>
<sym>Waypoint</sym>
<type>Finishing Point</type>
<extensions>
<om:oruxmapsextensions>
<om:ext type="ICON" subtype="0">15</om:ext>
</om:oruxmapsextensions>
</extensions>
</wpt>
<wpt lat="41.4152383" lon="2.1652517">
<ele>105.71</ele>
<time>2025-09-28T14:32:28.675Z</time>
<name><![CDATA[]]></name>
<sym>Waypoint</sym>
<type>Starting Point</type>
<extensions>
<om:oruxmapsextensions>
<om:ext type="ICON" subtype="0">38</om:ext>
</om:oruxmapsextensions>
</extensions>
</wpt>
<wpt lat="41.4151250" lon="2.1652500">
<ele>117.18</ele>
<time>2025-09-28T17:46:29.879Z</time>
<name><![CDATA[]]></name>
<desc><![CDATA[<p><br /><h3>Name: Segment: 7</h3><br />Type: Walking<br/>Start time: 16:32 Sep 28, 2025<br/>Finish time: 19:37 Sep 28, 2025<br/>Distance: 8.5km (03:05)<br/>Moving time: 01:26<br/>Average speed: 2.76 km/h<br/>Speed in Movement: 5.93 km/h<br/>Maximum Speed: 29.17 km/h<br/>Minimum altitude: 27 m<br/>Maximum altitude: 120 m<br/>Ascent speed: 515.5 m/h<br/>Descent speed: 274.6 m/h<br/>Elevation gain: 232 m<br/>Elevation loss: 219 m<br/>Ascent time: 00:27<br/>Descent time: 00:47<br/></p>]]></desc>
<sym>Waypoint</sym>
<type>Finishing Point</type>
<extensions>
<om:oruxmapsextensions>
<om:ext type="ICON" subtype="0">15</om:ext>
</om:oruxmapsextensions>
</extensions>
</wpt>
<wpt lat="41.4151850" lon="2.1660933">
<ele>109.29</ele>
<time>2025-09-30T18:36:46.465Z</time>
<name><![CDATA[]]></name>
<desc><![CDATA[<p><br /><h3>Name: Segment: 7</h3><br />Type: Walking<br/>Start time: 16:32 Sep 28, 2025<br/>Finish time: 20:36 Sep 30, 2025<br/>Distance: 10.8km (52:04)<br/>Moving time: 50:24<br/>Average speed: 0.21 km/h<br/>Speed in Movement: 0.21 km/h<br/>Maximum Speed: 29.17 km/h<br/>Minimum altitude: 25 m<br/>Maximum altitude: 120 m<br/>Ascent speed: 477.0 m/h<br/>Descent speed: 286.7 m/h<br/>Elevation gain: 342 m<br/>Elevation loss: 271 m<br/>Ascent time: 00:43<br/>Descent time: 00:56<br/></p>]]></desc>
<sym>Waypoint</sym>
<type>Finishing Point</type>
<extensions>
<om:oruxmapsextensions>
<om:ext type="ICON" subtype="0">15</om:ext>
</om:oruxmapsextensions>
</extensions>
</wpt>
<wpt lat="41.4151850" lon="2.1660933">
<ele>109.29</ele>
<time>2025-10-01T15:57:05.924Z</time>
<name><![CDATA[]]></name>
<desc><![CDATA[<p><br /><h3>Name: Segment: 7</h3><br />Type: Walking<br/>Start time: 16:32 Sep 28, 2025<br/>Finish time: 20:36 Sep 30, 2025<br/>Distance: 10.8km (52:04)<br/>Moving time: 50:24<br/>Average speed: 0.21 km/h<br/>Speed in Movement: 0.21 km/h<br/>Maximum Speed: 29.17 km/h<br/>Minimum altitude: 25 m<br/>Maximum altitude: 120 m<br/>Ascent speed: 477.0 m/h<br/>Descent speed: 286.7 m/h<br/>Elevation gain: 342 m<br/>Elevation loss: 271 m<br/>Ascent time: 00:43<br/>Descent time: 00:56<br/></p>]]></desc>
<sym>Waypoint</sym>
<type>Finishing Point</type>
<extensions>
<om:oruxmapsextensions>
<om:ext type="ICON" subtype="0">15</om:ext>
</om:oruxmapsextensions>
</extensions>
</wpt>
<wpt lat="41.4236083" lon="2.1433017">
<ele>145.62</ele>
<time>2025-10-01T15:57:06.221Z</time>
<name><![CDATA[]]></name>
<sym>Waypoint</sym>
<type>Starting Point</type>
<extensions>
<om:oruxmapsextensions>
<om:ext type="ICON" subtype="0">38</om:ext>
</om:oruxmapsextensions>
</extensions>
</wpt>
<wpt lat="41.4153000" lon="2.1650367">
<ele>123.02</ele>
<time>2025-10-01T16:30:31.633Z</time>
<name><![CDATA[]]></name>
<desc><![CDATA[<p><br /><h3>Name: Segment: 8</h3><br />Type: Walking<br/>Start time: 17:57 Oct 1, 2025<br/>Finish time: 18:30 Oct 1, 2025<br/>Distance: 2.8km (00:33)<br/>Moving time: 00:33<br/>Average speed: 5.03 km/h<br/>Speed in Movement: 5.03 km/h<br/>Maximum Speed: 7.85 km/h<br/>Minimum altitude: 120 m<br/>Maximum altitude: 194 m<br/>Ascent speed: 437.3 m/h<br/>Descent speed: 424.2 m/h<br/>Elevation gain: 105 m<br/>Elevation loss: 122 m<br/>Ascent time: 00:14<br/>Descent time: 00:17<br/></p>]]></desc>
<sym>Waypoint</sym>
<type>Finishing Point</type>
<extensions>
<om:oruxmapsextensions>
<om:ext type="ICON" subtype="0">15</om:ext>
</om:oruxmapsextensions>
</extensions>
</wpt>
<wpt lat="41.4153000" lon="2.1650367">
<ele>123.02</ele>
<time>2025-10-01T18:01:44.219Z</time>
<name><![CDATA[]]></name>
<desc><![CDATA[<p><br /><h3>Name: Segment: 8</h3><br />Type: Walking<br/>Start time: 17:57 Oct 1, 2025<br/>Finish time: 18:30 Oct 1, 2025<br/>Distance: 2.8km (00:33)<br/>Moving time: 00:33<br/>Average speed: 5.03 km/h<br/>Speed in Movement: 5.03 km/h<br/>Maximum Speed: 7.85 km/h<br/>Minimum altitude: 120 m<br/>Maximum altitude: 194 m<br/>Ascent speed: 437.3 m/h<br/>Descent speed: 424.2 m/h<br/>Elevation gain: 105 m<br/>Elevation loss: 122 m<br/>Ascent time: 00:14<br/>Descent time: 00:17<br/></p>]]></desc>
<sym>Waypoint</sym>
<type>Finishing Point</type>
<extensions>
<om:oruxmapsextensions>
<om:ext type="ICON" subtype="0">15</om:ext>
</om:oruxmapsextensions>
</extensions>
</wpt>
<wpt lat="41.4142950" lon="2.1651667">
<ele>117.48</ele>
<time>2025-10-01T18:01:44.505Z</time>
<name><![CDATA[]]></name>
<sym>Waypoint</sym>
<type>Starting Point</type>
<extensions>
<om:oruxmapsextensions>
<om:ext type="ICON" subtype="0">38</om:ext>
</om:oruxmapsextensions>
</extensions>
</wpt>
<wpt lat="41.4032000" lon="2.1575717">
<ele>59.86</ele>
<time>2025-10-01T18:43:56.088Z</time>
<name><![CDATA[]]></name>
<desc><![CDATA[<p><br /><h3>Name: Segment: 9</h3><br />Type: Walking<br/>Start time: 20:01 Oct 1, 2025<br/>Finish time: 20:15 Oct 1, 2025<br/>Distance: 2.3km (00:14)<br/>Moving time: 00:13<br/>Average speed: 9.90 km/h<br/>Speed in Movement: 10.16 km/h<br/>Maximum Speed: 23.45 km/h<br/>Minimum altitude: 39 m<br/>Maximum altitude: 117 m<br/>Ascent speed: 846.9 m/h<br/>Descent speed: 714.8 m/h<br/>Elevation gain: 54 m<br/>Elevation loss: 111 m<br/>Ascent time: 00:03<br/>Descent time: 00:09<br/></p>]]></desc>
<sym>Waypoint</sym>
<type>Finishing Point</type>
<extensions>
<om:oruxmapsextensions>
<om:ext type="ICON" subtype="0">15</om:ext>
</om:oruxmapsextensions>
</extensions>
</wpt>
<wpt lat="41.4032000" lon="2.1575717">
<ele>59.86</ele>
<time>2025-10-02T16:31:03.564Z</time>
<name><![CDATA[]]></name>
<desc><![CDATA[<p><br /><h3>Name: Segment: 9</h3><br />Type: Walking<br/>Start time: 20:01 Oct 1, 2025<br/>Finish time: 20:15 Oct 1, 2025<br/>Distance: 2.3km (00:14)<br/>Moving time: 00:13<br/>Average speed: 9.90 km/h<br/>Speed in Movement: 10.16 km/h<br/>Maximum Speed: 23.45 km/h<br/>Minimum altitude: 39 m<br/>Maximum altitude: 117 m<br/>Ascent speed: 846.9 m/h<br/>Descent speed: 714.8 m/h<br/>Elevation gain: 54 m<br/>Elevation loss: 111 m<br/>Ascent time: 00:03<br/>Descent time: 00:09<br/></p>]]></desc>
<sym>Waypoint</sym>
<type>Finishing Point</type>
<extensions>
<om:oruxmapsextensions>
<om:ext type="ICON" subtype="0">15</om:ext>
</om:oruxmapsextensions>
</extensions>
</wpt>
<wpt lat="41.4133783" lon="2.1631850">
<ele>101.19</ele>
<time>2025-10-02T16:31:03.725Z</time>
<name><![CDATA[]]></name>
<sym>Waypoint</sym>
<type>Starting Point</type>
<extensions>
<om:oruxmapsextensions>
<om:ext type="ICON" subtype="0">38</om:ext>
</om:oruxmapsextensions>
</extensions>
</wpt>
<wpt lat="41.3814700" lon="2.1883367">
<ele>4.43</ele>
<time>2025-10-02T16:55:28.180Z</time>
<name><![CDATA[]]></name>
<desc><![CDATA[<p><br /><h3>Name: Segment: 10</h3><br />Type: Walking<br/>Start time: 18:31 Oct 2, 2025<br/>Finish time: 18:54 Oct 2, 2025<br/>Distance: 5.5km (00:23)<br/>Moving time: 00:21<br/>Average speed: 14.02 km/h<br/>Speed in Movement: 15.08 km/h<br/>Maximum Speed: 30.32 km/h<br/>Minimum altitude: -12 m<br/>Maximum altitude: 102 m<br/>Ascent speed: 832.8 m/h<br/>Descent speed: 846.7 m/h<br/>Elevation gain: 79 m<br/>Elevation loss: 192 m<br/>Ascent time: 00:05<br/>Descent time: 00:13<br/></p>]]></desc>
<sym>Waypoint</sym>
<type>Finishing Point</type>
<extensions>
<om:oruxmapsextensions>
<om:ext type="ICON" subtype="0">15</om:ext>
</om:oruxmapsextensions>
</extensions>
</wpt>
<wpt lat="41.3817300" lon="2.1810517">
<ele>13.71</ele>
<time>2025-10-02T17:25:22.543Z</time>
<name><![CDATA[]]></name>
<desc><![CDATA[<p><br /><h3>Name: Segment: 10</h3><br />Type: Walking<br/>Start time: 18:31 Oct 2, 2025<br/>Finish time: 19:24 Oct 2, 2025<br/>Distance: 6.3km (00:53)<br/>Moving time: 00:37<br/>Average speed: 6.99 km/h<br/>Speed in Movement: 10.06 km/h<br/>Maximum Speed: 30.32 km/h<br/>Minimum altitude: -13 m<br/>Maximum altitude: 102 m<br/>Ascent speed: 325.1 m/h<br/>Descent speed: 846.7 m/h<br/>Elevation gain: 92 m<br/>Elevation loss: 192 m<br/>Ascent time: 00:17<br/>Descent time: 00:13<br/></p>]]></desc>
<sym>Waypoint</sym>
<type>Finishing Point</type>
<extensions>
<om:oruxmapsextensions>
<om:ext type="ICON" subtype="0">15</om:ext>
</om:oruxmapsextensions>
</extensions>
</wpt>
<wpt lat="41.4145250" lon="2.1655467">
<ele>102.62</ele>
<time>2025-10-02T18:09:21.041Z</time>
<name><![CDATA[]]></name>
<desc><![CDATA[<p><br /><h3>Name: Segment: 10</h3><br />Type: Walking<br/>Start time: 18:31 Oct 2, 2025<br/>Finish time: 20:08 Oct 2, 2025<br/>Distance: 11.5km (01:37)<br/>Moving time: 01:18<br/>Average speed: 7.08 km/h<br/>Speed in Movement: 8.86 km/h<br/>Maximum Speed: 30.73 km/h<br/>Minimum altitude: -13 m<br/>Maximum altitude: 103 m<br/>Ascent speed: 433.2 m/h<br/>Descent speed: 707.8 m/h<br/>Elevation gain: 245 m<br/>Elevation loss: 235 m<br/>Ascent time: 00:34<br/>Descent time: 00:19<br/></p>]]></desc>
<sym>Waypoint</sym>
<type>Finishing Point</type>
<extensions>
<om:oruxmapsextensions>
<om:ext type="ICON" subtype="0">15</om:ext>
</om:oruxmapsextensions>
</extensions>
</wpt>
<wpt lat="41.4145250" lon="2.1655467">
<ele>102.62</ele>
<time>2025-10-03T15:49:27.083Z</time>
<name><![CDATA[]]></name>
<desc><![CDATA[<p><br /><h3>Name: Segment: 10</h3><br />Type: Walking<br/>Start time: 18:31 Oct 2, 2025<br/>Finish time: 20:08 Oct 2, 2025<br/>Distance: 11.5km (01:37)<br/>Moving time: 01:18<br/>Average speed: 7.08 km/h<br/>Speed in Movement: 8.86 km/h<br/>Maximum Speed: 30.73 km/h<br/>Minimum altitude: -13 m<br/>Maximum altitude: 103 m<br/>Ascent speed: 433.2 m/h<br/>Descent speed: 707.8 m/h<br/>Elevation gain: 245 m<br/>Elevation loss: 235 m<br/>Ascent time: 00:34<br/>Descent time: 00:19<br/></p>]]></desc>
<sym>Waypoint</sym>
<type>Finishing Point</type>
<extensions>
<om:oruxmapsextensions>
<om:ext type="ICON" subtype="0">15</om:ext>
</om:oruxmapsextensions>
</extensions>
</wpt>
<wpt lat="41.4235267" lon="2.1433817">
<ele>172.58</ele>
<time>2025-10-03T15:49:29.831Z</time>
<name><![CDATA[]]></name>
<sym>Waypoint</sym>
<type>Starting Point</type>
<extensions>
<om:oruxmapsextensions>
<om:ext type="ICON" subtype="0">38</om:ext>
</om:oruxmapsextensions>
</extensions>
</wpt>
<wpt lat="41.4153000" lon="2.1647117">
<ele>121.11</ele>
<time>2025-10-03T16:18:43.397Z</time>
<name><![CDATA[]]></name>
<desc><![CDATA[<p><br /><h3>Name: Segment: 11</h3><br />Type: Walking<br/>Start time: 17:49 Oct 3, 2025<br/>Finish time: 18:18 Oct 3, 2025<br/>Distance: 2.7km (00:29)<br/>Moving time: 00:29<br/>Average speed: 5.49 km/h<br/>Speed in Movement: 5.49 km/h<br/>Maximum Speed: 7.92 km/h<br/>Minimum altitude: 124 m<br/>Maximum altitude: 202 m<br/>Ascent speed: 615.5 m/h<br/>Descent speed: 479.7 m/h<br/>Elevation gain: 102 m<br/>Elevation loss: 151 m<br/>Ascent time: 00:10<br/>Descent time: 00:18<br/></p>]]></desc>
<sym>Waypoint</sym>
<type>Finishing Point</type>
<extensions>
<om:oruxmapsextensions>
<om:ext type="ICON" subtype="0">15</om:ext>
</om:oruxmapsextensions>
</extensions>
</wpt>
<wpt lat="41.4153000" lon="2.1647117">
<ele>121.11</ele>
<time>2025-10-03T16:48:03.457Z</time>
<name><![CDATA[]]></name>
<desc><![CDATA[<p><br /><h3>Name: Segment: 11</h3><br />Type: Walking<br/>Start time: 17:49 Oct 3, 2025<br/>Finish time: 18:18 Oct 3, 2025<br/>Distance: 2.7km (00:29)<br/>Moving time: 00:29<br/>Average speed: 5.49 km/h<br/>Speed in Movement: 5.49 km/h<br/>Maximum Speed: 7.92 km/h<br/>Minimum altitude: 124 m<br/>Maximum altitude: 202 m<br/>Ascent speed: 615.5 m/h<br/>Descent speed: 479.7 m/h<br/>Elevation gain: 102 m<br/>Elevation loss: 151 m<br/>Ascent time: 00:10<br/>Descent time: 00:18<br/></p>]]></desc>
<sym>Waypoint</sym>
<type>Finishing Point</type>
<extensions>
<om:oruxmapsextensions>
<om:ext type="ICON" subtype="0">15</om:ext>
</om:oruxmapsextensions>
</extensions>
</wpt>
<wpt lat="41.4121667" lon="2.1652017">
<ele>78.37</ele>
<time>2025-10-03T16:48:04.221Z</time>
<name><![CDATA[]]></name>
<sym>Waypoint</sym>
<type>Starting Point</type>
<extensions>
<om:oruxmapsextensions>
<om:ext type="ICON" subtype="0">38</om:ext>
</om:oruxmapsextensions>
</extensions>
</wpt>
<wpt lat="41.3869550" lon="2.1808283">
<ele>3.21</ele>
<time>2025-10-03T17:52:08.402Z</time>
<name><![CDATA[]]></name>
<desc><![CDATA[<p><br /><h3>Name: Segment: 12</h3><br />Type: Walking<br/>Start time: 18:48 Oct 3, 2025<br/>Finish time: 19:16 Oct 3, 2025<br/>Distance: 4.7km (00:28)<br/>Moving time: 00:24<br/>Average speed: 9.95 km/h<br/>Speed in Movement: 11.19 km/h<br/>Maximum Speed: 36.75 km/h<br/>Minimum altitude: -21 m<br/>Maximum altitude: 78 m<br/>Ascent speed: 483.0 m/h<br/>Descent speed: 722.7 m/h<br/>Elevation gain: 70 m<br/>Elevation loss: 151 m<br/>Ascent time: 00:08<br/>Descent time: 00:12<br/></p>]]></desc>
<sym>Waypoint</sym>
<type>Finishing Point</type>
<extensions>
<om:oruxmapsextensions>
<om:ext type="ICON" subtype="0">15</om:ext>
</om:oruxmapsextensions>
</extensions>
</wpt>
<wpt lat="41.3869550" lon="2.1808283">
<ele>3.21</ele>
<time>2025-10-03T20:46:26.169Z</time>
<name><![CDATA[]]></name>
<desc><![CDATA[<p><br /><h3>Name: Segment: 12</h3><br />Type: Walking<br/>Start time: 18:48 Oct 3, 2025<br/>Finish time: 19:16 Oct 3, 2025<br/>Distance: 4.7km (00:28)<br/>Moving time: 00:24<br/>Average speed: 9.95 km/h<br/>Speed in Movement: 11.19 km/h<br/>Maximum Speed: 36.75 km/h<br/>Minimum altitude: -21 m<br/>Maximum altitude: 78 m<br/>Ascent speed: 483.0 m/h<br/>Descent speed: 722.7 m/h<br/>Elevation gain: 70 m<br/>Elevation loss: 151 m<br/>Ascent time: 00:08<br/>Descent time: 00:12<br/></p>]]></desc>
<sym>Waypoint</sym>
<type>Finishing Point</type>
<extensions>
<om:oruxmapsextensions>
<om:ext type="ICON" subtype="0">15</om:ext>
</om:oruxmapsextensions>
</extensions>
</wpt>
<wpt lat="41.3860600" lon="2.1813317">
<ele>0.62</ele>
<time>2025-10-03T20:46:27.631Z</time>
<name><![CDATA[]]></name>
<sym>Waypoint</sym>
<type>Starting Point</type>
<extensions>
<om:oruxmapsextensions>
<om:ext type="ICON" subtype="0">38</om:ext>
</om:oruxmapsextensions>
</extensions>
</wpt>
<wpt lat="41.4150350" lon="2.1657533">
<ele>122.41</ele>
<time>2025-10-03T21:03:44.066Z</time>
<name><![CDATA[]]></name>
<desc><![CDATA[<p><br /><h3>Name: Segment: 13</h3><br />Type: Walking<br/>Start time: 22:46 Oct 3, 2025<br/>Finish time: 23:03 Oct 3, 2025<br/>Distance: 4.2km (00:17)<br/>Moving time: 00:16<br/>Average speed: 14.81 km/h<br/>Speed in Movement: 14.97 km/h<br/>Maximum Speed: 26.34 km/h<br/>Minimum altitude: -3 m<br/>Maximum altitude: 151 m<br/>Ascent speed: 1365.1 m/h<br/>Descent speed: 1494.2 m/h<br/>Elevation gain: 194 m<br/>Elevation loss: 81 m<br/>Ascent time: 00:08<br/>Descent time: 00:03<br/></p>]]></desc>
<sym>Waypoint</sym>
<type>Finishing Point</type>
<extensions>
<om:oruxmapsextensions>
<om:ext type="ICON" subtype="0">15</om:ext>
</om:oruxmapsextensions>
</extensions>
</wpt>
<trk>
<name><![CDATA[2025-09-22 18:44:24]]></name>
<desc><![CDATA[<p>Type: Walking<br/>Start time: 18:44 Sep 22, 2025<br/>Finish time: 23:03 Oct 3, 2025<br/>Distance: 77.6 km (107:47)<br/>Moving time: 104:09<br/>Average speed: 0.72 km/h<br/>Speed in Movement: 0.74 km/h<br/>Maximum Speed: 38.37 km/h<br/>Minimum altitude: -21 m<br/>Maximum altitude: 202 m<br/>Ascent speed: 584.6 m/h<br/>Descent speed: 376.7 m/h<br/>Elevation gain: 2144 m<br/>Elevation loss: 2218 m<br/>Ascent time: 03:40<br/>Descent time: 05:53<br/></p><hr align="center" width="480" style="height: 2px; width: 517px"/>]]></desc>
<type>Walking</type>
<extensions>
<om:oruxmapsextensions>
<om:ext type="TYPE" subtype="0">13</om:ext>
<om:ext type="DIFFICULTY">0</om:ext>
</om:oruxmapsextensions>
</extensions>
<trkseg>
<trkpt lat="41.4150317" lon="2.1651450">
<ele>121.18</ele>
<time>2025-09-22T16:44:28.576Z</time>
</trkpt>
<trkpt lat="41.4149350" lon="2.1653650">
<ele>117.58</ele>
<time>2025-09-22T16:44:50.000Z</time>
</trkpt>
<trkpt lat="41.4149600" lon="2.1656317">
<ele>119.10</ele>
<time>2025-09-22T16:44:57.000Z</time>
</trkpt>
<trkpt lat="41.4149017" lon="2.1653867">
<ele>118.06</ele>
<time>2025-09-22T16:45:11.000Z</time>
</trkpt>
<trkpt lat="41.4148883" lon="2.1651183">
<ele>116.63</ele>
<time>2025-09-22T16:45:14.000Z</time>
</trkpt>
<trkpt lat="41.4148650" lon="2.1648550">
<ele>115.99</ele>
<time>2025-09-22T16:45:17.000Z</time>
</trkpt>
<trkpt lat="41.4148333" lon="2.1645900">
<ele>114.52</ele>
<time>2025-09-22T16:45:20.000Z</time>
</trkpt>
<trkpt lat="41.4147867" lon="2.1643533">
<ele>113.35</ele>
<time>2025-09-22T16:45:23.000Z</time>
</trkpt>
<trkpt lat="41.4147333" lon="2.1640950">
<ele>112.24</ele>
<time>2025-09-22T16:45:26.000Z</time>
</trkpt>
<trkpt lat="41.4146750" lon="2.1638450">
<ele>111.14</ele>
<time>2025-09-22T16:45:29.000Z</time>
</trkpt>
<trkpt lat="41.4146217" lon="2.1635933">
<ele>109.69</ele>
<time>2025-09-22T16:45:32.000Z</time>
</trkpt>
<trkpt lat="41.4145500" lon="2.1633383">
<ele>108.44</ele>
<time>2025-09-22T16:45:35.000Z</time>
</trkpt>
<trkpt lat="41.4144717" lon="2.1631200">
<ele>106.77</ele>
<time>2025-09-22T16:45:41.000Z</time>
</trkpt>
<trkpt lat="41.4144000" lon="2.1628850">
<ele>107.29</ele>
<time>2025-09-22T16:46:09.000Z</time>
</trkpt>
<trkpt lat="41.4142817" lon="2.1627000">
<ele>107.76</ele>
<time>2025-09-22T16:46:13.000Z</time>
</trkpt>
<trkpt lat="41.4142033" lon="2.1624267">
<ele>107.64</ele>
<time>2025-09-22T16:46:17.000Z</time>
</trkpt>
<trkpt lat="41.4141550" lon="2.1621367">
<ele>106.97</ele>
<time>2025-09-22T16:46:21.000Z</time>
</trkpt>
<trkpt lat="41.4140667" lon="2.1618983">
<ele>107.34</ele>
<time>2025-09-22T16:46:25.000Z</time>
</trkpt>
<trkpt lat="41.4139650" lon="2.1616867">
<ele>107.38</ele>
<time>2025-09-22T16:46:30.000Z</time>
</trkpt>
<trkpt lat="41.4138683" lon="2.1614233">
<ele>108.41</ele>
<time>2025-09-22T16:46:34.000Z</time>
</trkpt>
<trkpt lat="41.4137450" lon="2.1612483">
<ele>109.40</ele>
<time>2025-09-22T16:46:37.000Z</time>
</trkpt>
<trkpt lat="41.4136183" lon="2.1610400">
<ele>109.98</ele>
<time>2025-09-22T16:46:40.000Z</time>
</trkpt>
<trkpt lat="41.4134717" lon="2.1608150">
<ele>109.97</ele>
<time>2025-09-22T16:46:43.000Z</time>
</trkpt>
<trkpt lat="41.4132767" lon="2.1605917">
<ele>108.54</ele>
<time>2025-09-22T16:46:46.000Z</time>
</trkpt>
<trkpt lat="41.4131233" lon="2.1603717">
<ele>109.40</ele>
<time>2025-09-22T16:46:49.000Z</time>
</trkpt>
<trkpt lat="41.4130000" lon="2.1601750">
<ele>109.35</ele>
<time>2025-09-22T16:46:52.000Z</time>
</trkpt>
<trkpt lat="41.4128467" lon="2.1599683">
<ele>107.63</ele>
<time>2025-09-22T16:46:57.000Z</time>
</trkpt>
<trkpt lat="41.4127450" lon="2.1597450">
<ele>104.07</ele>
<time>2025-09-22T16:47:04.000Z</time>
</trkpt>
<trkpt lat="41.4126100" lon="2.1595483">
<ele>102.27</ele>
<time>2025-09-22T16:47:12.000Z</time>
</trkpt>
<trkpt lat="41.4124900" lon="2.1593400">
<ele>100.49</ele>
<time>2025-09-22T16:47:16.000Z</time>
</trkpt>
<trkpt lat="41.4123317" lon="2.1591067">
<ele>97.17</ele>
<time>2025-09-22T16:47:20.000Z</time>
</trkpt>
<trkpt lat="41.4122033" lon="2.1588817">
<ele>94.31</ele>
<time>2025-09-22T16:47:24.000Z</time>
</trkpt>
<trkpt lat="41.4120850" lon="2.1586917">
<ele>91.22</ele>
<time>2025-09-22T16:47:31.000Z</time>
</trkpt>
<trkpt lat="41.4119467" lon="2.1584550">
<ele>90.25</ele>
<time>2025-09-22T16:47:36.000Z</time>
</trkpt>
<trkpt lat="41.4118167" lon="2.1582650">
<ele>89.31</ele>
<time>2025-09-22T16:47:39.000Z</time>
</trkpt>
<trkpt lat="41.4116933" lon="2.1580750">
<ele>87.92</ele>
<time>2025-09-22T16:47:42.000Z</time>
</trkpt>
<trkpt lat="41.4115600" lon="2.1578233">
<ele>86.89</ele>
<time>2025-09-22T16:47:46.000Z</time>
</trkpt>
<trkpt lat="41.4114167" lon="2.1576233">
<ele>87.71</ele>
<time>2025-09-22T16:47:52.000Z</time>
</trkpt>
<trkpt lat="41.4112500" lon="2.1574367">
<ele>87.27</ele>
<time>2025-09-22T16:47:59.000Z</time>
</trkpt>
<trkpt lat="41.4111317" lon="2.1572150">
<ele>87.95</ele>
<time>2025-09-22T16:48:03.000Z</time>
</trkpt>
<trkpt lat="41.4109950" lon="2.1569967">
<ele>87.61</ele>
<time>2025-09-22T16:48:07.000Z</time>
</trkpt>
<trkpt lat="41.4108783" lon="2.1568117">
<ele>87.40</ele>
<time>2025-09-22T16:48:10.000Z</time>
</trkpt>
<trkpt lat="41.4107583" lon="2.1565933">
<ele>87.01</ele>
<time>2025-09-22T16:48:13.000Z</time>
</trkpt>
<trkpt lat="41.4106333" lon="2.1563933">
<ele>86.30</ele>
<time>2025-09-22T16:48:16.000Z</time>
</trkpt>
<trkpt lat="41.4104917" lon="2.1562117">
<ele>85.90</ele>
<time>2025-09-22T16:48:19.000Z</time>
</trkpt>
<trkpt lat="41.4103483" lon="2.1560283">
<ele>85.89</ele>
<time>2025-09-22T16:48:22.000Z</time>
</trkpt>
<trkpt lat="41.4102050" lon="2.1558533">
<ele>85.83</ele>
<time>2025-09-22T16:48:25.000Z</time>
</trkpt>
<trkpt lat="41.4100717" lon="2.1556600">
<ele>86.02</ele>
<time>2025-09-22T16:48:28.000Z</time>
</trkpt>
<trkpt lat="41.4099383" lon="2.1554700">
<ele>86.15</ele>
<time>2025-09-22T16:48:31.000Z</time>
</trkpt>
<trkpt lat="41.4097933" lon="2.1552800">
<ele>85.74</ele>
<time>2025-09-22T16:48:34.000Z</time>
</trkpt>
<trkpt lat="41.4096650" lon="2.1550500">
<ele>85.59</ele>
<time>2025-09-22T16:48:37.000Z</time>
</trkpt>
<trkpt lat="41.4095367" lon="2.1548150">
<ele>84.85</ele>
<time>2025-09-22T16:48:40.000Z</time>
</trkpt>
<trkpt lat="41.4094383" lon="2.1545500">
<ele>85.09</ele>
<time>2025-09-22T16:48:43.000Z</time>
</trkpt>
<trkpt lat="41.4093650" lon="2.1542967">
<ele>84.39</ele>
<time>2025-09-22T16:48:46.000Z</time>
</trkpt>
<trkpt lat="41.4092900" lon="2.1540533">
<ele>83.79</ele>
<time>2025-09-22T16:48:49.000Z</time>
</trkpt>
<trkpt lat="41.4092050" lon="2.1538100">
<ele>82.17</ele>
<time>2025-09-22T16:48:52.000Z</time>
</trkpt>
<trkpt lat="41.4091133" lon="2.1535817">
<ele>82.47</ele>
<time>2025-09-22T16:48:55.000Z</time>
</trkpt>
<trkpt lat="41.4090217" lon="2.1533683">
<ele>83.87</ele>
<time>2025-09-22T16:48:58.000Z</time>
</trkpt>
<trkpt lat="41.4089400" lon="2.1531183">
<ele>84.56</ele>
<time>2025-09-22T16:49:01.000Z</time>
</trkpt>
<trkpt lat="41.4088500" lon="2.1528983">
<ele>84.81</ele>
<time>2025-09-22T16:49:04.000Z</time>
</trkpt>
<trkpt lat="41.4087767" lon="2.1526783">
<ele>87.88</ele>
<time>2025-09-22T16:49:13.000Z</time>
</trkpt>
<trkpt lat="41.4086733" lon="2.1524567">
<ele>82.76</ele>
<time>2025-09-22T16:49:46.000Z</time>
</trkpt>
<trkpt lat="41.4085717" lon="2.1522500">
<ele>84.57</ele>
<time>2025-09-22T16:49:50.000Z</time>
</trkpt>
<trkpt lat="41.4084800" lon="2.1519950">
<ele>85.73</ele>
<time>2025-09-22T16:49:54.000Z</time>
</trkpt>
<trkpt lat="41.4083633" lon="2.1517333">
<ele>87.27</ele>
<time>2025-09-22T16:49:58.000Z</time>
</trkpt>
<trkpt lat="41.4082383" lon="2.1514717">
<ele>88.30</ele>
<time>2025-09-22T16:50:02.000Z</time>
</trkpt>
<trkpt lat="41.4081467" lon="2.1512583">
<ele>87.73</ele>
<time>2025-09-22T16:50:05.000Z</time>
</trkpt>
<trkpt lat="41.4080567" lon="2.1510033">
<ele>86.72</ele>
<time>2025-09-22T16:50:08.000Z</time>
</trkpt>
<trkpt lat="41.4079833" lon="2.1507500">
<ele>85.11</ele>
<time>2025-09-22T16:50:11.000Z</time>
</trkpt>
<trkpt lat="41.4079017" lon="2.1505233">
<ele>83.85</ele>
<time>2025-09-22T16:50:14.000Z</time>
</trkpt>
<trkpt lat="41.4077700" lon="2.1503467">
<ele>84.84</ele>
<time>2025-09-22T16:50:18.000Z</time>
</trkpt>
<trkpt lat="41.4076100" lon="2.1501467">
<ele>87.01</ele>
<time>2025-09-22T16:50:23.000Z</time>
</trkpt>
<trkpt lat="41.4074533" lon="2.1499667">
<ele>88.20</ele>
<time>2025-09-22T16:50:27.000Z</time>
</trkpt>
<trkpt lat="41.4072483" lon="2.1498867">
<ele>89.08</ele>
<time>2025-09-22T16:50:31.000Z</time>
</trkpt>
<trkpt lat="41.4070217" lon="2.1498233">
<ele>88.26</ele>
<time>2025-09-22T16:50:35.000Z</time>
</trkpt>
<trkpt lat="41.4068733" lon="2.1496767">
<ele>87.17</ele>
<time>2025-09-22T16:50:38.000Z</time>
</trkpt>
<trkpt lat="41.4067167" lon="2.1495100">
<ele>84.76</ele>
<time>2025-09-22T16:50:43.000Z</time>
</trkpt>
<trkpt lat="41.4065583" lon="2.1493467">
<ele>85.57</ele>
<time>2025-09-22T16:51:19.000Z</time>
</trkpt>
<trkpt lat="41.4064233" lon="2.1491483">
<ele>87.19</ele>
<time>2025-09-22T16:51:30.000Z</time>
</trkpt>
<trkpt lat="41.4063617" lon="2.1488617">
<ele>87.71</ele>
<time>2025-09-22T16:51:36.000Z</time>
</trkpt>
<trkpt lat="41.4063000" lon="2.1485933">
<ele>88.07</ele>
<time>2025-09-22T16:51:41.000Z</time>
</trkpt>
<trkpt lat="41.4061850" lon="2.1483633">
<ele>87.58</ele>
<time>2025-09-22T16:51:45.000Z</time>
</trkpt>
<trkpt lat="41.4060383" lon="2.1481333">
<ele>87.70</ele>
<time>2025-09-22T16:51:49.000Z</time>
</trkpt>
<trkpt lat="41.4059817" lon="2.1478750">
<ele>87.39</ele>
<time>2025-09-22T16:51:53.000Z</time>
</trkpt>
<trkpt lat="41.4059400" lon="2.1476383">
<ele>85.12</ele>
<time>2025-09-22T16:51:58.000Z</time>
</trkpt>
<trkpt lat="41.4059083" lon="2.1473767">
<ele>85.04</ele>
<time>2025-09-22T16:52:02.000Z</time>
</trkpt>
<trkpt lat="41.4058933" lon="2.1470900">
<ele>84.42</ele>
<time>2025-09-22T16:52:06.000Z</time>
</trkpt>
<trkpt lat="41.4058983" lon="2.1467983">
<ele>83.52</ele>
<time>2025-09-22T16:52:11.000Z</time>
</trkpt>
<trkpt lat="41.4058717" lon="2.1465317">
<ele>83.84</ele>
<time>2025-09-22T16:52:15.000Z</time>
</trkpt>
<trkpt lat="41.4058100" lon="2.1462700">
<ele>83.03</ele>
<time>2025-09-22T16:52:19.000Z</time>
</trkpt>
<trkpt lat="41.4057717" lon="2.1460083">
<ele>83.12</ele>
<time>2025-09-22T16:52:24.000Z</time>
</trkpt>
<trkpt lat="41.4057767" lon="2.1457333">
<ele>84.17</ele>
<time>2025-09-22T16:52:31.000Z</time>
</trkpt>
<trkpt lat="41.4057283" lon="2.1454317">
<ele>88.18</ele>
<time>2025-09-22T16:52:35.000Z</time>
</trkpt>
<trkpt lat="41.4057117" lon="2.1451700">
<ele>88.32</ele>
<time>2025-09-22T16:52:38.000Z</time>
</trkpt>
<trkpt lat="41.4056617" lon="2.1448917">
<ele>87.45</ele>
<time>2025-09-22T16:52:41.000Z</time>
</trkpt>
<trkpt lat="41.4055967" lon="2.1446200">
<ele>87.58</ele>
<time>2025-09-22T16:52:44.000Z</time>
</trkpt>
<trkpt lat="41.4055467" lon="2.1443300">
<ele>87.70</ele>
<time>2025-09-22T16:52:47.000Z</time>
</trkpt>
<trkpt lat="41.4054883" lon="2.1440433">
<ele>86.61</ele>
<time>2025-09-22T16:52:50.000Z</time>
</trkpt>
<trkpt lat="41.4054300" lon="2.1437933">
<ele>87.52</ele>
<time>2025-09-22T16:52:53.000Z</time>
</trkpt>
<trkpt lat="41.4053567" lon="2.1435467">
<ele>88.58</ele>
<time>2025-09-22T16:52:56.000Z</time>
</trkpt>
<trkpt lat="41.4052967" lon="2.1432867">
<ele>89.61</ele>
<time>2025-09-22T16:52:59.000Z</time>
</trkpt>
<trkpt lat="41.4052483" lon="2.1429933">
<ele>90.56</ele>
<time>2025-09-22T16:53:02.000Z</time>
</trkpt>
<trkpt lat="41.4051917" lon="2.1426867">
<ele>90.25</ele>
<time>2025-09-22T16:53:05.000Z</time>
</trkpt>
<trkpt lat="41.4051233" lon="2.1424283">
<ele>89.99</ele>
<time>2025-09-22T16:53:08.000Z</time>
</trkpt>
<trkpt lat="41.4050467" lon="2.1421600">
<ele>89.00</ele>
<time>2025-09-22T16:53:11.000Z</time>
</trkpt>
<trkpt lat="41.4049633" lon="2.1418750">
<ele>87.87</ele>
<time>2025-09-22T16:53:14.000Z</time>
</trkpt>
<trkpt lat="41.4048800" lon="2.1416100">
<ele>86.92</ele>
<time>2025-09-22T16:53:17.000Z</time>
</trkpt>
<trkpt lat="41.4047767" lon="2.1413483">
<ele>85.49</ele>
<time>2025-09-22T16:53:20.000Z</time>
</trkpt>
<trkpt lat="41.4046767" lon="2.1411217">
<ele>84.36</ele>
<time>2025-09-22T16:53:23.000Z</time>
</trkpt>
<trkpt lat="41.4045667" lon="2.1409133">
<ele>83.95</ele>
<time>2025-09-22T16:53:26.000Z</time>
</trkpt>
<trkpt lat="41.4044817" lon="2.1406833">
<ele>83.90</ele>
<time>2025-09-22T16:53:29.000Z</time>
</trkpt>
<trkpt lat="41.4044050" lon="2.1404633">
<ele>85.11</ele>
<time>2025-09-22T16:53:34.000Z</time>
</trkpt>
<trkpt lat="41.4042933" lon="2.1402733">
<ele>85.98</ele>
<time>2025-09-22T16:53:44.000Z</time>
</trkpt>
<trkpt lat="41.4041717" lon="2.1400867">
<ele>87.78</ele>
<time>2025-09-22T16:53:49.000Z</time>
</trkpt>
<trkpt lat="41.4040667" lon="2.1398883">
<ele>89.85</ele>
<time>2025-09-22T16:53:54.000Z</time>
</trkpt>
<trkpt lat="41.4039733" lon="2.1396717">
<ele>92.56</ele>
<time>2025-09-22T16:53:59.000Z</time>
</trkpt>
<trkpt lat="41.4038567" lon="2.1394533">
<ele>93.84</ele>
<time>2025-09-22T16:54:04.000Z</time>
</trkpt>
<trkpt lat="41.4037300" lon="2.1392717">
<ele>94.48</ele>
<time>2025-09-22T16:54:09.000Z</time>
</trkpt>
<trkpt lat="41.4035933" lon="2.1390883">
<ele>94.84</ele>
<time>2025-09-22T16:54:14.000Z</time>
</trkpt>
<trkpt lat="41.4034467" lon="2.1389217">
<ele>94.16</ele>
<time>2025-09-22T16:54:19.000Z</time>
</trkpt>
<trkpt lat="41.4032867" lon="2.1387383">
<ele>92.72</ele>
<time>2025-09-22T16:54:24.000Z</time>
</trkpt>
<trkpt lat="41.4031150" lon="2.1385633">
<ele>91.58</ele>
<time>2025-09-22T16:54:29.000Z</time>
</trkpt>
<trkpt lat="41.4029633" lon="2.1383900">
<ele>90.35</ele>
<time>2025-09-22T16:54:34.000Z</time>
</trkpt>
<trkpt lat="41.4028133" lon="2.1381700">
<ele>90.14</ele>
<time>2025-09-22T16:54:39.000Z</time>
</trkpt>
<trkpt lat="41.4027200" lon="2.1379350">
<ele>89.81</ele>
<time>2025-09-22T16:54:43.000Z</time>
</trkpt>
<trkpt lat="41.4025517" lon="2.1377517">
<ele>89.85</ele>
<time>2025-09-22T16:54:47.000Z</time>
</trkpt>
<trkpt lat="41.4023717" lon="2.1376167">
<ele>89.68</ele>
<time>2025-09-22T16:54:50.000Z</time>
</trkpt>
<trkpt lat="41.4022067" lon="2.1374433">
<ele>89.67</ele>
<time>2025-09-22T16:54:53.000Z</time>
</trkpt>
<trkpt lat="41.4020400" lon="2.1372317">
<ele>89.42</ele>
<time>2025-09-22T16:54:56.000Z</time>
</trkpt>
<trkpt lat="41.4018633" lon="2.1370233">
<ele>89.26</ele>
<time>2025-09-22T16:54:59.000Z</time>
</trkpt>
<trkpt lat="41.4016800" lon="2.1368033">
<ele>88.82</ele>
<time>2025-09-22T16:55:02.000Z</time>
</trkpt>
<trkpt lat="41.4015017" lon="2.1365867">
<ele>88.27</ele>
<time>2025-09-22T16:55:05.000Z</time>
</trkpt>
<trkpt lat="41.4013367" lon="2.1363867">
<ele>88.25</ele>
<time>2025-09-22T16:55:08.000Z</time>
</trkpt>
<trkpt lat="41.4011933" lon="2.1361217">
<ele>88.46</ele>
<time>2025-09-22T16:55:11.000Z</time>
</trkpt>
<trkpt lat="41.4010433" lon="2.1358833">
<ele>87.25</ele>
<time>2025-09-22T16:55:14.000Z</time>
</trkpt>
<trkpt lat="41.4008583" lon="2.1356883">
<ele>85.63</ele>
<time>2025-09-22T16:55:17.000Z</time>
</trkpt>
<trkpt lat="41.4007050" lon="2.1354917">
<ele>84.28</ele>
<time>2025-09-22T16:55:20.000Z</time>
</trkpt>
<trkpt lat="41.4005767" lon="2.1352750">
<ele>82.02</ele>
<time>2025-09-22T16:55:24.000Z</time>
</trkpt>
<trkpt lat="41.4004300" lon="2.1351317">
<ele>83.65</ele>
<time>2025-09-22T16:56:14.000Z</time>
</trkpt>
<trkpt lat="41.4002800" lon="2.1349800">
<ele>86.74</ele>
<time>2025-09-22T16:56:22.000Z</time>
</trkpt>
<trkpt lat="41.4001517" lon="2.1347900">
<ele>89.70</ele>
<time>2025-09-22T16:56:32.000Z</time>
</trkpt>
<trkpt lat="41.3999883" lon="2.1346483">
<ele>92.92</ele>
<time>2025-09-22T16:56:48.000Z</time>
</trkpt>
<trkpt lat="41.3998600" lon="2.1344633">
<ele>92.60</ele>
<time>2025-09-22T16:56:54.000Z</time>
</trkpt>
<trkpt lat="41.3997200" lon="2.1343050">
<ele>91.93</ele>
<time>2025-09-22T16:56:58.000Z</time>
</trkpt>
<trkpt lat="41.3995733" lon="2.1341283">
<ele>89.38</ele>
<time>2025-09-22T16:57:04.000Z</time>
</trkpt>
<trkpt lat="41.3996983" lon="2.1339417">
<ele>91.99</ele>
<time>2025-09-22T16:57:11.000Z</time>
</trkpt>
<trkpt lat="41.3998917" lon="2.1337883">
<ele>94.43</ele>
<time>2025-09-22T16:57:16.000Z</time>
</trkpt>
<trkpt lat="41.4000700" lon="2.1336667">
<ele>95.14</ele>
<time>2025-09-22T16:57:20.000Z</time>
</trkpt>
<trkpt lat="41.4002417" lon="2.1335300">
<ele>96.39</ele>
<time>2025-09-22T16:57:24.000Z</time>
</trkpt>
<trkpt lat="41.4004317" lon="2.1334117">
<ele>97.19</ele>
<time>2025-09-22T16:57:29.000Z</time>
</trkpt>
<trkpt lat="41.4006050" lon="2.1332583">
<ele>97.74</ele>
<time>2025-09-22T16:57:37.000Z</time>
</trkpt>
<trkpt lat="41.4007700" lon="2.1331083">
<ele>97.47</ele>
<time>2025-09-22T16:57:42.000Z</time>
</trkpt>
<trkpt lat="41.4009150" lon="2.1329567">
<ele>96.85</ele>
<time>2025-09-22T16:57:46.000Z</time>
</trkpt>
<trkpt lat="41.4010817" lon="2.1328383">
<ele>100.45</ele>
<time>2025-09-22T16:57:50.000Z</time>
</trkpt>
<trkpt lat="41.4012800" lon="2.1327083">
<ele>104.95</ele>
<time>2025-09-22T16:57:55.000Z</time>
</trkpt>
<trkpt lat="41.4014400" lon="2.1325800">
<ele>104.57</ele>
<time>2025-09-22T16:57:59.000Z</time>
</trkpt>
<trkpt lat="41.4016117" lon="2.1324467">
<ele>105.62</ele>
<time>2025-09-22T16:58:03.000Z</time>
</trkpt>
<trkpt lat="41.4017783" lon="2.1323033">
<ele>108.69</ele>
<time>2025-09-22T16:58:07.000Z</time>
</trkpt>
<trkpt lat="41.4019417" lon="2.1321217">
<ele>112.91</ele>
<time>2025-09-22T16:58:12.000Z</time>
</trkpt>
<trkpt lat="41.4020917" lon="2.1319717">
<ele>114.76</ele>
<time>2025-09-22T16:58:17.000Z</time>
</trkpt>
<trkpt lat="41.4022550" lon="2.1318583">
<ele>116.39</ele>
<time>2025-09-22T16:58:22.000Z</time>
</trkpt>
<trkpt lat="41.4024383" lon="2.1317483">
<ele>116.26</ele>
<time>2025-09-22T16:58:27.000Z</time>
</trkpt>
<trkpt lat="41.4026100" lon="2.1316600">
<ele>114.81</ele>
<time>2025-09-22T16:58:32.000Z</time>
</trkpt>
<trkpt lat="41.4027783" lon="2.1315000">
<ele>121.40</ele>
<time>2025-09-22T16:58:39.000Z</time>
</trkpt>
<trkpt lat="41.4029567" lon="2.1313750">
<ele>124.87</ele>
<time>2025-09-22T16:58:45.000Z</time>
</trkpt>
<trkpt lat="41.4031300" lon="2.1312833">
<ele>137.45</ele>
<time>2025-09-22T16:58:52.000Z</time>
</trkpt>
<trkpt lat="41.4032717" lon="2.1311333">
<ele>138.55</ele>
<time>2025-09-22T16:58:57.000Z</time>
</trkpt>
<trkpt lat="41.4034133" lon="2.1309850">
<ele>134.20</ele>
<time>2025-09-22T16:59:02.000Z</time>
</trkpt>
<trkpt lat="41.4035800" lon="2.1308633">
<ele>131.48</ele>
<time>2025-09-22T16:59:08.000Z</time>
</trkpt>
<trkpt lat="41.4037483" lon="2.1307567">
<ele>129.22</ele>
<time>2025-09-22T16:59:14.000Z</time>
</trkpt>
<trkpt lat="41.4039200" lon="2.1306333">
<ele>128.46</ele>
<time>2025-09-22T16:59:22.000Z</time>
</trkpt>
<trkpt lat="41.4040783" lon="2.1305167">
<ele>136.79</ele>
<time>2025-09-22T16:59:29.000Z</time>
</trkpt>
<trkpt lat="41.4042567" lon="2.1304067">
<ele>151.62</ele>
<time>2025-09-22T16:59:37.000Z</time>
</trkpt>
<trkpt lat="41.4044367" lon="2.1302383">
<ele>158.61</ele>
<time>2025-09-22T16:59:44.000Z</time>
</trkpt>
<trkpt lat="41.4046000" lon="2.1301133">
<ele>151.67</ele>
<time>2025-09-22T16:59:50.000Z</time>
</trkpt>
<trkpt lat="41.4047817" lon="2.1302217">
<ele>144.13</ele>
<time>2025-09-22T17:00:05.000Z</time>
</trkpt>
<trkpt lat="41.4049233" lon="2.1303933">
<ele>144.74</ele>
<time>2025-09-22T17:00:11.000Z</time>
</trkpt>
<trkpt lat="41.4050417" lon="2.1305867">
<ele>139.79</ele>
<time>2025-09-22T17:00:25.000Z</time>
</trkpt>
<trkpt lat="41.4051383" lon="2.1308067">
<ele>140.56</ele>
<time>2025-09-22T17:00:35.000Z</time>
</trkpt>
<trkpt lat="41.4052783" lon="2.1310250">
<ele>139.25</ele>
<time>2025-09-22T17:00:40.000Z</time>
</trkpt>
<trkpt lat="41.4054133" lon="2.1312267">
<ele>138.05</ele>
<time>2025-09-22T17:00:44.000Z</time>
</trkpt>
<trkpt lat="41.4055550" lon="2.1314450">
<ele>136.22</ele>
<time>2025-09-22T17:00:48.000Z</time>
</trkpt>
<trkpt lat="41.4056733" lon="2.1317017">
<ele>134.00</ele>
<time>2025-09-22T17:00:52.000Z</time>
</trkpt>
<trkpt lat="41.4057600" lon="2.1319250">
<ele>132.53</ele>
<time>2025-09-22T17:00:55.000Z</time>
</trkpt>
<trkpt lat="41.4058933" lon="2.1321633">
<ele>130.88</ele>
<time>2025-09-22T17:00:59.000Z</time>
</trkpt>
<trkpt lat="41.4059783" lon="2.1323967">
<ele>129.09</ele>
<time>2025-09-22T17:01:04.000Z</time>
</trkpt>
<trkpt lat="41.4060833" lon="2.1326083">
<ele>128.11</ele>
<time>2025-09-22T17:01:14.000Z</time>
</trkpt>
<trkpt lat="41.4062283" lon="2.1327917">
<ele>130.18</ele>
<time>2025-09-22T17:01:35.000Z</time>
</trkpt>
<trkpt lat="41.4063600" lon="2.1330000">
<ele>131.07</ele>
<time>2025-09-22T17:01:47.000Z</time>
</trkpt>
<trkpt lat="41.4063933" lon="2.1332433">
<ele>131.29</ele>
<time>2025-09-22T17:01:54.000Z</time>
</trkpt>
<trkpt lat="41.4062283" lon="2.1334683">
<ele>131.52</ele>
<time>2025-09-22T17:01:58.000Z</time>
</trkpt>
<trkpt lat="41.4061033" lon="2.1336433">
<ele>131.44</ele>
<time>2025-09-22T17:02:01.000Z</time>
</trkpt>
<trkpt lat="41.4059633" lon="2.1339050">
<ele>130.76</ele>
<time>2025-09-22T17:02:05.000Z</time>
</trkpt>
<trkpt lat="41.4058233" lon="2.1341600">
<ele>130.01</ele>
<time>2025-09-22T17:02:09.000Z</time>
</trkpt>
<trkpt lat="41.4057133" lon="2.1343583">
<ele>129.95</ele>
<time>2025-09-22T17:02:12.000Z</time>
</trkpt>
<trkpt lat="41.4056000" lon="2.1345667">
<ele>129.69</ele>
<time>2025-09-22T17:02:15.000Z</time>
</trkpt>
<trkpt lat="41.4054617" lon="2.1347650">
<ele>127.75</ele>
<time>2025-09-22T17:02:20.000Z</time>
</trkpt>
<trkpt lat="41.4053567" lon="2.1349833">
<ele>127.48</ele>
<time>2025-09-22T17:02:28.000Z</time>
</trkpt>
<trkpt lat="41.4052167" lon="2.1351683">
<ele>128.42</ele>
<time>2025-09-22T17:02:32.000Z</time>
</trkpt>
<trkpt lat="41.4050617" lon="2.1353183">
<ele>129.41</ele>
<time>2025-09-22T17:02:36.000Z</time>
</trkpt>
<trkpt lat="41.4049083" lon="2.1355150">
<ele>129.08</ele>
<time>2025-09-22T17:02:45.000Z</time>
</trkpt>
<trkpt lat="41.4047533" lon="2.1357183">
<ele>131.22</ele>
<time>2025-09-22T17:02:51.000Z</time>
</trkpt>
<trkpt lat="41.4045567" lon="2.1359417">
<ele>131.99</ele>
<time>2025-09-22T17:02:55.000Z</time>
</trkpt>
<trkpt lat="41.4043983" lon="2.1361250">
<ele>131.63</ele>
<time>2025-09-22T17:02:58.000Z</time>
</trkpt>
<trkpt lat="41.4042533" lon="2.1363217">
<ele>130.94</ele>
<time>2025-09-22T17:03:02.000Z</time>
</trkpt>
<trkpt lat="41.4041317" lon="2.1365650">
<ele>128.85</ele>
<time>2025-09-22T17:03:15.000Z</time>
</trkpt>
<trkpt lat="41.4039467" lon="2.1366483">
<ele>122.37</ele>
<time>2025-09-22T17:03:22.000Z</time>
</trkpt>
<trkpt lat="41.4038050" lon="2.1368267">
<ele>123.22</ele>
<time>2025-09-22T17:03:28.000Z</time>
</trkpt>
<trkpt lat="41.4036650" lon="2.1369900">
<ele>122.15</ele>
<time>2025-09-22T17:03:32.000Z</time>
</trkpt>
<trkpt lat="41.4035100" lon="2.1371633">
<ele>118.89</ele>
<time>2025-09-22T17:03:43.000Z</time>
</trkpt>
<trkpt lat="41.4033783" lon="2.1373350">
<ele>116.73</ele>
<time>2025-09-22T17:03:48.000Z</time>
</trkpt>
<trkpt lat="41.4032300" lon="2.1375000">
<ele>115.26</ele>
<time>2025-09-22T17:03:53.000Z</time>
</trkpt>
<trkpt lat="41.4031167" lon="2.1377067">
<ele>110.45</ele>
<time>2025-09-22T17:04:28.000Z</time>
</trkpt>
<trkpt lat="41.4029733" lon="2.1379133">
<ele>109.95</ele>
<time>2025-09-22T17:04:32.000Z</time>
</trkpt>
<trkpt lat="41.4027783" lon="2.1380367">
<ele>110.17</ele>
<time>2025-09-22T17:04:36.000Z</time>
</trkpt>
<trkpt lat="41.4025983" lon="2.1382317">
<ele>110.49</ele>
<time>2025-09-22T17:04:40.000Z</time>
</trkpt>
<trkpt lat="41.4024733" lon="2.1384483">
<ele>111.04</ele>
<time>2025-09-22T17:04:43.000Z</time>
</trkpt>
<trkpt lat="41.4023567" lon="2.1386533">
<ele>111.58</ele>
<time>2025-09-22T17:04:46.000Z</time>
</trkpt>
<trkpt lat="41.4022467" lon="2.1388450">
<ele>111.86</ele>
<time>2025-09-22T17:04:49.000Z</time>
</trkpt>
<trkpt lat="41.4021050" lon="2.1390150">
<ele>112.92</ele>
<time>2025-09-22T17:04:52.000Z</time>
</trkpt>
<trkpt lat="41.4019533" lon="2.1392133">
<ele>112.70</ele>
<time>2025-09-22T17:04:55.000Z</time>
</trkpt>
<trkpt lat="41.4017817" lon="2.1394033">
<ele>112.06</ele>
<time>2025-09-22T17:04:58.000Z</time>
</trkpt>
<trkpt lat="41.4016267" lon="2.1396000">
<ele>109.53</ele>
<time>2025-09-22T17:05:01.000Z</time>
</trkpt>
<trkpt lat="41.4014767" lon="2.1398050">
<ele>106.67</ele>
<time>2025-09-22T17:05:04.000Z</time>
</trkpt>
<trkpt lat="41.4013317" lon="2.1400350">
<ele>104.36</ele>
<time>2025-09-22T17:05:07.000Z</time>
</trkpt>
<trkpt lat="41.4011617" lon="2.1402867">
<ele>101.95</ele>
<time>2025-09-22T17:05:10.000Z</time>
</trkpt>
<trkpt lat="41.4009650" lon="2.1405350">
<ele>99.11</ele>
<time>2025-09-22T17:05:13.000Z</time>
</trkpt>
<trkpt lat="41.4008200" lon="2.1407133">
<ele>97.54</ele>
<time>2025-09-22T17:05:15.000Z</time>
</trkpt>
<trkpt lat="41.4006833" lon="2.1408983">
<ele>96.20</ele>
<time>2025-09-22T17:05:17.000Z</time>
</trkpt>
<trkpt lat="41.4005483" lon="2.1410883">
<ele>94.89</ele>
<time>2025-09-22T17:05:19.000Z</time>
</trkpt>
<trkpt lat="41.4004250" lon="2.1412717">
<ele>93.73</ele>
<time>2025-09-22T17:05:21.000Z</time>
</trkpt>
<trkpt lat="41.4002933" lon="2.1414483">
<ele>92.42</ele>
<time>2025-09-22T17:05:23.000Z</time>
</trkpt>
<trkpt lat="41.4001633" lon="2.1416250">
<ele>90.86</ele>
<time>2025-09-22T17:05:25.000Z</time>
</trkpt>
<trkpt lat="41.4000200" lon="2.1417767">
<ele>89.59</ele>
<time>2025-09-22T17:05:27.000Z</time>
</trkpt>
<trkpt lat="41.3998850" lon="2.1419417">
<ele>88.63</ele>
<time>2025-09-22T17:05:29.000Z</time>
</trkpt>
<trkpt lat="41.3997033" lon="2.1421917">
<ele>87.28</ele>
<time>2025-09-22T17:05:32.000Z</time>
</trkpt>
<trkpt lat="41.3995117" lon="2.1424183">
<ele>85.66</ele>
<time>2025-09-22T17:05:35.000Z</time>
</trkpt>
<trkpt lat="41.3993433" lon="2.1426350">
<ele>83.43</ele>
<time>2025-09-22T17:05:38.000Z</time>
</trkpt>
<trkpt lat="41.3991750" lon="2.1428633">
<ele>81.62</ele>
<time>2025-09-22T17:05:41.000Z</time>
</trkpt>
<trkpt lat="41.3990233" lon="2.1431083">
<ele>78.86</ele>
<time>2025-09-22T17:05:44.000Z</time>
</trkpt>
<trkpt lat="41.3988350" lon="2.1433317">
<ele>77.12</ele>
<time>2025-09-22T17:05:47.000Z</time>
</trkpt>
<trkpt lat="41.3986650" lon="2.1435450">
<ele>74.81</ele>
<time>2025-09-22T17:05:50.000Z</time>
</trkpt>
<trkpt lat="41.3985283" lon="2.1437367">
<ele>72.72</ele>
<time>2025-09-22T17:05:53.000Z</time>
</trkpt>
<trkpt lat="41.3983850" lon="2.1439250">
<ele>70.80</ele>
<time>2025-09-22T17:05:58.000Z</time>
</trkpt>
<trkpt lat="41.3982483" lon="2.1441050">
<ele>71.15</ele>
<time>2025-09-22T17:06:08.000Z</time>
</trkpt>
<trkpt lat="41.3981267" lon="2.1443300">
<ele>70.71</ele>
<time>2025-09-22T17:06:13.000Z</time>
</trkpt>
<trkpt lat="41.3980150" lon="2.1445233">
<ele>69.62</ele>
<time>2025-09-22T17:06:16.000Z</time>
</trkpt>
<trkpt lat="41.3978517" lon="2.1447167">
<ele>68.04</ele>
<time>2025-09-22T17:06:19.000Z</time>
</trkpt>
<trkpt lat="41.3976950" lon="2.1449117">
<ele>66.92</ele>
<time>2025-09-22T17:06:22.000Z</time>
</trkpt>
<trkpt lat="41.3975717" lon="2.1450933">
<ele>64.97</ele>
<time>2025-09-22T17:06:25.000Z</time>
</trkpt>
<trkpt lat="41.3974200" lon="2.1452817">
<ele>63.34</ele>
<time>2025-09-22T17:06:28.000Z</time>
</trkpt>
<trkpt lat="41.3972617" lon="2.1454667">
<ele>62.84</ele>
<time>2025-09-22T17:06:31.000Z</time>
</trkpt>
<trkpt lat="41.3970967" lon="2.1456550">
<ele>63.31</ele>
<time>2025-09-22T17:06:35.000Z</time>
</trkpt>
<trkpt lat="41.3969567" lon="2.1458200">
<ele>60.97</ele>
<time>2025-09-22T17:06:41.000Z</time>
</trkpt>
<trkpt lat="41.3968583" lon="2.1460450">
<ele>65.68</ele>
<time>2025-09-22T17:06:53.000Z</time>
</trkpt>
<trkpt lat="41.3966967" lon="2.1461783">
<ele>65.26</ele>
<time>2025-09-22T17:07:02.000Z</time>
</trkpt>
<trkpt lat="41.3965450" lon="2.1463400">
<ele>61.25</ele>
<time>2025-09-22T17:07:08.000Z</time>
</trkpt>
<trkpt lat="41.3964000" lon="2.1465000">
<ele>59.34</ele>
<time>2025-09-22T17:07:27.000Z</time>
</trkpt>
<trkpt lat="41.3962233" lon="2.1466917">
<ele>60.35</ele>
<time>2025-09-22T17:07:32.000Z</time>
</trkpt>
<trkpt lat="41.3960883" lon="2.1468567">
<ele>60.52</ele>
<time>2025-09-22T17:07:35.000Z</time>
</trkpt>
<trkpt lat="41.3960383" lon="2.1471200">
<ele>59.44</ele>
<time>2025-09-22T17:07:41.000Z</time>
</trkpt>
<trkpt lat="41.3961567" lon="2.1473067">
<ele>57.79</ele>
<time>2025-09-22T17:07:44.000Z</time>
</trkpt>
<trkpt lat="41.3962850" lon="2.1475117">
<ele>57.80</ele>
<time>2025-09-22T17:07:50.000Z</time>
</trkpt>
<trkpt lat="41.3963783" lon="2.1477383">
<ele>58.40</ele>
<time>2025-09-22T17:07:57.000Z</time>
</trkpt>
<trkpt lat="41.3962217" lon="2.1479067">
<ele>57.08</ele>
<time>2025-09-22T17:08:02.000Z</time>
</trkpt>
<trkpt lat="41.3960583" lon="2.1480833">
<ele>56.06</ele>
<time>2025-09-22T17:08:06.000Z</time>
</trkpt>
<trkpt lat="41.3958783" lon="2.1482550">
<ele>54.54</ele>
<time>2025-09-22T17:08:10.000Z</time>
</trkpt>
<trkpt lat="41.3957067" lon="2.1484233">
<ele>53.51</ele>
<time>2025-09-22T17:08:15.000Z</time>
</trkpt>
<trkpt lat="41.3956033" lon="2.1486650">
<ele>52.35</ele>
<time>2025-09-22T17:08:51.000Z</time>
</trkpt>
<trkpt lat="41.3957133" lon="2.1488867">
<ele>53.41</ele>
<time>2025-09-22T17:08:56.000Z</time>
</trkpt>
<trkpt lat="41.3958383" lon="2.1490833">
<ele>53.56</ele>
<time>2025-09-22T17:09:00.000Z</time>
</trkpt>
<trkpt lat="41.3959467" lon="2.1492950">
<ele>54.02</ele>
<time>2025-09-22T17:09:04.000Z</time>
</trkpt>
<trkpt lat="41.3960667" lon="2.1495233">
<ele>52.63</ele>
<time>2025-09-22T17:09:08.000Z</time>
</trkpt>
<trkpt lat="41.3962000" lon="2.1497517">
<ele>53.24</ele>
<time>2025-09-22T17:09:12.000Z</time>
</trkpt>
<trkpt lat="41.3963400" lon="2.1499950">
<ele>53.82</ele>
<time>2025-09-22T17:09:16.000Z</time>
</trkpt>
<trkpt lat="41.3964900" lon="2.1502233">
<ele>54.05</ele>
<time>2025-09-22T17:09:20.000Z</time>
</trkpt>
<trkpt lat="41.3966450" lon="2.1504400">
<ele>54.27</ele>
<time>2025-09-22T17:09:24.000Z</time>
</trkpt>
<trkpt lat="41.3967633" lon="2.1506233">
<ele>54.05</ele>
<time>2025-09-22T17:09:29.000Z</time>
</trkpt>
<trkpt lat="41.3969217" lon="2.1507783">
<ele>59.01</ele>
<time>2025-09-22T17:09:56.000Z</time>
</trkpt>
<trkpt lat="41.3970300" lon="2.1509867">
<ele>58.98</ele>
<time>2025-09-22T17:10:00.000Z</time>
</trkpt>
<trkpt lat="41.3971717" lon="2.1512250">
<ele>58.68</ele>
<time>2025-09-22T17:10:04.000Z</time>
</trkpt>
<trkpt lat="41.3973033" lon="2.1514250">
<ele>58.82</ele>
<time>2025-09-22T17:10:08.000Z</time>
</trkpt>
<trkpt lat="41.3974133" lon="2.1516317">
<ele>61.70</ele>
<time>2025-09-22T17:10:24.000Z</time>
</trkpt>
<trkpt lat="41.3975150" lon="2.1518350">
<ele>63.66</ele>
<time>2025-09-22T17:10:32.000Z</time>
</trkpt>
<trkpt lat="41.3973800" lon="2.1520617">
<ele>68.90</ele>
<time>2025-09-22T17:10:42.000Z</time>
</trkpt>
<trkpt lat="41.3972183" lon="2.1522050">
<ele>69.83</ele>
<time>2025-09-22T17:10:46.000Z</time>
</trkpt>
<trkpt lat="41.3970700" lon="2.1523450">
<ele>69.93</ele>
<time>2025-09-22T17:10:50.000Z</time>
</trkpt>
<trkpt lat="41.3969233" lon="2.1524967">
<ele>68.19</ele>
<time>2025-09-22T17:11:10.000Z</time>
</trkpt>
<trkpt lat="41.3967450" lon="2.1527133">
<ele>68.23</ele>
<time>2025-09-22T17:11:14.000Z</time>
</trkpt>
<trkpt lat="41.3965917" lon="2.1529167">
<ele>67.98</ele>
<time>2025-09-22T17:11:17.000Z</time>
</trkpt>
<trkpt lat="41.3964433" lon="2.1531217">
<ele>66.92</ele>
<time>2025-09-22T17:11:20.000Z</time>
</trkpt>
<trkpt lat="41.3963083" lon="2.1533083">
<ele>65.74</ele>
<time>2025-09-22T17:11:23.000Z</time>
</trkpt>
<trkpt lat="41.3961717" lon="2.1534817">
<ele>63.99</ele>
<time>2025-09-22T17:11:26.000Z</time>
</trkpt>
<trkpt lat="41.3960250" lon="2.1536483">
<ele>60.07</ele>
<time>2025-09-22T17:11:32.000Z</time>
</trkpt>
<trkpt lat="41.3960817" lon="2.1539333">
<ele>57.04</ele>
<time>2025-09-22T17:11:42.000Z</time>
</trkpt>
<trkpt lat="41.3962233" lon="2.1541567">
<ele>57.12</ele>
<time>2025-09-22T17:11:46.000Z</time>
</trkpt>
<trkpt lat="41.3963650" lon="2.1543383">
<ele>56.69</ele>
<time>2025-09-22T17:11:49.000Z</time>
</trkpt>
<trkpt lat="41.3964833" lon="2.1545200">
<ele>54.01</ele>
<time>2025-09-22T17:11:52.000Z</time>
</trkpt>
<trkpt lat="41.3965883" lon="2.1547200">
<ele>49.06</ele>
<time>2025-09-22T17:11:57.000Z</time>
</trkpt>
<trkpt lat="41.3967300" lon="2.1549200">
<ele>48.66</ele>
<time>2025-09-22T17:12:25.000Z</time>
</trkpt>
<trkpt lat="41.3969100" lon="2.1549367">
<ele>52.02</ele>
<time>2025-09-22T17:12:36.000Z</time>
</trkpt>
<trkpt lat="41.3970800" lon="2.1547867">
<ele>52.82</ele>
<time>2025-09-22T17:12:41.000Z</time>
</trkpt>
<trkpt lat="41.3972700" lon="2.1546383">
<ele>53.25</ele>
<time>2025-09-22T17:12:46.000Z</time>
</trkpt>
<trkpt lat="41.3974300" lon="2.1544983">
<ele>54.50</ele>
<time>2025-09-22T17:12:50.000Z</time>
</trkpt>
<trkpt lat="41.3975817" lon="2.1543433">
<ele>55.97</ele>
<time>2025-09-22T17:12:55.000Z</time>
</trkpt>
<trkpt lat="41.3977517" lon="2.1542167">
<ele>57.26</ele>
<time>2025-09-22T17:13:02.000Z</time>
</trkpt>
<trkpt lat="41.3978967" lon="2.1544100">
<ele>57.45</ele>
<time>2025-09-22T17:13:07.000Z</time>
</trkpt>
<trkpt lat="41.3980000" lon="2.1546583">
<ele>56.38</ele>
<time>2025-09-22T17:13:12.000Z</time>
</trkpt>
<trkpt lat="41.3981217" lon="2.1548883">
<ele>54.45</ele>
<time>2025-09-22T17:13:17.000Z</time>
</trkpt>
<trkpt lat="41.3982317" lon="2.1550783">
<ele>52.30</ele>
<time>2025-09-22T17:13:21.000Z</time>
</trkpt>
<trkpt lat="41.3983617" lon="2.1552583">
<ele>50.45</ele>
<time>2025-09-22T17:13:25.000Z</time>
</trkpt>
<trkpt lat="41.3984767" lon="2.1554500">
<ele>48.43</ele>
<time>2025-09-22T17:13:30.000Z</time>
</trkpt>
<trkpt lat="41.3986283" lon="2.1556350">
<ele>50.62</ele>
<time>2025-09-22T17:13:39.000Z</time>
</trkpt>
<trkpt lat="41.3987650" lon="2.1558333">
<ele>50.87</ele>
<time>2025-09-22T17:13:44.000Z</time>
</trkpt>
<trkpt lat="41.3988933" lon="2.1560317">
<ele>49.95</ele>
<time>2025-09-22T17:13:49.000Z</time>
</trkpt>
<trkpt lat="41.3990017" lon="2.1562317">
<ele>49.59</ele>
<time>2025-09-22T17:13:54.000Z</time>
</trkpt>
<trkpt lat="41.3991767" lon="2.1563217">
<ele>54.72</ele>
<time>2025-09-22T17:14:19.000Z</time>
</trkpt>
<trkpt lat="41.3993250" lon="2.1561450">
<ele>62.14</ele>
<time>2025-09-22T17:14:24.000Z</time>
</trkpt>
<trkpt lat="41.3994967" lon="2.1560083">
<ele>63.65</ele>
<time>2025-09-22T17:14:30.000Z</time>
</trkpt>
<trkpt lat="41.3996467" lon="2.1562167">
<ele>64.71</ele>
<time>2025-09-22T17:14:39.000Z</time>
</trkpt>
<trkpt lat="41.3998117" lon="2.1563633">
<ele>63.51</ele>
<time>2025-09-22T17:14:44.000Z</time>
</trkpt>
<trkpt lat="41.3999483" lon="2.1565683">
<ele>60.14</ele>
<time>2025-09-22T17:14:50.000Z</time>
</trkpt>
<trkpt lat="41.4000217" lon="2.1568050">
<ele>56.92</ele>
<time>2025-09-22T17:14:57.000Z</time>
</trkpt>
<trkpt lat="41.4001333" lon="2.1570000">
<ele>55.62</ele>
<time>2025-09-22T17:15:03.000Z</time>
</trkpt>
<trkpt lat="41.4002517" lon="2.1572033">
<ele>52.92</ele>
<time>2025-09-22T17:15:10.000Z</time>
</trkpt>
<trkpt lat="41.4001033" lon="2.1574033">
<ele>53.74</ele>
<time>2025-09-22T17:15:20.000Z</time>
</trkpt>
<trkpt lat="41.3999367" lon="2.1575550">
<ele>53.72</ele>
<time>2025-09-22T17:15:27.000Z</time>
</trkpt>
<trkpt lat="41.4000483" lon="2.1578017">
<ele>55.31</ele>
<time>2025-09-22T17:15:34.000Z</time>
</trkpt>
<trkpt lat="41.4001550" lon="2.1580383">
<ele>57.86</ele>
<time>2025-09-22T17:15:42.000Z</time>
</trkpt>
<trkpt lat="41.4002817" lon="2.1582567">
<ele>57.00</ele>
<time>2025-09-22T17:15:47.000Z</time>
</trkpt>
<trkpt lat="41.4004033" lon="2.1584533">
<ele>53.78</ele>
<time>2025-09-22T17:15:52.000Z</time>
</trkpt>
<trkpt lat="41.4005133" lon="2.1586667">
<ele>51.73</ele>
<time>2025-09-22T17:15:58.000Z</time>
</trkpt>
<trkpt lat="41.4006717" lon="2.1588450">
<ele>48.75</ele>
<time>2025-09-22T17:16:05.000Z</time>
</trkpt>
<trkpt lat="41.4006117" lon="2.1590783">
<ele>57.40</ele>
<time>2025-09-22T17:16:19.000Z</time>
</trkpt>
<trkpt lat="41.4007450" lon="2.1592783">
<ele>57.90</ele>
<time>2025-09-22T17:16:24.000Z</time>
</trkpt>
<trkpt lat="41.4008733" lon="2.1594517">
<ele>56.57</ele>
<time>2025-09-22T17:16:28.000Z</time>
</trkpt>
<trkpt lat="41.4009967" lon="2.1596667">
<ele>54.39</ele>
<time>2025-09-22T17:16:33.000Z</time>
</trkpt>
<trkpt lat="41.4011067" lon="2.1598683">
<ele>51.91</ele>
<time>2025-09-22T17:16:41.000Z</time>
</trkpt>
<trkpt lat="41.4009817" lon="2.1600567">
<ele>50.80</ele>
<time>2025-09-22T17:16:48.000Z</time>
</trkpt>
<trkpt lat="41.4008383" lon="2.1602433">
<ele>50.38</ele>
<time>2025-09-22T17:16:54.000Z</time>
</trkpt>
<trkpt lat="41.4006683" lon="2.1603517">
<ele>48.43</ele>
<time>2025-09-22T17:17:00.000Z</time>
</trkpt>
<extensions>
<om:oruxmapsextensions>
<om:ext type="NAME" subtype="0"><![CDATA[Segmento: 1]]></om:ext>
</om:oruxmapsextensions>
</extensions>
</trkseg>
<trkseg>
<trkpt lat="41.4006517" lon="2.1604100">
<ele>48.94</ele>
<time>2025-09-22T17:18:31.699Z</time>
</trkpt>
<trkpt lat="41.4004983" lon="2.1605533">
<ele>55.57</ele>
<time>2025-09-22T17:23:03.000Z</time>
</trkpt>
<trkpt lat="41.4003417" lon="2.1606883">
<ele>53.51</ele>
<time>2025-09-22T17:23:07.000Z</time>
</trkpt>
<trkpt lat="41.4005117" lon="2.1605983">
<ele>53.91</ele>
<time>2025-09-22T17:23:24.000Z</time>
</trkpt>
<trkpt lat="41.4006200" lon="2.1603950">
<ele>52.64</ele>
<time>2025-09-22T17:23:29.000Z</time>
</trkpt>
<trkpt lat="41.4007717" lon="2.1602000">
<ele>50.52</ele>
<time>2025-09-22T17:23:36.000Z</time>
</trkpt>
<trkpt lat="41.4009100" lon="2.1600400">
<ele>46.28</ele>
<time>2025-09-22T17:23:41.000Z</time>
</trkpt>
<trkpt lat="41.4010800" lon="2.1598833">
<ele>48.05</ele>
<time>2025-09-22T17:23:47.000Z</time>
</trkpt>
<trkpt lat="41.4012483" lon="2.1597733">
<ele>49.59</ele>
<time>2025-09-22T17:23:53.000Z</time>
</trkpt>
<trkpt lat="41.4013933" lon="2.1596250">
<ele>54.36</ele>
<time>2025-09-22T17:23:59.000Z</time>
</trkpt>
<trkpt lat="41.4015533" lon="2.1594817">
<ele>57.17</ele>
<time>2025-09-22T17:24:05.000Z</time>
</trkpt>
<trkpt lat="41.4017317" lon="2.1595250">
<ele>62.55</ele>
<time>2025-09-22T17:24:18.000Z</time>
</trkpt>
<trkpt lat="41.4018267" lon="2.1597533">
<ele>60.64</ele>
<time>2025-09-22T17:24:25.000Z</time>
</trkpt>
<trkpt lat="41.4019483" lon="2.1599533">
<ele>55.66</ele>
<time>2025-09-22T17:24:33.000Z</time>
</trkpt>
<trkpt lat="41.4020650" lon="2.1601500">
<ele>52.36</ele>
<time>2025-09-22T17:24:42.000Z</time>
</trkpt>
<trkpt lat="41.4022650" lon="2.1601533">
<ele>55.88</ele>
<time>2025-09-22T17:24:53.000Z</time>
</trkpt>
<trkpt lat="41.4024117" lon="2.1600050">
<ele>59.39</ele>
<time>2025-09-22T17:24:58.000Z</time>
</trkpt>
<trkpt lat="41.4025617" lon="2.1598467">
<ele>63.24</ele>
<time>2025-09-22T17:25:06.000Z</time>
</trkpt>
<trkpt lat="41.4026817" lon="2.1596350">
<ele>63.82</ele>
<time>2025-09-22T17:25:16.000Z</time>
</trkpt>
<trkpt lat="41.4028150" lon="2.1594583">
<ele>63.51</ele>
<time>2025-09-22T17:25:21.000Z</time>
</trkpt>
<trkpt lat="41.4029733" lon="2.1593217">
<ele>61.95</ele>
<time>2025-09-22T17:25:28.000Z</time>
</trkpt>
<trkpt lat="41.4031150" lon="2.1591500">
<ele>58.12</ele>
<time>2025-09-22T17:25:36.000Z</time>
</trkpt>
<trkpt lat="41.4032833" lon="2.1589900">
<ele>56.62</ele>
<time>2025-09-22T17:25:43.000Z</time>
</trkpt>
<trkpt lat="41.4034367" lon="2.1588300">
<ele>56.94</ele>
<time>2025-09-22T17:25:50.000Z</time>
</trkpt>
<trkpt lat="41.4035933" lon="2.1590133">
<ele>60.51</ele>
<time>2025-09-22T17:26:01.000Z</time>
</trkpt>
<trkpt lat="41.4036833" lon="2.1592250">
<ele>58.34</ele>
<time>2025-09-22T17:26:06.000Z</time>
</trkpt>
<trkpt lat="41.4037867" lon="2.1594300">
<ele>53.80</ele>
<time>2025-09-22T17:26:11.000Z</time>
</trkpt>
<trkpt lat="41.4039400" lon="2.1596167">
<ele>53.66</ele>
<time>2025-09-22T17:26:21.000Z</time>
</trkpt>
<trkpt lat="41.4040500" lon="2.1598150">
<ele>55.72</ele>
<time>2025-09-22T17:26:26.000Z</time>
</trkpt>
<trkpt lat="41.4041817" lon="2.1600383">
<ele>57.31</ele>
<time>2025-09-22T17:26:31.000Z</time>
</trkpt>
<trkpt lat="41.4043083" lon="2.1602283">
<ele>59.30</ele>
<time>2025-09-22T17:26:37.000Z</time>
</trkpt>
<trkpt lat="41.4044233" lon="2.1604200">
<ele>57.00</ele>
<time>2025-09-22T17:26:43.000Z</time>
</trkpt>
<trkpt lat="41.4045300" lon="2.1606300">
<ele>55.42</ele>
<time>2025-09-22T17:26:47.000Z</time>
</trkpt>
<trkpt lat="41.4046433" lon="2.1608367">
<ele>52.25</ele>
<time>2025-09-22T17:26:53.000Z</time>
</trkpt>
<trkpt lat="41.4048050" lon="2.1610167">
<ele>51.22</ele>
<time>2025-09-22T17:27:00.000Z</time>
</trkpt>
<trkpt lat="41.4049567" lon="2.1611867">
<ele>50.65</ele>
<time>2025-09-22T17:27:04.000Z</time>
</trkpt>
<trkpt lat="41.4051117" lon="2.1613333">
<ele>51.23</ele>
<time>2025-09-22T17:27:10.000Z</time>
</trkpt>
<trkpt lat="41.4052467" lon="2.1615517">
<ele>52.58</ele>
<time>2025-09-22T17:27:16.000Z</time>
</trkpt>
<trkpt lat="41.4053900" lon="2.1617450">
<ele>56.78</ele>
<time>2025-09-22T17:27:22.000Z</time>
</trkpt>
<trkpt lat="41.4054983" lon="2.1619417">
<ele>60.47</ele>
<time>2025-09-22T17:27:27.000Z</time>
</trkpt>
<trkpt lat="41.4056167" lon="2.1621700">
<ele>62.43</ele>
<time>2025-09-22T17:27:32.000Z</time>
</trkpt>
<trkpt lat="41.4057417" lon="2.1623583">
<ele>63.91</ele>
<time>2025-09-22T17:27:37.000Z</time>
</trkpt>
<trkpt lat="41.4058633" lon="2.1625550">
<ele>63.33</ele>
<time>2025-09-22T17:27:43.000Z</time>
</trkpt>
<trkpt lat="41.4058633" lon="2.1627950">
<ele>64.21</ele>
<time>2025-09-22T17:27:49.000Z</time>
</trkpt>
<trkpt lat="41.4059667" lon="2.1630033">
<ele>65.35</ele>
<time>2025-09-22T17:27:53.000Z</time>
</trkpt>
<trkpt lat="41.4061267" lon="2.1631233">
<ele>66.68</ele>
<time>2025-09-22T17:27:57.000Z</time>
</trkpt>
<trkpt lat="41.4063400" lon="2.1632133">
<ele>70.24</ele>
<time>2025-09-22T17:28:02.000Z</time>
</trkpt>
<trkpt lat="41.4065250" lon="2.1633050">
<ele>77.64</ele>
<time>2025-09-22T17:28:07.000Z</time>
</trkpt>
<trkpt lat="41.4067317" lon="2.1634150">
<ele>81.61</ele>
<time>2025-09-22T17:28:12.000Z</time>
</trkpt>
<trkpt lat="41.4069150" lon="2.1634767">
<ele>81.57</ele>
<time>2025-09-22T17:28:16.000Z</time>
</trkpt>
<trkpt lat="41.4071200" lon="2.1635517">
<ele>87.23</ele>
<time>2025-09-22T17:28:21.000Z</time>
</trkpt>
<trkpt lat="41.4073050" lon="2.1636100">
<ele>89.78</ele>
<time>2025-09-22T17:28:26.000Z</time>
</trkpt>
<trkpt lat="41.4075050" lon="2.1636600">
<ele>89.86</ele>
<time>2025-09-22T17:28:31.000Z</time>
</trkpt>
<trkpt lat="41.4077167" lon="2.1637133">
<ele>91.86</ele>
<time>2025-09-22T17:28:36.000Z</time>
</trkpt>
<trkpt lat="41.4079217" lon="2.1637817">
<ele>94.69</ele>
<time>2025-09-22T17:28:41.000Z</time>
</trkpt>
<trkpt lat="41.4081317" lon="2.1638733">
<ele>95.69</ele>
<time>2025-09-22T17:28:46.000Z</time>
</trkpt>
<trkpt lat="41.4083150" lon="2.1639367">
<ele>93.23</ele>
<time>2025-09-22T17:28:50.000Z</time>
</trkpt>
<trkpt lat="41.4084933" lon="2.1640117">
<ele>87.98</ele>
<time>2025-09-22T17:28:54.000Z</time>
</trkpt>
<trkpt lat="41.4087117" lon="2.1640200">
<ele>85.96</ele>
<time>2025-09-22T17:28:59.000Z</time>
</trkpt>
<trkpt lat="41.4088950" lon="2.1640467">
<ele>82.09</ele>
<time>2025-09-22T17:29:03.000Z</time>
</trkpt>
<trkpt lat="41.4091150" lon="2.1640933">
<ele>82.37</ele>
<time>2025-09-22T17:29:08.000Z</time>
</trkpt>
<trkpt lat="41.4093267" lon="2.1641183">
<ele>84.24</ele>
<time>2025-09-22T17:29:13.000Z</time>
</trkpt>
<trkpt lat="41.4095450" lon="2.1641633">
<ele>85.16</ele>
<time>2025-09-22T17:29:18.000Z</time>
</trkpt>
<trkpt lat="41.4097567" lon="2.1642267">
<ele>87.41</ele>
<time>2025-09-22T17:29:23.000Z</time>
</trkpt>
<trkpt lat="41.4099633" lon="2.1643383">
<ele>88.97</ele>
<time>2025-09-22T17:29:28.000Z</time>
</trkpt>
<trkpt lat="41.4101617" lon="2.1643967">
<ele>98.20</ele>
<time>2025-09-22T17:29:36.000Z</time>
</trkpt>
<trkpt lat="41.4103417" lon="2.1644467">
<ele>104.10</ele>
<time>2025-09-22T17:29:40.000Z</time>
</trkpt>
<trkpt lat="41.4105217" lon="2.1644900">
<ele>108.52</ele>
<time>2025-09-22T17:29:44.000Z</time>
</trkpt>
<trkpt lat="41.4107167" lon="2.1645250">
<ele>113.82</ele>
<time>2025-09-22T17:29:49.000Z</time>
</trkpt>
<trkpt lat="41.4109133" lon="2.1645817">
<ele>118.15</ele>
<time>2025-09-22T17:29:55.000Z</time>
</trkpt>
<trkpt lat="41.4110900" lon="2.1646517">
<ele>119.71</ele>
<time>2025-09-22T17:30:00.000Z</time>
</trkpt>
<trkpt lat="41.4112750" lon="2.1647333">
<ele>115.81</ele>
<time>2025-09-22T17:30:05.000Z</time>
</trkpt>
<trkpt lat="41.4114667" lon="2.1648033">
<ele>108.39</ele>
<time>2025-09-22T17:30:12.000Z</time>
</trkpt>
<trkpt lat="41.4115700" lon="2.1650183">
<ele>101.39</ele>
<time>2025-09-22T17:30:22.000Z</time>
</trkpt>
<trkpt lat="41.4117183" lon="2.1651567">
<ele>96.82</ele>
<time>2025-09-22T17:30:31.000Z</time>
</trkpt>
<trkpt lat="41.4118783" lon="2.1649767">
<ele>100.28</ele>
<time>2025-09-22T17:30:54.000Z</time>
</trkpt>
<trkpt lat="41.4120883" lon="2.1649117">
<ele>100.93</ele>
<time>2025-09-22T17:31:00.000Z</time>
</trkpt>
<trkpt lat="41.4122683" lon="2.1648283">
<ele>100.93</ele>
<time>2025-09-22T17:31:06.000Z</time>
</trkpt>
<trkpt lat="41.4124533" lon="2.1647267">
<ele>101.18</ele>
<time>2025-09-22T17:31:10.000Z</time>
</trkpt>
<trkpt lat="41.4126450" lon="2.1646233">
<ele>102.93</ele>
<time>2025-09-22T17:31:14.000Z</time>
</trkpt>
<trkpt lat="41.4128050" lon="2.1644800">
<ele>104.42</ele>
<time>2025-09-22T17:31:18.000Z</time>
</trkpt>
<trkpt lat="41.4129950" lon="2.1643517">
<ele>108.48</ele>
<time>2025-09-22T17:31:23.000Z</time>
</trkpt>
<trkpt lat="41.4131867" lon="2.1642417">
<ele>112.28</ele>
<time>2025-09-22T17:31:29.000Z</time>
</trkpt>
<trkpt lat="41.4133517" lon="2.1641317">
<ele>117.38</ele>
<time>2025-09-22T17:31:35.000Z</time>
</trkpt>
<trkpt lat="41.4135233" lon="2.1640317">
<ele>123.29</ele>
<time>2025-09-22T17:31:41.000Z</time>
</trkpt>
<trkpt lat="41.4137183" lon="2.1640217">
<ele>120.48</ele>
<time>2025-09-22T17:31:49.000Z</time>
</trkpt>
<trkpt lat="41.4138800" lon="2.1641950">
<ele>118.38</ele>
<time>2025-09-22T17:31:56.000Z</time>
</trkpt>
<trkpt lat="41.4140050" lon="2.1643800">
<ele>115.52</ele>
<time>2025-09-22T17:32:02.000Z</time>
</trkpt>
<trkpt lat="41.4141400" lon="2.1645617">
<ele>113.03</ele>
<time>2025-09-22T17:32:09.000Z</time>
</trkpt>
<trkpt lat="41.4142533" lon="2.1647667">
<ele>111.68</ele>
<time>2025-09-22T17:32:16.000Z</time>
</trkpt>
<trkpt lat="41.4143600" lon="2.1649783">
<ele>112.55</ele>
<time>2025-09-22T17:32:22.000Z</time>
</trkpt>
<trkpt lat="41.4144700" lon="2.1651883">
<ele>114.81</ele>
<time>2025-09-22T17:32:29.000Z</time>
</trkpt>
<trkpt lat="41.4145767" lon="2.1654117">
<ele>116.96</ele>
<time>2025-09-22T17:32:37.000Z</time>
</trkpt>
<trkpt lat="41.4146667" lon="2.1656500">
<ele>119.97</ele>
<time>2025-09-22T17:32:45.000Z</time>
</trkpt>
<trkpt lat="41.4147450" lon="2.1658883">
<ele>121.64</ele>
<time>2025-09-22T17:32:53.000Z</time>
</trkpt>
<trkpt lat="41.4147783" lon="2.1661417">
<ele>123.10</ele>
<time>2025-09-22T17:32:59.000Z</time>
</trkpt>
<trkpt lat="41.4148633" lon="2.1664000">
<ele>124.35</ele>
<time>2025-09-22T17:33:05.000Z</time>
</trkpt>
<trkpt lat="41.4149983" lon="2.1666167">
<ele>124.18</ele>
<time>2025-09-22T17:33:11.000Z</time>
</trkpt>
<trkpt lat="41.4151567" lon="2.1667650">
<ele>124.69</ele>
<time>2025-09-22T17:33:18.000Z</time>
</trkpt>
<trkpt lat="41.4152533" lon="2.1665483">
<ele>125.65</ele>
<time>2025-09-22T17:33:30.000Z</time>
</trkpt>
<trkpt lat="41.4152033" lon="2.1662967">
<ele>124.17</ele>
<time>2025-09-22T17:33:35.000Z</time>
</trkpt>
<trkpt lat="41.4151017" lon="2.1660950">
<ele>123.42</ele>
<time>2025-09-22T17:33:39.000Z</time>
</trkpt>
<trkpt lat="41.4150950" lon="2.1658233">
<ele>126.57</ele>
<time>2025-09-22T17:33:47.000Z</time>
</trkpt>
<trkpt lat="41.4151750" lon="2.1655967">
<ele>127.01</ele>
<time>2025-09-22T17:33:54.000Z</time>
</trkpt>
<trkpt lat="41.4152100" lon="2.1653433">
<ele>129.78</ele>
<time>2025-09-22T17:34:00.000Z</time>
</trkpt>
<trkpt lat="41.4237167" lon="2.1426150">
<ele>176.08</ele>
<time>2025-09-23T16:34:07.820Z</time>
</trkpt>
<trkpt lat="41.4239133" lon="2.1425783">
<ele>176.46</ele>
<time>2025-09-23T16:34:12.041Z</time>
</trkpt>
<trkpt lat="41.4237733" lon="2.1423850">
<ele>176.29</ele>
<time>2025-09-23T16:34:15.090Z</time>
</trkpt>
<trkpt lat="41.4239567" lon="2.1423300">
<ele>175.59</ele>
<time>2025-09-23T16:34:36.000Z</time>
</trkpt>
<trkpt lat="41.4241150" lon="2.1424617">
<ele>171.90</ele>
<time>2025-09-23T16:34:54.000Z</time>
</trkpt>
<trkpt lat="41.4242683" lon="2.1425933">
<ele>166.82</ele>
<time>2025-09-23T16:35:07.000Z</time>
</trkpt>
<trkpt lat="41.4244333" lon="2.1427033">
<ele>166.99</ele>
<time>2025-09-23T16:35:21.000Z</time>
</trkpt>
<trkpt lat="41.4245933" lon="2.1425733">
<ele>166.38</ele>
<time>2025-09-23T16:35:37.000Z</time>
</trkpt>
<trkpt lat="41.4246667" lon="2.1423300">
<ele>166.65</ele>
<time>2025-09-23T16:35:52.000Z</time>
</trkpt>
<trkpt lat="41.4247350" lon="2.1420967">
<ele>163.32</ele>
<time>2025-09-23T16:36:11.000Z</time>
</trkpt>
<trkpt lat="41.4247967" lon="2.1418683">
<ele>165.43</ele>
<time>2025-09-23T16:37:11.000Z</time>
</trkpt>
<trkpt lat="41.4248617" lon="2.1416350">
<ele>164.90</ele>
<time>2025-09-23T16:37:31.000Z</time>
</trkpt>
<trkpt lat="41.4249283" lon="2.1414000">
<ele>163.95</ele>
<time>2025-09-23T16:37:47.000Z</time>
</trkpt>
<trkpt lat="41.4250233" lon="2.1411817">
<ele>164.47</ele>
<time>2025-09-23T16:38:04.000Z</time>
</trkpt>
<trkpt lat="41.4250750" lon="2.1409517">
<ele>165.46</ele>
<time>2025-09-23T16:38:25.000Z</time>
</trkpt>
<trkpt lat="41.4251450" lon="2.1407183">
<ele>164.94</ele>
<time>2025-09-23T16:38:43.000Z</time>
</trkpt>
<trkpt lat="41.4252283" lon="2.1404983">
<ele>166.76</ele>
<time>2025-09-23T16:38:57.000Z</time>
</trkpt>
<trkpt lat="41.4252933" lon="2.1402683">
<ele>164.93</ele>
<time>2025-09-23T16:39:11.000Z</time>
</trkpt>
<trkpt lat="41.4253500" lon="2.1400400">
<ele>164.39</ele>
<time>2025-09-23T16:39:27.000Z</time>
</trkpt>
<trkpt lat="41.4254067" lon="2.1397983">
<ele>166.74</ele>
<time>2025-09-23T16:39:45.000Z</time>
</trkpt>
<trkpt lat="41.4255217" lon="2.1395950">
<ele>170.73</ele>
<time>2025-09-23T16:40:02.000Z</time>
</trkpt>
<trkpt lat="41.4257100" lon="2.1396050">
<ele>171.11</ele>
<time>2025-09-23T16:40:18.000Z</time>
</trkpt>
<trkpt lat="41.4258667" lon="2.1394767">
<ele>170.74</ele>
<time>2025-09-23T16:40:33.000Z</time>
</trkpt>
<trkpt lat="41.4260400" lon="2.1394033">
<ele>171.68</ele>
<time>2025-09-23T16:40:49.000Z</time>
</trkpt>
<trkpt lat="41.4261950" lon="2.1392583">
<ele>171.72</ele>
<time>2025-09-23T16:41:06.000Z</time>
</trkpt>
<trkpt lat="41.4263633" lon="2.1391717">
<ele>175.58</ele>
<time>2025-09-23T16:41:21.000Z</time>
</trkpt>
<trkpt lat="41.4265250" lon="2.1390633">
<ele>183.85</ele>
<time>2025-09-23T16:41:37.000Z</time>
</trkpt>
<trkpt lat="41.4266233" lon="2.1388617">
<ele>184.17</ele>
<time>2025-09-23T16:41:53.000Z</time>
</trkpt>
<trkpt lat="41.4266883" lon="2.1386217">
<ele>183.19</ele>
<time>2025-09-23T16:42:05.000Z</time>
</trkpt>
<trkpt lat="41.4267517" lon="2.1383750">
<ele>187.29</ele>
<time>2025-09-23T16:42:22.000Z</time>
</trkpt>
<trkpt lat="41.4267933" lon="2.1381350">
<ele>187.96</ele>
<time>2025-09-23T16:42:40.000Z</time>
</trkpt>
<trkpt lat="41.4268417" lon="2.1378917">
<ele>189.66</ele>
<time>2025-09-23T16:42:58.000Z</time>
</trkpt>
<trkpt lat="41.4269000" lon="2.1376583">
<ele>193.83</ele>
<time>2025-09-23T16:43:17.000Z</time>
</trkpt>
<trkpt lat="41.4269600" lon="2.1374183">
<ele>192.06</ele>
<time>2025-09-23T16:43:34.000Z</time>
</trkpt>
<trkpt lat="41.4270183" lon="2.1371817">
<ele>195.59</ele>
<time>2025-09-23T16:43:50.000Z</time>
</trkpt>
<trkpt lat="41.4268950" lon="2.1369867">
<ele>197.04</ele>
<time>2025-09-23T16:44:06.000Z</time>
</trkpt>
<trkpt lat="41.4267917" lon="2.1367867">
<ele>193.56</ele>
<time>2025-09-23T16:44:22.000Z</time>
</trkpt>
<trkpt lat="41.4266083" lon="2.1368100">
<ele>194.89</ele>
<time>2025-09-23T16:44:37.000Z</time>
</trkpt>
<trkpt lat="41.4264333" lon="2.1367483">
<ele>192.61</ele>
<time>2025-09-23T16:46:46.000Z</time>
</trkpt>
<trkpt lat="41.4265517" lon="2.1369583">
<ele>202.39</ele>
<time>2025-09-23T18:45:27.300Z</time>
</trkpt>
<trkpt lat="41.4267200" lon="2.1368417">
<ele>196.23</ele>
<time>2025-09-23T18:45:41.000Z</time>
</trkpt>
<trkpt lat="41.4268567" lon="2.1370000">
<ele>192.21</ele>
<time>2025-09-23T18:45:55.000Z</time>
</trkpt>
<trkpt lat="41.4269483" lon="2.1372100">
<ele>191.61</ele>
<time>2025-09-23T18:46:11.000Z</time>
</trkpt>
<trkpt lat="41.4268983" lon="2.1374633">
<ele>185.83</ele>
<time>2025-09-23T18:46:25.000Z</time>
</trkpt>
<trkpt lat="41.4268417" lon="2.1376983">
<ele>184.80</ele>
<time>2025-09-23T18:46:37.000Z</time>
</trkpt>
<trkpt lat="41.4267850" lon="2.1379267">
<ele>186.17</ele>
<time>2025-09-23T18:46:48.000Z</time>
</trkpt>
<trkpt lat="41.4267217" lon="2.1381550">
<ele>185.45</ele>
<time>2025-09-23T18:47:00.000Z</time>
</trkpt>
<trkpt lat="41.4266633" lon="2.1383850">
<ele>185.66</ele>
<time>2025-09-23T18:47:13.000Z</time>
</trkpt>
<trkpt lat="41.4266100" lon="2.1386200">
<ele>186.67</ele>
<time>2025-09-23T18:47:31.000Z</time>
</trkpt>
<trkpt lat="41.4265450" lon="2.1388567">
<ele>189.78</ele>
<time>2025-09-23T18:47:46.000Z</time>
</trkpt>
<trkpt lat="41.4264817" lon="2.1390900">
<ele>194.11</ele>
<time>2025-09-23T18:48:00.000Z</time>
</trkpt>
<trkpt lat="41.4263467" lon="2.1392650">
<ele>194.95</ele>
<time>2025-09-23T18:48:15.000Z</time>
</trkpt>
<trkpt lat="41.4261767" lon="2.1393650">
<ele>195.24</ele>
<time>2025-09-23T18:48:26.000Z</time>
</trkpt>
<trkpt lat="41.4260083" lon="2.1394733">
<ele>194.08</ele>
<time>2025-09-23T18:48:38.000Z</time>
</trkpt>
<trkpt lat="41.4258400" lon="2.1395600">
<ele>189.68</ele>
<time>2025-09-23T18:48:54.000Z</time>
</trkpt>
<trkpt lat="41.4256583" lon="2.1395700">
<ele>186.17</ele>
<time>2025-09-23T18:49:07.000Z</time>
</trkpt>
<trkpt lat="41.4255017" lon="2.1396883">
<ele>183.81</ele>
<time>2025-09-23T18:49:23.000Z</time>
</trkpt>
<trkpt lat="41.4253667" lon="2.1398700">
<ele>179.97</ele>
<time>2025-09-23T18:49:33.000Z</time>
</trkpt>
<trkpt lat="41.4253000" lon="2.1401017">
<ele>176.18</ele>
<time>2025-09-23T18:49:48.000Z</time>
</trkpt>
<trkpt lat="41.4252367" lon="2.1403433">
<ele>171.31</ele>
<time>2025-09-23T18:50:02.000Z</time>
</trkpt>
<trkpt lat="41.4251767" lon="2.1405750">
<ele>167.33</ele>
<time>2025-09-23T18:50:14.000Z</time>
</trkpt>
<trkpt lat="41.4251133" lon="2.1408183">
<ele>163.27</ele>
<time>2025-09-23T18:50:29.000Z</time>
</trkpt>
<trkpt lat="41.4250600" lon="2.1410483">
<ele>161.26</ele>
<time>2025-09-23T18:50:43.000Z</time>
</trkpt>
<trkpt lat="41.4249300" lon="2.1412300">
<ele>158.56</ele>
<time>2025-09-23T18:51:17.000Z</time>
</trkpt>
<trkpt lat="41.4248833" lon="2.1414683">
<ele>162.14</ele>
<time>2025-09-23T18:51:31.000Z</time>
</trkpt>
<trkpt lat="41.4248083" lon="2.1416950">
<ele>162.54</ele>
<time>2025-09-23T18:51:45.000Z</time>
</trkpt>
<trkpt lat="41.4247150" lon="2.1419033">
<ele>163.55</ele>
<time>2025-09-23T18:52:00.000Z</time>
</trkpt>
<trkpt lat="41.4246600" lon="2.1421467">
<ele>159.36</ele>
<time>2025-09-23T18:52:14.000Z</time>
</trkpt>
<trkpt lat="41.4246050" lon="2.1423867">
<ele>155.28</ele>
<time>2025-09-23T18:52:24.000Z</time>
</trkpt>
<trkpt lat="41.4245317" lon="2.1426383">
<ele>153.58</ele>
<time>2025-09-23T18:52:31.000Z</time>
</trkpt>
<trkpt lat="41.4244667" lon="2.1428750">
<ele>155.29</ele>
<time>2025-09-23T18:52:41.000Z</time>
</trkpt>
<trkpt lat="41.4243983" lon="2.1431150">
<ele>157.29</ele>
<time>2025-09-23T18:52:55.000Z</time>
</trkpt>
<trkpt lat="41.4243350" lon="2.1433483">
<ele>151.16</ele>
<time>2025-09-23T18:53:10.000Z</time>
</trkpt>
<trkpt lat="41.4243033" lon="2.1435850">
<ele>148.33</ele>
<time>2025-09-23T18:53:28.000Z</time>
</trkpt>
<trkpt lat="41.4242883" lon="2.1438300">
<ele>147.52</ele>
<time>2025-09-23T18:53:42.000Z</time>
</trkpt>
<trkpt lat="41.4242983" lon="2.1440733">
<ele>145.19</ele>
<time>2025-09-23T18:53:54.000Z</time>
</trkpt>
<trkpt lat="41.4243183" lon="2.1443267">
<ele>140.85</ele>
<time>2025-09-23T18:54:08.000Z</time>
</trkpt>
<trkpt lat="41.4243383" lon="2.1445783">
<ele>137.50</ele>
<time>2025-09-23T18:54:23.000Z</time>
</trkpt>
<trkpt lat="41.4243467" lon="2.1448267">
<ele>135.90</ele>
<time>2025-09-23T18:54:37.000Z</time>
</trkpt>
<trkpt lat="41.4243300" lon="2.1450767">
<ele>134.60</ele>
<time>2025-09-23T18:54:51.000Z</time>
</trkpt>
<trkpt lat="41.4242883" lon="2.1453250">
<ele>132.70</ele>
<time>2025-09-23T18:55:07.000Z</time>
</trkpt>
<trkpt lat="41.4242367" lon="2.1455583">
<ele>129.52</ele>
<time>2025-09-23T18:55:21.000Z</time>
</trkpt>
<trkpt lat="41.4241817" lon="2.1457983">
<ele>128.57</ele>
<time>2025-09-23T18:55:35.000Z</time>
</trkpt>
<trkpt lat="41.4241400" lon="2.1460467">
<ele>127.56</ele>
<time>2025-09-23T18:55:50.000Z</time>
</trkpt>
<trkpt lat="41.4241183" lon="2.1462967">
<ele>125.84</ele>
<time>2025-09-23T18:56:05.000Z</time>
</trkpt>
<trkpt lat="41.4241150" lon="2.1465400">
<ele>121.72</ele>
<time>2025-09-23T18:56:21.000Z</time>
</trkpt>
<trkpt lat="41.4241433" lon="2.1467800">
<ele>124.30</ele>
<time>2025-09-23T18:56:34.000Z</time>
</trkpt>
<trkpt lat="41.4241950" lon="2.1470100">
<ele>125.79</ele>
<time>2025-09-23T18:56:46.000Z</time>
</trkpt>
<trkpt lat="41.4242550" lon="2.1472483">
<ele>126.68</ele>
<time>2025-09-23T18:57:02.000Z</time>
</trkpt>
<trkpt lat="41.4241767" lon="2.1474783">
<ele>126.27</ele>
<time>2025-09-23T18:57:18.000Z</time>
</trkpt>
<trkpt lat="41.4240217" lon="2.1476033">
<ele>127.56</ele>
<time>2025-09-23T18:57:33.000Z</time>
</trkpt>
<trkpt lat="41.4238600" lon="2.1477400">
<ele>141.51</ele>
<time>2025-09-23T18:57:53.000Z</time>
</trkpt>
<trkpt lat="41.4236950" lon="2.1478717">
<ele>146.09</ele>
<time>2025-09-23T18:58:06.000Z</time>
</trkpt>
<trkpt lat="41.4235483" lon="2.1480183">
<ele>147.14</ele>
<time>2025-09-23T18:58:30.000Z</time>
</trkpt>
<trkpt lat="41.4233317" lon="2.1480817">
<ele>153.19</ele>
<time>2025-09-23T18:59:34.000Z</time>
</trkpt>
<trkpt lat="41.4231600" lon="2.1479633">
<ele>156.11</ele>
<time>2025-09-23T18:59:50.000Z</time>
</trkpt>
<trkpt lat="41.4230283" lon="2.1481300">
<ele>165.89</ele>
<time>2025-09-23T19:00:23.000Z</time>
</trkpt>
<trkpt lat="41.4230717" lon="2.1483733">
<ele>173.66</ele>
<time>2025-09-23T19:00:39.000Z</time>
</trkpt>
<trkpt lat="41.4231017" lon="2.1486267">
<ele>173.38</ele>
<time>2025-09-23T19:00:54.000Z</time>
</trkpt>
<trkpt lat="41.4230933" lon="2.1488717">
<ele>173.40</ele>
<time>2025-09-23T19:01:16.000Z</time>
</trkpt>
<trkpt lat="41.4230200" lon="2.1490983">
<ele>175.24</ele>
<time>2025-09-23T19:01:40.000Z</time>
</trkpt>
<trkpt lat="41.4229833" lon="2.1493417">
<ele>175.67</ele>
<time>2025-09-23T19:01:59.000Z</time>
</trkpt>
<trkpt lat="41.4229133" lon="2.1495650">
<ele>177.97</ele>
<time>2025-09-23T19:02:14.000Z</time>
</trkpt>
<trkpt lat="41.4228183" lon="2.1497717">
<ele>184.94</ele>
<time>2025-09-23T19:02:35.000Z</time>
</trkpt>
<trkpt lat="41.4227000" lon="2.1499867">
<ele>187.15</ele>
<time>2025-09-23T19:02:52.000Z</time>
</trkpt>
<trkpt lat="41.4225367" lon="2.1501033">
<ele>184.70</ele>
<time>2025-09-23T19:03:07.000Z</time>
</trkpt>
<trkpt lat="41.4223633" lon="2.1502167">
<ele>185.83</ele>
<time>2025-09-23T19:03:23.000Z</time>
</trkpt>
<trkpt lat="41.4221917" lon="2.1503083">
<ele>179.62</ele>
<time>2025-09-23T19:03:45.000Z</time>
</trkpt>
<trkpt lat="41.4220267" lon="2.1504183">
<ele>179.19</ele>
<time>2025-09-23T19:03:58.000Z</time>
</trkpt>
<trkpt lat="41.4220517" lon="2.1506667">
<ele>178.50</ele>
<time>2025-09-23T19:04:21.000Z</time>
</trkpt>
<trkpt lat="41.4222217" lon="2.1507817">
<ele>182.60</ele>
<time>2025-09-23T19:04:39.000Z</time>
</trkpt>
<trkpt lat="41.4223817" lon="2.1509000">
<ele>183.70</ele>
<time>2025-09-23T19:04:53.000Z</time>
</trkpt>
<trkpt lat="41.4225633" lon="2.1508783">
<ele>182.29</ele>
<time>2025-09-23T19:05:44.000Z</time>
</trkpt>
<trkpt lat="41.4223483" lon="2.1509783">
<ele>161.09</ele>
<time>2025-09-23T19:16:36.515Z</time>
</trkpt>
<trkpt lat="41.4224900" lon="2.1512167">
<ele>161.28</ele>
<time>2025-09-23T19:16:47.000Z</time>
</trkpt>
<trkpt lat="41.4218667" lon="2.1507583">
<ele>190.38</ele>
<time>2025-09-24T15:18:51.000Z</time>
</trkpt>
<trkpt lat="41.4217567" lon="2.1509500">
<ele>182.60</ele>
<time>2025-09-24T15:19:07.000Z</time>
</trkpt>
<trkpt lat="41.4217383" lon="2.1511950">
<ele>182.50</ele>
<time>2025-09-24T15:19:24.000Z</time>
</trkpt>
<trkpt lat="41.4217933" lon="2.1514317">
<ele>183.64</ele>
<time>2025-09-24T15:19:39.000Z</time>
</trkpt>
<trkpt lat="41.4217483" lon="2.1516783">
<ele>178.73</ele>
<time>2025-09-24T15:19:53.000Z</time>
</trkpt>
<trkpt lat="41.4217300" lon="2.1519233">
<ele>176.14</ele>
<time>2025-09-24T15:20:08.000Z</time>
</trkpt>
<trkpt lat="41.4217000" lon="2.1521700">
<ele>175.87</ele>
<time>2025-09-24T15:20:28.000Z</time>
</trkpt>
<trkpt lat="41.4217767" lon="2.1524033">
<ele>178.50</ele>
<time>2025-09-24T15:20:43.000Z</time>
</trkpt>
<trkpt lat="41.4218517" lon="2.1526250">
<ele>176.46</ele>
<time>2025-09-24T15:20:56.000Z</time>
</trkpt>
<trkpt lat="41.4219333" lon="2.1528650">
<ele>178.41</ele>
<time>2025-09-24T15:21:10.000Z</time>
</trkpt>
<trkpt lat="41.4219867" lon="2.1531067">
<ele>181.00</ele>
<time>2025-09-24T15:21:26.000Z</time>
</trkpt>
<trkpt lat="41.4220067" lon="2.1533617">
<ele>179.11</ele>
<time>2025-09-24T15:21:40.000Z</time>
</trkpt>
<trkpt lat="41.4220100" lon="2.1536117">
<ele>180.47</ele>
<time>2025-09-24T15:21:57.000Z</time>
</trkpt>
<trkpt lat="41.4219500" lon="2.1538433">
<ele>183.59</ele>
<time>2025-09-24T15:22:12.000Z</time>
</trkpt>
<trkpt lat="41.4218017" lon="2.1540167">
<ele>183.97</ele>
<time>2025-09-24T15:22:27.000Z</time>
</trkpt>
<trkpt lat="41.4216483" lon="2.1541933">
<ele>185.92</ele>
<time>2025-09-24T15:22:44.000Z</time>
</trkpt>
<trkpt lat="41.4215000" lon="2.1543650">
<ele>185.89</ele>
<time>2025-09-24T15:22:58.000Z</time>
</trkpt>
<trkpt lat="41.4213067" lon="2.1545967">
<ele>213.64</ele>
<time>2025-09-24T15:23:15.000Z</time>
</trkpt>
<trkpt lat="41.4211650" lon="2.1547683">
<ele>190.40</ele>
<time>2025-09-24T15:23:28.000Z</time>
</trkpt>
<trkpt lat="41.4210267" lon="2.1549350">
<ele>187.51</ele>
<time>2025-09-24T15:23:42.000Z</time>
</trkpt>
<trkpt lat="41.4208750" lon="2.1551150">
<ele>185.17</ele>
<time>2025-09-24T15:23:54.000Z</time>
</trkpt>
<trkpt lat="41.4207533" lon="2.1553233">
<ele>177.73</ele>
<time>2025-09-24T15:24:09.000Z</time>
</trkpt>
<trkpt lat="41.4206033" lon="2.1554833">
<ele>174.24</ele>
<time>2025-09-24T15:24:27.000Z</time>
</trkpt>
<trkpt lat="41.4204667" lon="2.1556500">
<ele>173.04</ele>
<time>2025-09-24T15:24:47.000Z</time>
</trkpt>
<trkpt lat="41.4203250" lon="2.1558217">
<ele>184.86</ele>
<time>2025-09-24T15:25:10.000Z</time>
</trkpt>
<trkpt lat="41.4201750" lon="2.1559683">
<ele>191.04</ele>
<time>2025-09-24T15:25:34.000Z</time>
</trkpt>
<trkpt lat="41.4200450" lon="2.1561500">
<ele>195.71</ele>
<time>2025-09-24T15:25:49.000Z</time>
</trkpt>
<trkpt lat="41.4199050" lon="2.1563433">
<ele>201.15</ele>
<time>2025-09-24T15:26:04.000Z</time>
</trkpt>
<trkpt lat="41.4197767" lon="2.1565133">
<ele>199.13</ele>
<time>2025-09-24T15:26:16.000Z</time>
</trkpt>
<trkpt lat="41.4196300" lon="2.1566700">
<ele>193.07</ele>
<time>2025-09-24T15:26:31.000Z</time>
</trkpt>
<trkpt lat="41.4194700" lon="2.1568183">
<ele>191.03</ele>
<time>2025-09-24T15:26:46.000Z</time>
</trkpt>
<trkpt lat="41.4193067" lon="2.1569433">
<ele>187.07</ele>
<time>2025-09-24T15:27:00.000Z</time>
</trkpt>
<trkpt lat="41.4191283" lon="2.1570667">
<ele>189.71</ele>
<time>2025-09-24T15:27:15.000Z</time>
</trkpt>
<trkpt lat="41.4189583" lon="2.1571783">
<ele>195.75</ele>
<time>2025-09-24T15:27:29.000Z</time>
</trkpt>
<trkpt lat="41.4187950" lon="2.1572850">
<ele>203.46</ele>
<time>2025-09-24T15:27:42.000Z</time>
</trkpt>
<trkpt lat="41.4186017" lon="2.1572750">
<ele>197.47</ele>
<time>2025-09-24T15:28:09.000Z</time>
</trkpt>
<trkpt lat="41.4184283" lon="2.1573667">
<ele>193.09</ele>
<time>2025-09-24T15:28:21.000Z</time>
</trkpt>
<trkpt lat="41.4182467" lon="2.1574233">
<ele>192.87</ele>
<time>2025-09-24T15:28:33.000Z</time>
</trkpt>
<trkpt lat="41.4180833" lon="2.1575333">
<ele>187.77</ele>
<time>2025-09-24T15:28:45.000Z</time>
</trkpt>
<trkpt lat="41.4179300" lon="2.1576800">
<ele>181.37</ele>
<time>2025-09-24T15:28:57.000Z</time>
</trkpt>
<trkpt lat="41.4177817" lon="2.1578400">
<ele>181.98</ele>
<time>2025-09-24T15:29:08.000Z</time>
</trkpt>
<trkpt lat="41.4176300" lon="2.1579967">
<ele>180.06</ele>
<time>2025-09-24T15:29:20.000Z</time>
</trkpt>
<trkpt lat="41.4174783" lon="2.1581600">
<ele>181.04</ele>
<time>2025-09-24T15:29:33.000Z</time>
</trkpt>
<trkpt lat="41.4173383" lon="2.1583150">
<ele>181.72</ele>
<time>2025-09-24T15:29:44.000Z</time>
</trkpt>
<trkpt lat="41.4171950" lon="2.1584717">
<ele>177.85</ele>
<time>2025-09-24T15:29:58.000Z</time>
</trkpt>
<trkpt lat="41.4170583" lon="2.1586317">
<ele>174.61</ele>
<time>2025-09-24T15:30:09.000Z</time>
</trkpt>
<trkpt lat="41.4169333" lon="2.1588133">
<ele>175.15</ele>
<time>2025-09-24T15:30:23.000Z</time>
</trkpt>
<trkpt lat="41.4168400" lon="2.1590383">
<ele>176.14</ele>
<time>2025-09-24T15:30:38.000Z</time>
</trkpt>
<trkpt lat="41.4167017" lon="2.1592067">
<ele>173.02</ele>
<time>2025-09-24T15:30:52.000Z</time>
</trkpt>
<trkpt lat="41.4165183" lon="2.1592133">
<ele>174.43</ele>
<time>2025-09-24T15:31:28.000Z</time>
</trkpt>
<trkpt lat="41.4164583" lon="2.1594400">
<ele>171.04</ele>
<time>2025-09-24T15:32:14.000Z</time>
</trkpt>
<trkpt lat="41.4166450" lon="2.1594800">
<ele>164.68</ele>
<time>2025-09-24T15:32:31.000Z</time>
</trkpt>
<trkpt lat="41.4168217" lon="2.1595250">
<ele>167.65</ele>
<time>2025-09-24T15:32:40.000Z</time>
</trkpt>
<trkpt lat="41.4169550" lon="2.1596983">
<ele>166.91</ele>
<time>2025-09-24T15:32:48.000Z</time>
</trkpt>
<trkpt lat="41.4170950" lon="2.1598767">
<ele>166.79</ele>
<time>2025-09-24T15:33:04.000Z</time>
</trkpt>
<trkpt lat="41.4170500" lon="2.1601167">
<ele>168.70</ele>
<time>2025-09-24T15:33:18.000Z</time>
</trkpt>
<trkpt lat="41.4169317" lon="2.1603150">
<ele>170.11</ele>
<time>2025-09-24T15:33:30.000Z</time>
</trkpt>
<trkpt lat="41.4167900" lon="2.1604900">
<ele>173.49</ele>
<time>2025-09-24T15:33:44.000Z</time>
</trkpt>
<trkpt lat="41.4166433" lon="2.1606867">
<ele>175.06</ele>
<time>2025-09-24T15:33:55.000Z</time>
</trkpt>
<trkpt lat="41.4165617" lon="2.1609017">
<ele>175.72</ele>
<time>2025-09-24T15:34:05.000Z</time>
</trkpt>
<trkpt lat="41.4166583" lon="2.1611317">
<ele>175.81</ele>
<time>2025-09-24T15:34:17.000Z</time>
</trkpt>
<trkpt lat="41.4167450" lon="2.1613483">
<ele>172.36</ele>
<time>2025-09-24T15:34:27.000Z</time>
</trkpt>
<trkpt lat="41.4168300" lon="2.1615600">
<ele>169.64</ele>
<time>2025-09-24T15:34:38.000Z</time>
</trkpt>
<trkpt lat="41.4169217" lon="2.1617917">
<ele>167.83</ele>
<time>2025-09-24T15:34:50.000Z</time>
</trkpt>
<trkpt lat="41.4170067" lon="2.1620033">
<ele>163.55</ele>
<time>2025-09-24T15:35:00.000Z</time>
</trkpt>
<trkpt lat="41.4170933" lon="2.1622383">
<ele>159.70</ele>
<time>2025-09-24T15:35:12.000Z</time>
</trkpt>
<trkpt lat="41.4171483" lon="2.1624700">
<ele>153.44</ele>
<time>2025-09-24T15:35:27.000Z</time>
</trkpt>
<trkpt lat="41.4169733" lon="2.1625767">
<ele>154.84</ele>
<time>2025-09-24T15:35:40.000Z</time>
</trkpt>
<trkpt lat="41.4168117" lon="2.1627083">
<ele>155.70</ele>
<time>2025-09-24T15:35:51.000Z</time>
</trkpt>
<trkpt lat="41.4166783" lon="2.1628717">
<ele>159.22</ele>
<time>2025-09-24T15:36:04.000Z</time>
</trkpt>
<trkpt lat="41.4165517" lon="2.1630433">
<ele>160.23</ele>
<time>2025-09-24T15:36:15.000Z</time>
</trkpt>
<trkpt lat="41.4164283" lon="2.1632467">
<ele>162.16</ele>
<time>2025-09-24T15:36:27.000Z</time>
</trkpt>
<trkpt lat="41.4162917" lon="2.1634150">
<ele>162.24</ele>
<time>2025-09-24T15:36:39.000Z</time>
</trkpt>
<trkpt lat="41.4161567" lon="2.1635850">
<ele>160.58</ele>
<time>2025-09-24T15:36:51.000Z</time>
</trkpt>
<trkpt lat="41.4160200" lon="2.1637533">
<ele>157.72</ele>
<time>2025-09-24T15:37:05.000Z</time>
</trkpt>
<trkpt lat="41.4158783" lon="2.1639283">
<ele>155.10</ele>
<time>2025-09-24T15:37:18.000Z</time>
</trkpt>
<trkpt lat="41.4157333" lon="2.1641083">
<ele>152.58</ele>
<time>2025-09-24T15:37:30.000Z</time>
</trkpt>
<trkpt lat="41.4155900" lon="2.1642867">
<ele>145.83</ele>
<time>2025-09-24T15:37:43.000Z</time>
</trkpt>
<trkpt lat="41.4154783" lon="2.1644983">
<ele>142.82</ele>
<time>2025-09-24T15:37:57.000Z</time>
</trkpt>
<trkpt lat="41.4154267" lon="2.1647283">
<ele>138.31</ele>
<time>2025-09-24T15:38:06.000Z</time>
</trkpt>
<trkpt lat="41.4153800" lon="2.1649600">
<ele>129.41</ele>
<time>2025-09-24T15:38:18.000Z</time>
</trkpt>
<extensions>
<om:oruxmapsextensions>
<om:ext type="NAME" subtype="0"><![CDATA[Segmento: 2]]></om:ext>
</om:oruxmapsextensions>
</extensions>
</trkseg>
<trkseg>
<trkpt lat="41.4154283" lon="2.1654050">
<ele>122.58</ele>
<time>2025-09-24T15:51:22.681Z</time>
</trkpt>
<trkpt lat="41.4152233" lon="2.1652350">
<ele>123.97</ele>
<time>2025-09-24T15:51:24.722Z</time>
</trkpt>
<trkpt lat="41.4150417" lon="2.1652833">
<ele>119.48</ele>
<time>2025-09-24T15:51:36.000Z</time>
</trkpt>
<trkpt lat="41.4149783" lon="2.1655150">
<ele>119.66</ele>
<time>2025-09-24T15:51:43.000Z</time>
</trkpt>
<trkpt lat="41.4149917" lon="2.1657900">
<ele>115.18</ele>
<time>2025-09-24T15:51:50.000Z</time>
</trkpt>
<trkpt lat="41.4147917" lon="2.1659067">
<ele>119.72</ele>
<time>2025-09-24T15:51:59.000Z</time>
</trkpt>
<trkpt lat="41.4147650" lon="2.1662033">
<ele>126.00</ele>
<time>2025-09-24T15:52:04.000Z</time>
</trkpt>
<trkpt lat="41.4148783" lon="2.1664733">
<ele>128.75</ele>
<time>2025-09-24T15:52:08.000Z</time>
</trkpt>
<trkpt lat="41.4150400" lon="2.1666983">
<ele>130.44</ele>
<time>2025-09-24T15:52:12.000Z</time>
</trkpt>
<trkpt lat="41.4152200" lon="2.1668983">
<ele>132.00</ele>
<time>2025-09-24T15:52:16.000Z</time>
</trkpt>
<trkpt lat="41.4153383" lon="2.1671367">
<ele>131.86</ele>
<time>2025-09-24T15:52:20.000Z</time>
</trkpt>
<trkpt lat="41.4154667" lon="2.1673633">
<ele>126.88</ele>
<time>2025-09-24T15:52:24.000Z</time>
</trkpt>
<trkpt lat="41.4156050" lon="2.1676033">
<ele>125.24</ele>
<time>2025-09-24T15:52:28.000Z</time>
</trkpt>
<trkpt lat="41.4156933" lon="2.1678633">
<ele>125.71</ele>
<time>2025-09-24T15:52:32.000Z</time>
</trkpt>
<trkpt lat="41.4157550" lon="2.1681267">
<ele>125.79</ele>
<time>2025-09-24T15:52:36.000Z</time>
</trkpt>
<trkpt lat="41.4157450" lon="2.1684433">
<ele>126.43</ele>
<time>2025-09-24T15:52:40.000Z</time>
</trkpt>
<trkpt lat="41.4156600" lon="2.1687200">
<ele>125.88</ele>
<time>2025-09-24T15:52:43.000Z</time>
</trkpt>
<trkpt lat="41.4155850" lon="2.1689567">
<ele>124.73</ele>
<time>2025-09-24T15:52:46.000Z</time>
</trkpt>
<trkpt lat="41.4154967" lon="2.1691867">
<ele>120.38</ele>
<time>2025-09-24T15:52:50.000Z</time>
</trkpt>
<trkpt lat="41.4152900" lon="2.1692950">
<ele>119.67</ele>
<time>2025-09-24T15:52:55.000Z</time>
</trkpt>
<trkpt lat="41.4150350" lon="2.1693117">
<ele>119.20</ele>
<time>2025-09-24T15:52:58.000Z</time>
</trkpt>
<trkpt lat="41.4148550" lon="2.1694033">
<ele>119.39</ele>
<time>2025-09-24T15:53:00.000Z</time>
</trkpt>
<trkpt lat="41.4147033" lon="2.1696500">
<ele>125.49</ele>
<time>2025-09-24T15:53:03.000Z</time>
</trkpt>
<trkpt lat="41.4145317" lon="2.1698750">
<ele>124.81</ele>
<time>2025-09-24T15:53:06.000Z</time>
</trkpt>
<trkpt lat="41.4143817" lon="2.1700767">
<ele>129.13</ele>
<time>2025-09-24T15:53:09.000Z</time>
</trkpt>
<trkpt lat="41.4142567" lon="2.1702733">
<ele>131.94</ele>
<time>2025-09-24T15:53:12.000Z</time>
</trkpt>
<trkpt lat="41.4140700" lon="2.1704567">
<ele>126.86</ele>
<time>2025-09-24T15:53:15.000Z</time>
</trkpt>
<trkpt lat="41.4139400" lon="2.1706700">
<ele>119.20</ele>
<time>2025-09-24T15:53:19.000Z</time>
</trkpt>
<trkpt lat="41.4137950" lon="2.1708250">
<ele>116.20</ele>
<time>2025-09-24T15:53:24.000Z</time>
</trkpt>
<trkpt lat="41.4138183" lon="2.1710933">
<ele>111.77</ele>
<time>2025-09-24T15:53:28.000Z</time>
</trkpt>
<trkpt lat="41.4139733" lon="2.1712833">
<ele>106.78</ele>
<time>2025-09-24T15:53:31.000Z</time>
</trkpt>
<trkpt lat="41.4141283" lon="2.1714933">
<ele>99.39</ele>
<time>2025-09-24T15:53:34.000Z</time>
</trkpt>
<trkpt lat="41.4142933" lon="2.1717067">
<ele>93.81</ele>
<time>2025-09-24T15:53:37.000Z</time>
</trkpt>
<trkpt lat="41.4144717" lon="2.1719400">
<ele>89.77</ele>
<time>2025-09-24T15:53:40.000Z</time>
</trkpt>
<trkpt lat="41.4146350" lon="2.1721550">
<ele>83.57</ele>
<time>2025-09-24T15:53:43.000Z</time>
</trkpt>
<trkpt lat="41.4148167" lon="2.1723683">
<ele>79.66</ele>
<time>2025-09-24T15:53:46.000Z</time>
</trkpt>
<trkpt lat="41.4149867" lon="2.1726083">
<ele>79.72</ele>
<time>2025-09-24T15:53:49.000Z</time>
</trkpt>
<trkpt lat="41.4151567" lon="2.1728383">
<ele>79.26</ele>
<time>2025-09-24T15:53:52.000Z</time>
</trkpt>
<trkpt lat="41.4153150" lon="2.1730517">
<ele>78.76</ele>
<time>2025-09-24T15:53:55.000Z</time>
</trkpt>
<trkpt lat="41.4154650" lon="2.1732400">
<ele>79.74</ele>
<time>2025-09-24T15:53:59.000Z</time>
</trkpt>
<trkpt lat="41.4156217" lon="2.1734733">
<ele>79.87</ele>
<time>2025-09-24T15:54:03.000Z</time>
</trkpt>
<trkpt lat="41.4157650" lon="2.1736767">
<ele>79.45</ele>
<time>2025-09-24T15:54:06.000Z</time>
</trkpt>
<trkpt lat="41.4158967" lon="2.1738483">
<ele>78.29</ele>
<time>2025-09-24T15:54:09.000Z</time>
</trkpt>
<trkpt lat="41.4160333" lon="2.1740333">
<ele>76.03</ele>
<time>2025-09-24T15:54:12.000Z</time>
</trkpt>
<trkpt lat="41.4161917" lon="2.1741550">
<ele>73.84</ele>
<time>2025-09-24T15:54:15.000Z</time>
</trkpt>
<trkpt lat="41.4163417" lon="2.1742900">
<ele>74.29</ele>
<time>2025-09-24T15:54:22.000Z</time>
</trkpt>
<trkpt lat="41.4165417" lon="2.1743450">
<ele>77.13</ele>
<time>2025-09-24T15:54:30.000Z</time>
</trkpt>
<trkpt lat="41.4167150" lon="2.1745417">
<ele>76.01</ele>
<time>2025-09-24T15:54:34.000Z</time>
</trkpt>
<trkpt lat="41.4168433" lon="2.1747450">
<ele>77.91</ele>
<time>2025-09-24T15:54:38.000Z</time>
</trkpt>
<trkpt lat="41.4170083" lon="2.1749167">
<ele>79.23</ele>
<time>2025-09-24T15:54:42.000Z</time>
</trkpt>
<trkpt lat="41.4171600" lon="2.1750967">
<ele>78.94</ele>
<time>2025-09-24T15:54:46.000Z</time>
</trkpt>
<trkpt lat="41.4172983" lon="2.1752933">
<ele>79.55</ele>
<time>2025-09-24T15:54:51.000Z</time>
</trkpt>
<trkpt lat="41.4174467" lon="2.1754650">
<ele>80.87</ele>
<time>2025-09-24T15:54:55.000Z</time>
</trkpt>
<trkpt lat="41.4175900" lon="2.1756583">
<ele>81.08</ele>
<time>2025-09-24T15:54:59.000Z</time>
</trkpt>
<trkpt lat="41.4177350" lon="2.1758217">
<ele>80.29</ele>
<time>2025-09-24T15:55:03.000Z</time>
</trkpt>
<trkpt lat="41.4178800" lon="2.1759683">
<ele>79.30</ele>
<time>2025-09-24T15:55:07.000Z</time>
</trkpt>
<trkpt lat="41.4180083" lon="2.1761367">
<ele>79.20</ele>
<time>2025-09-24T15:55:10.000Z</time>
</trkpt>
<trkpt lat="41.4181883" lon="2.1763483">
<ele>78.50</ele>
<time>2025-09-24T15:55:13.000Z</time>
</trkpt>
<trkpt lat="41.4183750" lon="2.1765617">
<ele>77.92</ele>
<time>2025-09-24T15:55:16.000Z</time>
</trkpt>
<trkpt lat="41.4185483" lon="2.1767617">
<ele>76.57</ele>
<time>2025-09-24T15:55:19.000Z</time>
</trkpt>
<trkpt lat="41.4186883" lon="2.1769767">
<ele>75.04</ele>
<time>2025-09-24T15:55:22.000Z</time>
</trkpt>
<trkpt lat="41.4187767" lon="2.1772300">
<ele>73.76</ele>
<time>2025-09-24T15:55:25.000Z</time>
</trkpt>
<trkpt lat="41.4188133" lon="2.1775617">
<ele>72.55</ele>
<time>2025-09-24T15:55:28.000Z</time>
</trkpt>
<trkpt lat="41.4188367" lon="2.1778233">
<ele>71.42</ele>
<time>2025-09-24T15:55:30.000Z</time>
</trkpt>
<trkpt lat="41.4188583" lon="2.1780867">
<ele>70.32</ele>
<time>2025-09-24T15:55:32.000Z</time>
</trkpt>
<trkpt lat="41.4188817" lon="2.1783283">
<ele>69.13</ele>
<time>2025-09-24T15:55:34.000Z</time>
</trkpt>
<trkpt lat="41.4189200" lon="2.1785800">
<ele>67.97</ele>
<time>2025-09-24T15:55:36.000Z</time>
</trkpt>
<trkpt lat="41.4189517" lon="2.1788550">
<ele>66.50</ele>
<time>2025-09-24T15:55:38.000Z</time>
</trkpt>
<trkpt lat="41.4190117" lon="2.1791000">
<ele>65.10</ele>
<time>2025-09-24T15:55:40.000Z</time>
</trkpt>
<trkpt lat="41.4190633" lon="2.1793317">
<ele>63.51</ele>
<time>2025-09-24T15:55:42.000Z</time>
</trkpt>
<trkpt lat="41.4191350" lon="2.1796100">
<ele>60.99</ele>
<time>2025-09-24T15:55:45.000Z</time>
</trkpt>
<trkpt lat="41.4191933" lon="2.1798533">
<ele>59.09</ele>
<time>2025-09-24T15:55:49.000Z</time>
</trkpt>
<trkpt lat="41.4192467" lon="2.1801117">
<ele>57.73</ele>
<time>2025-09-24T15:55:53.000Z</time>
</trkpt>
<trkpt lat="41.4192600" lon="2.1804083">
<ele>55.50</ele>
<time>2025-09-24T15:55:57.000Z</time>
</trkpt>
<trkpt lat="41.4193817" lon="2.1806633">
<ele>53.07</ele>
<time>2025-09-24T15:56:03.000Z</time>
</trkpt>
<trkpt lat="41.4195217" lon="2.1808483">
<ele>49.87</ele>
<time>2025-09-24T15:56:08.000Z</time>
</trkpt>
<trkpt lat="41.4196300" lon="2.1810567">
<ele>49.04</ele>
<time>2025-09-24T15:56:17.000Z</time>
</trkpt>
<trkpt lat="41.4197800" lon="2.1812483">
<ele>48.51</ele>
<time>2025-09-24T15:56:22.000Z</time>
</trkpt>
<trkpt lat="41.4199133" lon="2.1814517">
<ele>46.71</ele>
<time>2025-09-24T15:56:26.000Z</time>
</trkpt>
<trkpt lat="41.4200667" lon="2.1816550">
<ele>44.16</ele>
<time>2025-09-24T15:56:31.000Z</time>
</trkpt>
<trkpt lat="41.4202117" lon="2.1818033">
<ele>43.52</ele>
<time>2025-09-24T15:56:34.000Z</time>
</trkpt>
<trkpt lat="41.4203600" lon="2.1819850">
<ele>42.40</ele>
<time>2025-09-24T15:56:37.000Z</time>
</trkpt>
<trkpt lat="41.4204950" lon="2.1821517">
<ele>40.69</ele>
<time>2025-09-24T15:56:42.000Z</time>
</trkpt>
<trkpt lat="41.4206267" lon="2.1823783">
<ele>40.03</ele>
<time>2025-09-24T15:56:48.000Z</time>
</trkpt>
<trkpt lat="41.4207950" lon="2.1825800">
<ele>39.55</ele>
<time>2025-09-24T15:56:52.000Z</time>
</trkpt>
<trkpt lat="41.4209367" lon="2.1827783">
<ele>38.97</ele>
<time>2025-09-24T15:56:55.000Z</time>
</trkpt>
<trkpt lat="41.4210783" lon="2.1829650">
<ele>38.51</ele>
<time>2025-09-24T15:56:58.000Z</time>
</trkpt>
<trkpt lat="41.4212100" lon="2.1831500">
<ele>37.63</ele>
<time>2025-09-24T15:57:01.000Z</time>
</trkpt>
<trkpt lat="41.4213800" lon="2.1833733">
<ele>36.27</ele>
<time>2025-09-24T15:57:05.000Z</time>
</trkpt>
<trkpt lat="41.4215400" lon="2.1836033">
<ele>35.62</ele>
<time>2025-09-24T15:57:09.000Z</time>
</trkpt>
<trkpt lat="41.4216767" lon="2.1837750">
<ele>35.84</ele>
<time>2025-09-24T15:57:13.000Z</time>
</trkpt>
<trkpt lat="41.4218467" lon="2.1839267">
<ele>35.49</ele>
<time>2025-09-24T15:57:19.000Z</time>
</trkpt>
<trkpt lat="41.4220467" lon="2.1839967">
<ele>34.89</ele>
<time>2025-09-24T15:57:24.000Z</time>
</trkpt>
<trkpt lat="41.4222500" lon="2.1839533">
<ele>36.10</ele>
<time>2025-09-24T15:57:29.000Z</time>
</trkpt>
<trkpt lat="41.4224267" lon="2.1840117">
<ele>45.09</ele>
<time>2025-09-24T15:57:35.000Z</time>
</trkpt>
<trkpt lat="41.4223317" lon="2.1842217">
<ele>42.24</ele>
<time>2025-09-24T15:57:49.000Z</time>
</trkpt>
<trkpt lat="41.4223233" lon="2.1844633">
<ele>43.09</ele>
<time>2025-09-24T15:57:53.000Z</time>
</trkpt>
<trkpt lat="41.4224200" lon="2.1846850">
<ele>45.00</ele>
<time>2025-09-24T15:57:56.000Z</time>
</trkpt>
<trkpt lat="41.4225417" lon="2.1849183">
<ele>45.42</ele>
<time>2025-09-24T15:57:59.000Z</time>
</trkpt>
<trkpt lat="41.4226800" lon="2.1851283">
<ele>39.85</ele>
<time>2025-09-24T15:58:02.000Z</time>
</trkpt>
<trkpt lat="41.4228433" lon="2.1853200">
<ele>35.54</ele>
<time>2025-09-24T15:58:06.000Z</time>
</trkpt>
<trkpt lat="41.4229700" lon="2.1854933">
<ele>32.91</ele>
<time>2025-09-24T15:58:10.000Z</time>
</trkpt>
<trkpt lat="41.4231383" lon="2.1855817">
<ele>33.80</ele>
<time>2025-09-24T15:58:14.000Z</time>
</trkpt>
<trkpt lat="41.4233517" lon="2.1856450">
<ele>36.11</ele>
<time>2025-09-24T15:58:18.000Z</time>
</trkpt>
<trkpt lat="41.4235517" lon="2.1857267">
<ele>36.76</ele>
<time>2025-09-24T15:58:22.000Z</time>
</trkpt>
<trkpt lat="41.4237267" lon="2.1858000">
<ele>39.22</ele>
<time>2025-09-24T15:58:26.000Z</time>
</trkpt>
<trkpt lat="41.4239367" lon="2.1858617">
<ele>42.46</ele>
<time>2025-09-24T15:58:30.000Z</time>
</trkpt>
<trkpt lat="41.4241617" lon="2.1858950">
<ele>45.84</ele>
<time>2025-09-24T15:58:34.000Z</time>
</trkpt>
<trkpt lat="41.4243550" lon="2.1859067">
<ele>49.09</ele>
<time>2025-09-24T15:58:38.000Z</time>
</trkpt>
<trkpt lat="41.4245417" lon="2.1859900">
<ele>49.46</ele>
<time>2025-09-24T15:58:44.000Z</time>
</trkpt>
<trkpt lat="41.4247100" lon="2.1858983">
<ele>32.11</ele>
<time>2025-09-24T17:52:06.775Z</time>
</trkpt>
<trkpt lat="41.4245617" lon="2.1862067">
<ele>38.01</ele>
<time>2025-09-24T17:52:12.800Z</time>
</trkpt>
<trkpt lat="41.4243733" lon="2.1861467">
<ele>54.51</ele>
<time>2025-09-24T17:52:26.000Z</time>
</trkpt>
<trkpt lat="41.4241833" lon="2.1861117">
<ele>64.80</ele>
<time>2025-09-24T17:52:33.000Z</time>
</trkpt>
<trkpt lat="41.4239800" lon="2.1860617">
<ele>68.06</ele>
<time>2025-09-24T17:52:39.000Z</time>
</trkpt>
<trkpt lat="41.4237467" lon="2.1859917">
<ele>72.25</ele>
<time>2025-09-24T17:52:44.000Z</time>
</trkpt>
<trkpt lat="41.4235433" lon="2.1859483">
<ele>73.82</ele>
<time>2025-09-24T17:52:47.000Z</time>
</trkpt>
<trkpt lat="41.4233233" lon="2.1858883">
<ele>75.05</ele>
<time>2025-09-24T17:52:50.000Z</time>
</trkpt>
<trkpt lat="41.4231533" lon="2.1856967">
<ele>71.04</ele>
<time>2025-09-24T17:52:54.000Z</time>
</trkpt>
<trkpt lat="41.4230833" lon="2.1854483">
<ele>63.51</ele>
<time>2025-09-24T17:52:57.000Z</time>
</trkpt>
<trkpt lat="41.4229617" lon="2.1852717">
<ele>61.93</ele>
<time>2025-09-24T17:53:01.000Z</time>
</trkpt>
<trkpt lat="41.4227650" lon="2.1851917">
<ele>59.85</ele>
<time>2025-09-24T17:53:05.000Z</time>
</trkpt>
<trkpt lat="41.4225683" lon="2.1850317">
<ele>58.94</ele>
<time>2025-09-24T17:53:10.000Z</time>
</trkpt>
<trkpt lat="41.4224467" lon="2.1848067">
<ele>52.76</ele>
<time>2025-09-24T17:53:14.000Z</time>
</trkpt>
<trkpt lat="41.4223283" lon="2.1846083">
<ele>36.74</ele>
<time>2025-09-24T17:53:41.000Z</time>
</trkpt>
<trkpt lat="41.4221350" lon="2.1846833">
<ele>33.93</ele>
<time>2025-09-24T17:53:50.000Z</time>
</trkpt>
<trkpt lat="41.4220750" lon="2.1844433">
<ele>38.35</ele>
<time>2025-09-24T17:54:01.000Z</time>
</trkpt>
<trkpt lat="41.4219950" lon="2.1842083">
<ele>38.91</ele>
<time>2025-09-24T17:54:07.000Z</time>
</trkpt>
<trkpt lat="41.4218700" lon="2.1840183">
<ele>36.94</ele>
<time>2025-09-24T17:54:13.000Z</time>
</trkpt>
<trkpt lat="41.4217383" lon="2.1838383">
<ele>37.14</ele>
<time>2025-09-24T17:54:21.000Z</time>
</trkpt>
<trkpt lat="41.4216783" lon="2.1835800">
<ele>39.74</ele>
<time>2025-09-24T17:54:27.000Z</time>
</trkpt>
<trkpt lat="41.4215383" lon="2.1833583">
<ele>39.98</ele>
<time>2025-09-24T17:54:31.000Z</time>
</trkpt>
<trkpt lat="41.4213867" lon="2.1831750">
<ele>39.74</ele>
<time>2025-09-24T17:54:35.000Z</time>
</trkpt>
<trkpt lat="41.4211917" lon="2.1829867">
<ele>39.04</ele>
<time>2025-09-24T17:54:39.000Z</time>
</trkpt>
<trkpt lat="41.4210200" lon="2.1828383">
<ele>37.61</ele>
<time>2025-09-24T17:54:43.000Z</time>
</trkpt>
<trkpt lat="41.4208317" lon="2.1827217">
<ele>35.79</ele>
<time>2025-09-24T17:54:48.000Z</time>
</trkpt>
<trkpt lat="41.4206617" lon="2.1826167">
<ele>36.29</ele>
<time>2025-09-24T17:54:52.000Z</time>
</trkpt>
<trkpt lat="41.4205183" lon="2.1824217">
<ele>39.25</ele>
<time>2025-09-24T17:54:56.000Z</time>
</trkpt>
<trkpt lat="41.4204083" lon="2.1822083">
<ele>38.66</ele>
<time>2025-09-24T17:55:00.000Z</time>
</trkpt>
<trkpt lat="41.4202600" lon="2.1820567">
<ele>40.36</ele>
<time>2025-09-24T17:55:05.000Z</time>
</trkpt>
<trkpt lat="41.4201133" lon="2.1818550">
<ele>40.59</ele>
<time>2025-09-24T17:55:09.000Z</time>
</trkpt>
<trkpt lat="41.4200167" lon="2.1816100">
<ele>41.29</ele>
<time>2025-09-24T17:55:14.000Z</time>
</trkpt>
<trkpt lat="41.4198550" lon="2.1813950">
<ele>40.32</ele>
<time>2025-09-24T17:55:19.000Z</time>
</trkpt>
<trkpt lat="41.4197017" lon="2.1811533">
<ele>40.08</ele>
<time>2025-09-24T17:55:24.000Z</time>
</trkpt>
<trkpt lat="41.4195850" lon="2.1809683">
<ele>38.07</ele>
<time>2025-09-24T17:55:28.000Z</time>
</trkpt>
<trkpt lat="41.4194717" lon="2.1807433">
<ele>41.25</ele>
<time>2025-09-24T17:55:47.000Z</time>
</trkpt>
<trkpt lat="41.4193250" lon="2.1805917">
<ele>42.34</ele>
<time>2025-09-24T17:55:53.000Z</time>
</trkpt>
<trkpt lat="41.4191467" lon="2.1805183">
<ele>50.28</ele>
<time>2025-09-24T17:56:04.000Z</time>
</trkpt>
<trkpt lat="41.4189617" lon="2.1804367">
<ele>50.26</ele>
<time>2025-09-24T17:56:08.000Z</time>
</trkpt>
<trkpt lat="41.4187717" lon="2.1803833">
<ele>47.01</ele>
<time>2025-09-24T17:56:13.000Z</time>
</trkpt>
<trkpt lat="41.4186083" lon="2.1802183">
<ele>49.56</ele>
<time>2025-09-24T17:56:19.000Z</time>
</trkpt>
<trkpt lat="41.4184717" lon="2.1800550">
<ele>52.44</ele>
<time>2025-09-24T17:56:25.000Z</time>
</trkpt>
<trkpt lat="41.4183667" lon="2.1798333">
<ele>57.25</ele>
<time>2025-09-24T17:56:31.000Z</time>
</trkpt>
<trkpt lat="41.4182567" lon="2.1795983">
<ele>59.04</ele>
<time>2025-09-24T17:56:36.000Z</time>
</trkpt>
<trkpt lat="41.4183000" lon="2.1793583">
<ele>57.47</ele>
<time>2025-09-24T17:56:41.000Z</time>
</trkpt>
<trkpt lat="41.4184683" lon="2.1790950">
<ele>56.40</ele>
<time>2025-09-24T17:56:45.000Z</time>
</trkpt>
<trkpt lat="41.4186150" lon="2.1788983">
<ele>55.12</ele>
<time>2025-09-24T17:56:49.000Z</time>
</trkpt>
<trkpt lat="41.4187567" lon="2.1786917">
<ele>54.90</ele>
<time>2025-09-24T17:56:53.000Z</time>
</trkpt>
<trkpt lat="41.4188750" lon="2.1785000">
<ele>57.61</ele>
<time>2025-09-24T17:56:58.000Z</time>
</trkpt>
<trkpt lat="41.4188850" lon="2.1782467">
<ele>64.30</ele>
<time>2025-09-24T17:57:05.000Z</time>
</trkpt>
<trkpt lat="41.4188850" lon="2.1779983">
<ele>66.48</ele>
<time>2025-09-24T17:57:11.000Z</time>
</trkpt>
<trkpt lat="41.4188533" lon="2.1777417">
<ele>67.31</ele>
<time>2025-09-24T17:57:18.000Z</time>
</trkpt>
<trkpt lat="41.4187533" lon="2.1775350">
<ele>68.99</ele>
<time>2025-09-24T17:57:26.000Z</time>
</trkpt>
<trkpt lat="41.4185783" lon="2.1774000">
<ele>73.70</ele>
<time>2025-09-24T17:57:33.000Z</time>
</trkpt>
<trkpt lat="41.4183917" lon="2.1772817">
<ele>78.05</ele>
<time>2025-09-24T17:57:41.000Z</time>
</trkpt>
<trkpt lat="41.4181900" lon="2.1772133">
<ele>81.44</ele>
<time>2025-09-24T17:57:48.000Z</time>
</trkpt>
<trkpt lat="41.4179950" lon="2.1771150">
<ele>81.87</ele>
<time>2025-09-24T17:57:54.000Z</time>
</trkpt>
<trkpt lat="41.4178300" lon="2.1770150">
<ele>80.82</ele>
<time>2025-09-24T17:57:59.000Z</time>
</trkpt>
<trkpt lat="41.4176550" lon="2.1768683">
<ele>79.29</ele>
<time>2025-09-24T17:58:05.000Z</time>
</trkpt>
<trkpt lat="41.4174867" lon="2.1767683">
<ele>78.82</ele>
<time>2025-09-24T17:58:10.000Z</time>
</trkpt>
<trkpt lat="41.4173100" lon="2.1767017">
<ele>77.61</ele>
<time>2025-09-24T17:58:15.000Z</time>
</trkpt>
<trkpt lat="41.4171350" lon="2.1765683">
<ele>75.77</ele>
<time>2025-09-24T17:58:20.000Z</time>
</trkpt>
<trkpt lat="41.4170083" lon="2.1763967">
<ele>72.35</ele>
<time>2025-09-24T17:58:31.000Z</time>
</trkpt>
<trkpt lat="41.4170883" lon="2.1761600">
<ele>78.05</ele>
<time>2025-09-24T17:58:37.000Z</time>
</trkpt>
<trkpt lat="41.4171617" lon="2.1759050">
<ele>81.66</ele>
<time>2025-09-24T17:58:45.000Z</time>
</trkpt>
<trkpt lat="41.4172450" lon="2.1756750">
<ele>82.04</ele>
<time>2025-09-24T17:58:52.000Z</time>
</trkpt>
<trkpt lat="41.4173550" lon="2.1754600">
<ele>80.87</ele>
<time>2025-09-24T17:58:58.000Z</time>
</trkpt>
<trkpt lat="41.4173683" lon="2.1752000">
<ele>81.78</ele>
<time>2025-09-24T17:59:05.000Z</time>
</trkpt>
<trkpt lat="41.4172700" lon="2.1749900">
<ele>85.73</ele>
<time>2025-09-24T17:59:10.000Z</time>
</trkpt>
<trkpt lat="41.4171250" lon="2.1747700">
<ele>89.22</ele>
<time>2025-09-24T17:59:15.000Z</time>
</trkpt>
<trkpt lat="41.4169650" lon="2.1745850">
<ele>89.97</ele>
<time>2025-09-24T17:59:19.000Z</time>
</trkpt>
<trkpt lat="41.4168217" lon="2.1744200">
<ele>86.26</ele>
<time>2025-09-24T17:59:22.000Z</time>
</trkpt>
<trkpt lat="41.4166967" lon="2.1742400">
<ele>84.62</ele>
<time>2025-09-24T17:59:25.000Z</time>
</trkpt>
<trkpt lat="41.4165500" lon="2.1739983">
<ele>82.80</ele>
<time>2025-09-24T17:59:29.000Z</time>
</trkpt>
<trkpt lat="41.4164733" lon="2.1737567">
<ele>82.59</ele>
<time>2025-09-24T17:59:33.000Z</time>
</trkpt>
<trkpt lat="41.4163667" lon="2.1735233">
<ele>82.17</ele>
<time>2025-09-24T17:59:38.000Z</time>
</trkpt>
<trkpt lat="41.4161933" lon="2.1733783">
<ele>81.65</ele>
<time>2025-09-24T17:59:43.000Z</time>
</trkpt>
<trkpt lat="41.4159967" lon="2.1733000">
<ele>82.17</ele>
<time>2025-09-24T17:59:48.000Z</time>
</trkpt>
<trkpt lat="41.4158383" lon="2.1731533">
<ele>84.81</ele>
<time>2025-09-24T17:59:53.000Z</time>
</trkpt>
<trkpt lat="41.4156733" lon="2.1729583">
<ele>85.78</ele>
<time>2025-09-24T17:59:59.000Z</time>
</trkpt>
<trkpt lat="41.4155417" lon="2.1727433">
<ele>87.21</ele>
<time>2025-09-24T18:00:04.000Z</time>
</trkpt>
<trkpt lat="41.4154017" lon="2.1725367">
<ele>88.27</ele>
<time>2025-09-24T18:00:09.000Z</time>
</trkpt>
<trkpt lat="41.4152717" lon="2.1723650">
<ele>88.44</ele>
<time>2025-09-24T18:00:13.000Z</time>
</trkpt>
<trkpt lat="41.4151400" lon="2.1721850">
<ele>87.46</ele>
<time>2025-09-24T18:00:17.000Z</time>
</trkpt>
<trkpt lat="41.4150133" lon="2.1720117">
<ele>87.28</ele>
<time>2025-09-24T18:00:21.000Z</time>
</trkpt>
<trkpt lat="41.4148883" lon="2.1718350">
<ele>87.14</ele>
<time>2025-09-24T18:00:25.000Z</time>
</trkpt>
<trkpt lat="41.4147317" lon="2.1716417">
<ele>87.33</ele>
<time>2025-09-24T18:00:30.000Z</time>
</trkpt>
<trkpt lat="41.4145967" lon="2.1714317">
<ele>89.01</ele>
<time>2025-09-24T18:00:36.000Z</time>
</trkpt>
<trkpt lat="41.4144433" lon="2.1712450">
<ele>89.91</ele>
<time>2025-09-24T18:00:42.000Z</time>
</trkpt>
<trkpt lat="41.4143150" lon="2.1710500">
<ele>91.36</ele>
<time>2025-09-24T18:00:48.000Z</time>
</trkpt>
<trkpt lat="41.4141783" lon="2.1708650">
<ele>94.86</ele>
<time>2025-09-24T18:00:54.000Z</time>
</trkpt>
<trkpt lat="41.4140717" lon="2.1706200">
<ele>98.23</ele>
<time>2025-09-24T18:01:03.000Z</time>
</trkpt>
<trkpt lat="41.4139500" lon="2.1704250">
<ele>101.85</ele>
<time>2025-09-24T18:01:09.000Z</time>
</trkpt>
<trkpt lat="41.4137967" lon="2.1702350">
<ele>104.68</ele>
<time>2025-09-24T18:01:15.000Z</time>
</trkpt>
<trkpt lat="41.4136533" lon="2.1700150">
<ele>106.21</ele>
<time>2025-09-24T18:01:21.000Z</time>
</trkpt>
<trkpt lat="41.4135333" lon="2.1697700">
<ele>105.44</ele>
<time>2025-09-24T18:01:25.000Z</time>
</trkpt>
<trkpt lat="41.4134367" lon="2.1695650">
<ele>104.85</ele>
<time>2025-09-24T18:01:28.000Z</time>
</trkpt>
<trkpt lat="41.4133083" lon="2.1693283">
<ele>101.68</ele>
<time>2025-09-24T18:01:32.000Z</time>
</trkpt>
<trkpt lat="41.4131933" lon="2.1691417">
<ele>101.15</ele>
<time>2025-09-24T18:01:36.000Z</time>
</trkpt>
<trkpt lat="41.4130683" lon="2.1689017">
<ele>102.04</ele>
<time>2025-09-24T18:01:41.000Z</time>
</trkpt>
<trkpt lat="41.4129717" lon="2.1686333">
<ele>102.41</ele>
<time>2025-09-24T18:01:45.000Z</time>
</trkpt>
<trkpt lat="41.4128717" lon="2.1684117">
<ele>102.70</ele>
<time>2025-09-24T18:01:49.000Z</time>
</trkpt>
<trkpt lat="41.4128017" lon="2.1681617">
<ele>103.03</ele>
<time>2025-09-24T18:01:53.000Z</time>
</trkpt>
<trkpt lat="41.4128583" lon="2.1679100">
<ele>108.26</ele>
<time>2025-09-24T18:02:00.000Z</time>
</trkpt>
<trkpt lat="41.4130283" lon="2.1678033">
<ele>114.36</ele>
<time>2025-09-24T18:02:05.000Z</time>
</trkpt>
<trkpt lat="41.4132167" lon="2.1676500">
<ele>121.19</ele>
<time>2025-09-24T18:02:11.000Z</time>
</trkpt>
<trkpt lat="41.4134150" lon="2.1676500">
<ele>119.96</ele>
<time>2025-09-24T18:02:15.000Z</time>
</trkpt>
<trkpt lat="41.4135800" lon="2.1675033">
<ele>119.56</ele>
<time>2025-09-24T18:02:20.000Z</time>
</trkpt>
<trkpt lat="41.4137433" lon="2.1673733">
<ele>121.35</ele>
<time>2025-09-24T18:02:26.000Z</time>
</trkpt>
<trkpt lat="41.4139283" lon="2.1673100">
<ele>118.93</ele>
<time>2025-09-24T18:02:32.000Z</time>
</trkpt>
<trkpt lat="41.4141133" lon="2.1671917">
<ele>118.19</ele>
<time>2025-09-24T18:02:39.000Z</time>
</trkpt>
<trkpt lat="41.4142900" lon="2.1671033">
<ele>118.58</ele>
<time>2025-09-24T18:02:46.000Z</time>
</trkpt>
<trkpt lat="41.4144600" lon="2.1670033">
<ele>123.23</ele>
<time>2025-09-24T18:02:55.000Z</time>
</trkpt>
<trkpt lat="41.4146400" lon="2.1669083">
<ele>125.10</ele>
<time>2025-09-24T18:03:05.000Z</time>
</trkpt>
<trkpt lat="41.4147950" lon="2.1667733">
<ele>128.19</ele>
<time>2025-09-24T18:03:15.000Z</time>
</trkpt>
<trkpt lat="41.4149917" lon="2.1667633">
<ele>131.00</ele>
<time>2025-09-24T18:03:27.000Z</time>
</trkpt>
<trkpt lat="41.4151800" lon="2.1668133">
<ele>129.97</ele>
<time>2025-09-24T18:03:36.000Z</time>
</trkpt>
<trkpt lat="41.4152367" lon="2.1665817">
<ele>131.00</ele>
<time>2025-09-24T18:03:42.000Z</time>
</trkpt>
<trkpt lat="41.4152017" lon="2.1663450">
<ele>128.88</ele>
<time>2025-09-24T18:03:47.000Z</time>
</trkpt>
<trkpt lat="41.4151217" lon="2.1661233">
<ele>124.76</ele>
<time>2025-09-24T18:03:52.000Z</time>
</trkpt>
<trkpt lat="41.4150817" lon="2.1658817">
<ele>122.89</ele>
<time>2025-09-24T18:03:58.000Z</time>
</trkpt>
<trkpt lat="41.4151450" lon="2.1656417">
<ele>127.15</ele>
<time>2025-09-24T18:04:09.000Z</time>
</trkpt>
<trkpt lat="41.4151450" lon="2.1653633">
<ele>130.94</ele>
<time>2025-09-24T18:04:19.000Z</time>
</trkpt>
<trkpt lat="41.4150817" lon="2.1651333">
<ele>133.06</ele>
<time>2025-09-24T18:05:29.000Z</time>
</trkpt>
<extensions>
<om:oruxmapsextensions>
<om:ext type="NAME" subtype="0"><![CDATA[Segment: 3]]></om:ext>
</om:oruxmapsextensions>
</extensions>
</trkseg>
<trkseg>
<trkpt lat="41.4236000" lon="2.1434617">
<ele>178.90</ele>
<time>2025-09-25T16:00:37.000Z</time>
</trkpt>
<trkpt lat="41.4235200" lon="2.1437050">
<ele>165.12</ele>
<time>2025-09-25T16:01:16.000Z</time>
</trkpt>
<trkpt lat="41.4235100" lon="2.1439500">
<ele>169.35</ele>
<time>2025-09-25T16:01:26.000Z</time>
</trkpt>
<trkpt lat="41.4235167" lon="2.1442050">
<ele>165.25</ele>
<time>2025-09-25T16:01:37.000Z</time>
</trkpt>
<trkpt lat="41.4235350" lon="2.1444500">
<ele>159.55</ele>
<time>2025-09-25T16:01:50.000Z</time>
</trkpt>
<trkpt lat="41.4235883" lon="2.1447000">
<ele>159.62</ele>
<time>2025-09-25T16:02:03.000Z</time>
</trkpt>
<trkpt lat="41.4236400" lon="2.1449550">
<ele>153.30</ele>
<time>2025-09-25T16:02:15.000Z</time>
</trkpt>
<trkpt lat="41.4236917" lon="2.1451900">
<ele>145.76</ele>
<time>2025-09-25T16:02:26.000Z</time>
</trkpt>
<trkpt lat="41.4237450" lon="2.1454217">
<ele>138.32</ele>
<time>2025-09-25T16:02:40.000Z</time>
</trkpt>
<trkpt lat="41.4237367" lon="2.1456700">
<ele>130.15</ele>
<time>2025-09-25T16:02:57.000Z</time>
</trkpt>
<trkpt lat="41.4235783" lon="2.1458067">
<ele>133.52</ele>
<time>2025-09-25T16:03:05.000Z</time>
</trkpt>
<trkpt lat="41.4234500" lon="2.1459850">
<ele>135.63</ele>
<time>2025-09-25T16:03:17.000Z</time>
</trkpt>
<trkpt lat="41.4234683" lon="2.1462317">
<ele>133.72</ele>
<time>2025-09-25T16:03:32.000Z</time>
</trkpt>
<trkpt lat="41.4234617" lon="2.1464750">
<ele>129.61</ele>
<time>2025-09-25T16:03:50.000Z</time>
</trkpt>
<trkpt lat="41.4234550" lon="2.1467200">
<ele>131.24</ele>
<time>2025-09-25T16:04:02.000Z</time>
</trkpt>
<trkpt lat="41.4234483" lon="2.1469717">
<ele>126.97</ele>
<time>2025-09-25T16:04:18.000Z</time>
</trkpt>
<trkpt lat="41.4234417" lon="2.1472267">
<ele>125.40</ele>
<time>2025-09-25T16:04:32.000Z</time>
</trkpt>
<trkpt lat="41.4234350" lon="2.1474833">
<ele>123.58</ele>
<time>2025-09-25T16:04:44.000Z</time>
</trkpt>
<trkpt lat="41.4234833" lon="2.1477183">
<ele>129.35</ele>
<time>2025-09-25T16:04:59.000Z</time>
</trkpt>
<trkpt lat="41.4235600" lon="2.1479433">
<ele>130.49</ele>
<time>2025-09-25T16:05:11.000Z</time>
</trkpt>
<trkpt lat="41.4236700" lon="2.1481517">
<ele>133.66</ele>
<time>2025-09-25T16:05:23.000Z</time>
</trkpt>
<trkpt lat="41.4237533" lon="2.1483833">
<ele>132.41</ele>
<time>2025-09-25T16:05:34.000Z</time>
</trkpt>
<trkpt lat="41.4238917" lon="2.1485600">
<ele>130.07</ele>
<time>2025-09-25T16:05:44.000Z</time>
</trkpt>
<trkpt lat="41.4240300" lon="2.1487350">
<ele>130.84</ele>
<time>2025-09-25T16:05:56.000Z</time>
</trkpt>
<trkpt lat="41.4241683" lon="2.1489133">
<ele>133.27</ele>
<time>2025-09-25T16:06:10.000Z</time>
</trkpt>
<trkpt lat="41.4243000" lon="2.1490833">
<ele>134.73</ele>
<time>2025-09-25T16:06:22.000Z</time>
</trkpt>
<trkpt lat="41.4244383" lon="2.1492600">
<ele>134.41</ele>
<time>2025-09-25T16:06:34.000Z</time>
</trkpt>
<trkpt lat="41.4245717" lon="2.1494300">
<ele>138.64</ele>
<time>2025-09-25T16:06:43.000Z</time>
</trkpt>
<trkpt lat="41.4247150" lon="2.1496067">
<ele>147.84</ele>
<time>2025-09-25T16:06:54.000Z</time>
</trkpt>
<trkpt lat="41.4247467" lon="2.1498583">
<ele>151.79</ele>
<time>2025-09-25T16:07:14.000Z</time>
</trkpt>
<trkpt lat="41.4248317" lon="2.1500867">
<ele>151.41</ele>
<time>2025-09-25T16:07:27.000Z</time>
</trkpt>
<trkpt lat="41.4249633" lon="2.1502600">
<ele>152.88</ele>
<time>2025-09-25T16:07:39.000Z</time>
</trkpt>
<trkpt lat="41.4248317" lon="2.1504267">
<ele>153.62</ele>
<time>2025-09-25T16:07:59.000Z</time>
</trkpt>
<trkpt lat="41.4246833" lon="2.1505833">
<ele>155.62</ele>
<time>2025-09-25T16:08:20.000Z</time>
</trkpt>
<trkpt lat="41.4247467" lon="2.1508333">
<ele>150.69</ele>
<time>2025-09-25T16:08:35.000Z</time>
</trkpt>
<trkpt lat="41.4248000" lon="2.1510700">
<ele>150.50</ele>
<time>2025-09-25T16:08:51.000Z</time>
</trkpt>
<trkpt lat="41.4248133" lon="2.1513150">
<ele>148.89</ele>
<time>2025-09-25T16:09:06.000Z</time>
</trkpt>
<trkpt lat="41.4248183" lon="2.1515633">
<ele>135.92</ele>
<time>2025-09-25T16:09:22.000Z</time>
</trkpt>
<trkpt lat="41.4247267" lon="2.1517883">
<ele>131.16</ele>
<time>2025-09-25T16:09:36.000Z</time>
</trkpt>
<trkpt lat="41.4246000" lon="2.1519767">
<ele>132.02</ele>
<time>2025-09-25T16:09:47.000Z</time>
</trkpt>
<trkpt lat="41.4244500" lon="2.1521567">
<ele>136.48</ele>
<time>2025-09-25T16:10:00.000Z</time>
</trkpt>
<trkpt lat="41.4242983" lon="2.1523033">
<ele>138.02</ele>
<time>2025-09-25T16:10:13.000Z</time>
</trkpt>
<trkpt lat="41.4241567" lon="2.1524533">
<ele>140.87</ele>
<time>2025-09-25T16:10:24.000Z</time>
</trkpt>
<trkpt lat="41.4240067" lon="2.1526200">
<ele>130.25</ele>
<time>2025-09-25T16:10:42.000Z</time>
</trkpt>
<trkpt lat="41.4238733" lon="2.1528033">
<ele>134.82</ele>
<time>2025-09-25T16:10:51.000Z</time>
</trkpt>
<trkpt lat="41.4237317" lon="2.1529633">
<ele>128.44</ele>
<time>2025-09-25T16:11:05.000Z</time>
</trkpt>
<trkpt lat="41.4235883" lon="2.1531300">
<ele>132.41</ele>
<time>2025-09-25T16:11:21.000Z</time>
</trkpt>
<trkpt lat="41.4234433" lon="2.1533000">
<ele>136.19</ele>
<time>2025-09-25T16:11:30.000Z</time>
</trkpt>
<trkpt lat="41.4233167" lon="2.1534750">
<ele>144.24</ele>
<time>2025-09-25T16:11:41.000Z</time>
</trkpt>
<trkpt lat="41.4231667" lon="2.1536200">
<ele>141.41</ele>
<time>2025-09-25T16:11:57.000Z</time>
</trkpt>
<trkpt lat="41.4230383" lon="2.1537933">
<ele>129.61</ele>
<time>2025-09-25T16:12:12.000Z</time>
</trkpt>
<trkpt lat="41.4229300" lon="2.1539933">
<ele>138.94</ele>
<time>2025-09-25T16:12:27.000Z</time>
</trkpt>
<trkpt lat="41.4227633" lon="2.1540983">
<ele>147.58</ele>
<time>2025-09-25T16:12:39.000Z</time>
</trkpt>
<trkpt lat="41.4226817" lon="2.1543217">
<ele>154.31</ele>
<time>2025-09-25T16:12:57.000Z</time>
</trkpt>
<trkpt lat="41.4225317" lon="2.1544817">
<ele>160.52</ele>
<time>2025-09-25T16:13:12.000Z</time>
</trkpt>
<trkpt lat="41.4223500" lon="2.1545717">
<ele>153.03</ele>
<time>2025-09-25T16:13:32.000Z</time>
</trkpt>
<trkpt lat="41.4221917" lon="2.1546883">
<ele>146.93</ele>
<time>2025-09-25T16:13:43.000Z</time>
</trkpt>
<trkpt lat="41.4220433" lon="2.1548283">
<ele>142.93</ele>
<time>2025-09-25T16:13:56.000Z</time>
</trkpt>
<trkpt lat="41.4218983" lon="2.1549883">
<ele>140.82</ele>
<time>2025-09-25T16:14:08.000Z</time>
</trkpt>
<trkpt lat="41.4217617" lon="2.1551617">
<ele>140.71</ele>
<time>2025-09-25T16:14:20.000Z</time>
</trkpt>
<trkpt lat="41.4216517" lon="2.1553583">
<ele>145.15</ele>
<time>2025-09-25T16:14:33.000Z</time>
</trkpt>
<trkpt lat="41.4215817" lon="2.1555833">
<ele>148.41</ele>
<time>2025-09-25T16:14:46.000Z</time>
</trkpt>
<trkpt lat="41.4214067" lon="2.1556883">
<ele>150.36</ele>
<time>2025-09-25T16:14:58.000Z</time>
</trkpt>
<trkpt lat="41.4213050" lon="2.1558967">
<ele>151.65</ele>
<time>2025-09-25T16:15:15.000Z</time>
</trkpt>
<trkpt lat="41.4212583" lon="2.1561467">
<ele>148.47</ele>
<time>2025-09-25T16:15:31.000Z</time>
</trkpt>
<trkpt lat="41.4211667" lon="2.1563533">
<ele>156.96</ele>
<time>2025-09-25T16:15:44.000Z</time>
</trkpt>
<trkpt lat="41.4209933" lon="2.1564683">
<ele>158.42</ele>
<time>2025-09-25T16:15:58.000Z</time>
</trkpt>
<trkpt lat="41.4208250" lon="2.1565667">
<ele>158.31</ele>
<time>2025-09-25T16:16:13.000Z</time>
</trkpt>
<trkpt lat="41.4206600" lon="2.1567050">
<ele>158.78</ele>
<time>2025-09-25T16:16:25.000Z</time>
</trkpt>
<trkpt lat="41.4204833" lon="2.1567783">
<ele>163.37</ele>
<time>2025-09-25T16:16:38.000Z</time>
</trkpt>
<trkpt lat="41.4203267" lon="2.1569267">
<ele>166.85</ele>
<time>2025-09-25T16:16:52.000Z</time>
</trkpt>
<trkpt lat="41.4201467" lon="2.1569833">
<ele>170.26</ele>
<time>2025-09-25T16:17:06.000Z</time>
</trkpt>
<trkpt lat="41.4199617" lon="2.1570233">
<ele>174.51</ele>
<time>2025-09-25T16:17:23.000Z</time>
</trkpt>
<trkpt lat="41.4197783" lon="2.1570500">
<ele>175.47</ele>
<time>2025-09-25T16:17:37.000Z</time>
</trkpt>
<trkpt lat="41.4195983" lon="2.1571083">
<ele>178.09</ele>
<time>2025-09-25T16:17:50.000Z</time>
</trkpt>
<trkpt lat="41.4194333" lon="2.1572133">
<ele>180.23</ele>
<time>2025-09-25T16:18:04.000Z</time>
</trkpt>
<trkpt lat="41.4192533" lon="2.1572117">
<ele>187.54</ele>
<time>2025-09-25T16:18:18.000Z</time>
</trkpt>
<trkpt lat="41.4190767" lon="2.1572967">
<ele>190.21</ele>
<time>2025-09-25T16:18:33.000Z</time>
</trkpt>
<trkpt lat="41.4188967" lon="2.1572817">
<ele>186.19</ele>
<time>2025-09-25T16:18:47.000Z</time>
</trkpt>
<trkpt lat="41.4187433" lon="2.1574133">
<ele>188.69</ele>
<time>2025-09-25T16:19:18.000Z</time>
</trkpt>
<trkpt lat="41.4185633" lon="2.1573767">
<ele>187.99</ele>
<time>2025-09-25T16:19:32.000Z</time>
</trkpt>
<trkpt lat="41.4183783" lon="2.1574317">
<ele>187.12</ele>
<time>2025-09-25T16:19:46.000Z</time>
</trkpt>
<trkpt lat="41.4182050" lon="2.1575183">
<ele>188.08</ele>
<time>2025-09-25T16:20:00.000Z</time>
</trkpt>
<trkpt lat="41.4180467" lon="2.1576400">
<ele>188.19</ele>
<time>2025-09-25T16:20:13.000Z</time>
</trkpt>
<trkpt lat="41.4179033" lon="2.1578067">
<ele>186.55</ele>
<time>2025-09-25T16:20:27.000Z</time>
</trkpt>
<trkpt lat="41.4177600" lon="2.1579550">
<ele>182.68</ele>
<time>2025-09-25T16:20:40.000Z</time>
</trkpt>
<trkpt lat="41.4175917" lon="2.1580767">
<ele>180.99</ele>
<time>2025-09-25T16:20:52.000Z</time>
</trkpt>
<trkpt lat="41.4174733" lon="2.1582667">
<ele>180.28</ele>
<time>2025-09-25T16:21:02.000Z</time>
</trkpt>
<trkpt lat="41.4173100" lon="2.1583900">
<ele>177.43</ele>
<time>2025-09-25T16:21:16.000Z</time>
</trkpt>
<trkpt lat="41.4171700" lon="2.1585600">
<ele>175.83</ele>
<time>2025-09-25T16:21:31.000Z</time>
</trkpt>
<trkpt lat="41.4169883" lon="2.1586483">
<ele>178.37</ele>
<time>2025-09-25T16:21:43.000Z</time>
</trkpt>
<trkpt lat="41.4168150" lon="2.1587250">
<ele>180.99</ele>
<time>2025-09-25T16:21:58.000Z</time>
</trkpt>
<trkpt lat="41.4166283" lon="2.1587133">
<ele>178.84</ele>
<time>2025-09-25T16:22:13.000Z</time>
</trkpt>
<trkpt lat="41.4164683" lon="2.1588317">
<ele>176.14</ele>
<time>2025-09-25T16:22:26.000Z</time>
</trkpt>
<trkpt lat="41.4164533" lon="2.1590717">
<ele>177.01</ele>
<time>2025-09-25T16:22:37.000Z</time>
</trkpt>
<trkpt lat="41.4164883" lon="2.1593167">
<ele>169.13</ele>
<time>2025-09-25T16:23:11.000Z</time>
</trkpt>
<trkpt lat="41.4166333" lon="2.1594800">
<ele>168.54</ele>
<time>2025-09-25T16:23:58.000Z</time>
</trkpt>
<trkpt lat="41.4168183" lon="2.1595150">
<ele>167.16</ele>
<time>2025-09-25T16:24:10.000Z</time>
</trkpt>
<trkpt lat="41.4169383" lon="2.1597217">
<ele>164.42</ele>
<time>2025-09-25T16:24:22.000Z</time>
</trkpt>
<trkpt lat="41.4170850" lon="2.1598850">
<ele>161.39</ele>
<time>2025-09-25T16:24:36.000Z</time>
</trkpt>
<trkpt lat="41.4171350" lon="2.1601217">
<ele>158.03</ele>
<time>2025-09-25T16:24:48.000Z</time>
</trkpt>
<trkpt lat="41.4171217" lon="2.1603850">
<ele>157.83</ele>
<time>2025-09-25T16:25:01.000Z</time>
</trkpt>
<trkpt lat="41.4169450" lon="2.1604983">
<ele>162.88</ele>
<time>2025-09-25T16:25:11.000Z</time>
</trkpt>
<trkpt lat="41.4167767" lon="2.1606033">
<ele>162.52</ele>
<time>2025-09-25T16:25:23.000Z</time>
</trkpt>
<trkpt lat="41.4167150" lon="2.1608350">
<ele>157.06</ele>
<time>2025-09-25T16:25:33.000Z</time>
</trkpt>
<trkpt lat="41.4167367" lon="2.1610800">
<ele>149.44</ele>
<time>2025-09-25T16:25:47.000Z</time>
</trkpt>
<trkpt lat="41.4169000" lon="2.1612283">
<ele>150.27</ele>
<time>2025-09-25T16:25:58.000Z</time>
</trkpt>
<trkpt lat="41.4170267" lon="2.1614100">
<ele>151.89</ele>
<time>2025-09-25T16:26:10.000Z</time>
</trkpt>
<trkpt lat="41.4170933" lon="2.1616450">
<ele>154.14</ele>
<time>2025-09-25T16:26:25.000Z</time>
</trkpt>
<trkpt lat="41.4171683" lon="2.1618800">
<ele>154.76</ele>
<time>2025-09-25T16:26:35.000Z</time>
</trkpt>
<trkpt lat="41.4172317" lon="2.1621083">
<ele>155.99</ele>
<time>2025-09-25T16:26:46.000Z</time>
</trkpt>
<trkpt lat="41.4171467" lon="2.1623350">
<ele>153.03</ele>
<time>2025-09-25T16:26:58.000Z</time>
</trkpt>
<trkpt lat="41.4170433" lon="2.1625333">
<ele>147.12</ele>
<time>2025-09-25T16:27:09.000Z</time>
</trkpt>
<trkpt lat="41.4168717" lon="2.1626150">
<ele>144.63</ele>
<time>2025-09-25T16:27:21.000Z</time>
</trkpt>
<trkpt lat="41.4167500" lon="2.1628083">
<ele>145.17</ele>
<time>2025-09-25T16:27:32.000Z</time>
</trkpt>
<trkpt lat="41.4166383" lon="2.1630017">
<ele>144.82</ele>
<time>2025-09-25T16:27:45.000Z</time>
</trkpt>
<trkpt lat="41.4164983" lon="2.1631733">
<ele>153.80</ele>
<time>2025-09-25T16:28:01.000Z</time>
</trkpt>
<trkpt lat="41.4163600" lon="2.1633450">
<ele>147.57</ele>
<time>2025-09-25T16:28:13.000Z</time>
</trkpt>
<trkpt lat="41.4162183" lon="2.1635200">
<ele>149.45</ele>
<time>2025-09-25T16:28:27.000Z</time>
</trkpt>
<trkpt lat="41.4160800" lon="2.1636933">
<ele>148.22</ele>
<time>2025-09-25T16:28:41.000Z</time>
</trkpt>
<trkpt lat="41.4159433" lon="2.1638583">
<ele>146.75</ele>
<time>2025-09-25T16:28:54.000Z</time>
</trkpt>
<trkpt lat="41.4158050" lon="2.1640300">
<ele>146.84</ele>
<time>2025-09-25T16:29:09.000Z</time>
</trkpt>
<trkpt lat="41.4156650" lon="2.1642033">
<ele>148.13</ele>
<time>2025-09-25T16:29:24.000Z</time>
</trkpt>
<trkpt lat="41.4155183" lon="2.1643617">
<ele>149.56</ele>
<time>2025-09-25T16:29:36.000Z</time>
</trkpt>
<trkpt lat="41.4154133" lon="2.1645700">
<ele>147.38</ele>
<time>2025-09-25T16:29:46.000Z</time>
</trkpt>
<trkpt lat="41.4153567" lon="2.1648117">
<ele>143.60</ele>
<time>2025-09-25T16:29:59.000Z</time>
</trkpt>
<extensions>
<om:oruxmapsextensions>
<om:ext type="NAME" subtype="0"><![CDATA[Segment: 4]]></om:ext>
</om:oruxmapsextensions>
</extensions>
</trkseg>
<trkseg>
<trkpt lat="41.4151900" lon="2.1652100">
<ele>130.74</ele>
<time>2025-09-25T18:01:07.522Z</time>
</trkpt>
<trkpt lat="41.4150117" lon="2.1653417">
<ele>133.79</ele>
<time>2025-09-25T18:02:50.000Z</time>
</trkpt>
<trkpt lat="41.4150067" lon="2.1656250">
<ele>129.88</ele>
<time>2025-09-25T18:02:54.000Z</time>
</trkpt>
<trkpt lat="41.4148450" lon="2.1657550">
<ele>111.13</ele>
<time>2025-09-25T18:03:08.000Z</time>
</trkpt>
<trkpt lat="41.4146850" lon="2.1656067">
<ele>110.64</ele>
<time>2025-09-25T18:03:14.000Z</time>
</trkpt>
<trkpt lat="41.4145783" lon="2.1653883">
<ele>108.81</ele>
<time>2025-09-25T18:03:17.000Z</time>
</trkpt>
<trkpt lat="41.4144500" lon="2.1651267">
<ele>108.23</ele>
<time>2025-09-25T18:03:20.000Z</time>
</trkpt>
<trkpt lat="41.4143500" lon="2.1648950">
<ele>107.16</ele>
<time>2025-09-25T18:03:23.000Z</time>
</trkpt>
<trkpt lat="41.4142450" lon="2.1646967">
<ele>105.92</ele>
<time>2025-09-25T18:03:26.000Z</time>
</trkpt>
<trkpt lat="41.4141067" lon="2.1644733">
<ele>105.42</ele>
<time>2025-09-25T18:03:29.000Z</time>
</trkpt>
<trkpt lat="41.4139783" lon="2.1642200">
<ele>104.19</ele>
<time>2025-09-25T18:03:32.000Z</time>
</trkpt>
<trkpt lat="41.4138383" lon="2.1639867">
<ele>102.92</ele>
<time>2025-09-25T18:03:35.000Z</time>
</trkpt>
<trkpt lat="41.4137133" lon="2.1637650">
<ele>102.64</ele>
<time>2025-09-25T18:03:38.000Z</time>
</trkpt>
<trkpt lat="41.4136000" lon="2.1635283">
<ele>102.46</ele>
<time>2025-09-25T18:03:41.000Z</time>
</trkpt>
<trkpt lat="41.4134383" lon="2.1633167">
<ele>103.39</ele>
<time>2025-09-25T18:03:44.000Z</time>
</trkpt>
<trkpt lat="41.4132767" lon="2.1631117">
<ele>105.11</ele>
<time>2025-09-25T18:03:47.000Z</time>
</trkpt>
<trkpt lat="41.4131500" lon="2.1628783">
<ele>105.24</ele>
<time>2025-09-25T18:03:50.000Z</time>
</trkpt>
<trkpt lat="41.4130450" lon="2.1626400">
<ele>103.87</ele>
<time>2025-09-25T18:03:53.000Z</time>
</trkpt>
<trkpt lat="41.4129283" lon="2.1624133">
<ele>101.91</ele>
<time>2025-09-25T18:03:56.000Z</time>
</trkpt>
<trkpt lat="41.4127917" lon="2.1622283">
<ele>100.91</ele>
<time>2025-09-25T18:03:59.000Z</time>
</trkpt>
<trkpt lat="41.4125917" lon="2.1621367">
<ele>101.40</ele>
<time>2025-09-25T18:04:04.000Z</time>
</trkpt>
<trkpt lat="41.4124317" lon="2.1622633">
<ele>101.08</ele>
<time>2025-09-25T18:04:08.000Z</time>
</trkpt>
<trkpt lat="41.4122433" lon="2.1623950">
<ele>98.09</ele>
<time>2025-09-25T18:04:16.000Z</time>
</trkpt>
<trkpt lat="41.4120700" lon="2.1625650">
<ele>95.42</ele>
<time>2025-09-25T18:04:19.000Z</time>
</trkpt>
<trkpt lat="41.4118700" lon="2.1627200">
<ele>93.66</ele>
<time>2025-09-25T18:04:22.000Z</time>
</trkpt>
<trkpt lat="41.4116550" lon="2.1629000">
<ele>91.82</ele>
<time>2025-09-25T18:04:25.000Z</time>
</trkpt>
<trkpt lat="41.4114433" lon="2.1630717">
<ele>90.20</ele>
<time>2025-09-25T18:04:28.000Z</time>
</trkpt>
<trkpt lat="41.4112183" lon="2.1632117">
<ele>88.40</ele>
<time>2025-09-25T18:04:31.000Z</time>
</trkpt>
<trkpt lat="41.4110167" lon="2.1633450">
<ele>86.81</ele>
<time>2025-09-25T18:04:34.000Z</time>
</trkpt>
<trkpt lat="41.4108483" lon="2.1634683">
<ele>85.75</ele>
<time>2025-09-25T18:04:37.000Z</time>
</trkpt>
<trkpt lat="41.4106850" lon="2.1636583">
<ele>84.46</ele>
<time>2025-09-25T18:04:41.000Z</time>
</trkpt>
<trkpt lat="41.4105283" lon="2.1638583">
<ele>83.42</ele>
<time>2025-09-25T18:04:45.000Z</time>
</trkpt>
<trkpt lat="41.4103933" lon="2.1640700">
<ele>81.90</ele>
<time>2025-09-25T18:04:49.000Z</time>
</trkpt>
<trkpt lat="41.4102317" lon="2.1642700">
<ele>81.47</ele>
<time>2025-09-25T18:04:53.000Z</time>
</trkpt>
<trkpt lat="41.4100667" lon="2.1644750">
<ele>81.91</ele>
<time>2025-09-25T18:04:56.000Z</time>
</trkpt>
<trkpt lat="41.4098967" lon="2.1646833">
<ele>81.61</ele>
<time>2025-09-25T18:04:59.000Z</time>
</trkpt>
<trkpt lat="41.4097350" lon="2.1648850">
<ele>81.17</ele>
<time>2025-09-25T18:05:02.000Z</time>
</trkpt>
<trkpt lat="41.4095683" lon="2.1650867">
<ele>80.40</ele>
<time>2025-09-25T18:05:06.000Z</time>
</trkpt>
<trkpt lat="41.4093883" lon="2.1652983">
<ele>79.31</ele>
<time>2025-09-25T18:05:10.000Z</time>
</trkpt>
<trkpt lat="41.4092383" lon="2.1654483">
<ele>78.36</ele>
<time>2025-09-25T18:05:13.000Z</time>
</trkpt>
<trkpt lat="41.4090567" lon="2.1656100">
<ele>77.27</ele>
<time>2025-09-25T18:05:17.000Z</time>
</trkpt>
<trkpt lat="41.4089233" lon="2.1658067">
<ele>75.55</ele>
<time>2025-09-25T18:05:20.000Z</time>
</trkpt>
<trkpt lat="41.4087950" lon="2.1660267">
<ele>74.80</ele>
<time>2025-09-25T18:05:23.000Z</time>
</trkpt>
<trkpt lat="41.4086483" lon="2.1662667">
<ele>74.18</ele>
<time>2025-09-25T18:05:26.000Z</time>
</trkpt>
<trkpt lat="41.4084733" lon="2.1665050">
<ele>73.23</ele>
<time>2025-09-25T18:05:29.000Z</time>
</trkpt>
<trkpt lat="41.4082983" lon="2.1667600">
<ele>70.94</ele>
<time>2025-09-25T18:05:32.000Z</time>
</trkpt>
<trkpt lat="41.4081250" lon="2.1670000">
<ele>68.89</ele>
<time>2025-09-25T18:05:35.000Z</time>
</trkpt>
<trkpt lat="41.4079400" lon="2.1672233">
<ele>65.91</ele>
<time>2025-09-25T18:05:38.000Z</time>
</trkpt>
<trkpt lat="41.4077900" lon="2.1674050">
<ele>62.57</ele>
<time>2025-09-25T18:05:41.000Z</time>
</trkpt>
<trkpt lat="41.4076550" lon="2.1676083">
<ele>60.11</ele>
<time>2025-09-25T18:05:45.000Z</time>
</trkpt>
<trkpt lat="41.4075433" lon="2.1678033">
<ele>58.84</ele>
<time>2025-09-25T18:05:49.000Z</time>
</trkpt>
<trkpt lat="41.4074083" lon="2.1679800">
<ele>59.53</ele>
<time>2025-09-25T18:05:53.000Z</time>
</trkpt>
<trkpt lat="41.4072617" lon="2.1681333">
<ele>59.69</ele>
<time>2025-09-25T18:05:56.000Z</time>
</trkpt>
<trkpt lat="41.4070667" lon="2.1682933">
<ele>58.87</ele>
<time>2025-09-25T18:06:00.000Z</time>
</trkpt>
<trkpt lat="41.4069350" lon="2.1684800">
<ele>57.54</ele>
<time>2025-09-25T18:06:04.000Z</time>
</trkpt>
<trkpt lat="41.4068117" lon="2.1687117">
<ele>55.87</ele>
<time>2025-09-25T18:06:07.000Z</time>
</trkpt>
<trkpt lat="41.4066417" lon="2.1689017">
<ele>54.48</ele>
<time>2025-09-25T18:06:10.000Z</time>
</trkpt>
<trkpt lat="41.4064600" lon="2.1691167">
<ele>53.50</ele>
<time>2025-09-25T18:06:13.000Z</time>
</trkpt>
<trkpt lat="41.4062833" lon="2.1693167">
<ele>51.94</ele>
<time>2025-09-25T18:06:16.000Z</time>
</trkpt>
<trkpt lat="41.4061050" lon="2.1694583">
<ele>50.89</ele>
<time>2025-09-25T18:06:19.000Z</time>
</trkpt>
<trkpt lat="41.4059983" lon="2.1697517">
<ele>47.55</ele>
<time>2025-09-25T18:06:22.000Z</time>
</trkpt>
<trkpt lat="41.4058250" lon="2.1699667">
<ele>45.94</ele>
<time>2025-09-25T18:06:25.000Z</time>
</trkpt>
<trkpt lat="41.4056383" lon="2.1701733">
<ele>45.41</ele>
<time>2025-09-25T18:06:28.000Z</time>
</trkpt>
<trkpt lat="41.4054750" lon="2.1703600">
<ele>45.29</ele>
<time>2025-09-25T18:06:31.000Z</time>
</trkpt>
<trkpt lat="41.4053083" lon="2.1705600">
<ele>43.89</ele>
<time>2025-09-25T18:06:35.000Z</time>
</trkpt>
<trkpt lat="41.4051767" lon="2.1708200">
<ele>42.27</ele>
<time>2025-09-25T18:06:38.000Z</time>
</trkpt>
<trkpt lat="41.4050133" lon="2.1710750">
<ele>39.81</ele>
<time>2025-09-25T18:06:41.000Z</time>
</trkpt>
<trkpt lat="41.4048350" lon="2.1713183">
<ele>38.59</ele>
<time>2025-09-25T18:06:44.000Z</time>
</trkpt>
<trkpt lat="41.4046583" lon="2.1715417">
<ele>37.76</ele>
<time>2025-09-25T18:06:47.000Z</time>
</trkpt>
<trkpt lat="41.4045233" lon="2.1717300">
<ele>37.25</ele>
<time>2025-09-25T18:06:50.000Z</time>
</trkpt>
<trkpt lat="41.4043717" lon="2.1719017">
<ele>35.99</ele>
<time>2025-09-25T18:06:54.000Z</time>
</trkpt>
<trkpt lat="41.4042233" lon="2.1721150">
<ele>34.79</ele>
<time>2025-09-25T18:06:58.000Z</time>
</trkpt>
<trkpt lat="41.4040433" lon="2.1722700">
<ele>34.33</ele>
<time>2025-09-25T18:07:02.000Z</time>
</trkpt>
<trkpt lat="41.4038883" lon="2.1724800">
<ele>33.65</ele>
<time>2025-09-25T18:07:06.000Z</time>
</trkpt>
<trkpt lat="41.4037400" lon="2.1726650">
<ele>32.96</ele>
<time>2025-09-25T18:07:09.000Z</time>
</trkpt>
<trkpt lat="41.4036050" lon="2.1729017">
<ele>31.11</ele>
<time>2025-09-25T18:07:13.000Z</time>
</trkpt>
<trkpt lat="41.4034800" lon="2.1731433">
<ele>31.63</ele>
<time>2025-09-25T18:07:17.000Z</time>
</trkpt>
<trkpt lat="41.4033183" lon="2.1733150">
<ele>32.55</ele>
<time>2025-09-25T18:07:21.000Z</time>
</trkpt>
<trkpt lat="41.4031717" lon="2.1735450">
<ele>33.20</ele>
<time>2025-09-25T18:07:24.000Z</time>
</trkpt>
<trkpt lat="41.4030133" lon="2.1737817">
<ele>32.62</ele>
<time>2025-09-25T18:07:27.000Z</time>
</trkpt>
<trkpt lat="41.4028717" lon="2.1739733">
<ele>32.15</ele>
<time>2025-09-25T18:07:30.000Z</time>
</trkpt>
<trkpt lat="41.4027333" lon="2.1741733">
<ele>31.99</ele>
<time>2025-09-25T18:07:35.000Z</time>
</trkpt>
<trkpt lat="41.4025550" lon="2.1741117">
<ele>31.78</ele>
<time>2025-09-25T18:07:39.000Z</time>
</trkpt>
<trkpt lat="41.4024250" lon="2.1739333">
<ele>31.46</ele>
<time>2025-09-25T18:07:42.000Z</time>
</trkpt>
<trkpt lat="41.4022917" lon="2.1737533">
<ele>31.95</ele>
<time>2025-09-25T18:07:45.000Z</time>
</trkpt>
<trkpt lat="41.4021300" lon="2.1735483">
<ele>32.26</ele>
<time>2025-09-25T18:07:49.000Z</time>
</trkpt>
<trkpt lat="41.4019767" lon="2.1733433">
<ele>30.86</ele>
<time>2025-09-25T18:07:53.000Z</time>
</trkpt>
<trkpt lat="41.4018317" lon="2.1731650">
<ele>29.77</ele>
<time>2025-09-25T18:07:56.000Z</time>
</trkpt>
<trkpt lat="41.4016833" lon="2.1729600">
<ele>29.08</ele>
<time>2025-09-25T18:07:59.000Z</time>
</trkpt>
<trkpt lat="41.4015367" lon="2.1727583">
<ele>30.76</ele>
<time>2025-09-25T18:08:02.000Z</time>
</trkpt>
<trkpt lat="41.4013850" lon="2.1725367">
<ele>30.42</ele>
<time>2025-09-25T18:08:05.000Z</time>
</trkpt>
<trkpt lat="41.4012767" lon="2.1722633">
<ele>32.10</ele>
<time>2025-09-25T18:08:08.000Z</time>
</trkpt>
<trkpt lat="41.4011433" lon="2.1720517">
<ele>33.07</ele>
<time>2025-09-25T18:08:11.000Z</time>
</trkpt>
<trkpt lat="41.4009817" lon="2.1718800">
<ele>33.45</ele>
<time>2025-09-25T18:08:14.000Z</time>
</trkpt>
<trkpt lat="41.4008250" lon="2.1716883">
<ele>32.93</ele>
<time>2025-09-25T18:08:17.000Z</time>
</trkpt>
<trkpt lat="41.4006717" lon="2.1714950">
<ele>32.46</ele>
<time>2025-09-25T18:08:20.000Z</time>
</trkpt>
<trkpt lat="41.4005317" lon="2.1713267">
<ele>32.18</ele>
<time>2025-09-25T18:08:23.000Z</time>
</trkpt>
<trkpt lat="41.4003833" lon="2.1711517">
<ele>31.97</ele>
<time>2025-09-25T18:08:28.000Z</time>
</trkpt>
<trkpt lat="41.4002483" lon="2.1709533">
<ele>30.77</ele>
<time>2025-09-25T18:08:33.000Z</time>
</trkpt>
<trkpt lat="41.4000767" lon="2.1707333">
<ele>30.55</ele>
<time>2025-09-25T18:08:37.000Z</time>
</trkpt>
<trkpt lat="41.3999117" lon="2.1705517">
<ele>30.28</ele>
<time>2025-09-25T18:08:40.000Z</time>
</trkpt>
<trkpt lat="41.3997367" lon="2.1703633">
<ele>30.03</ele>
<time>2025-09-25T18:08:43.000Z</time>
</trkpt>
<trkpt lat="41.3995933" lon="2.1701700">
<ele>31.25</ele>
<time>2025-09-25T18:08:46.000Z</time>
</trkpt>
<trkpt lat="41.3994250" lon="2.1699483">
<ele>31.41</ele>
<time>2025-09-25T18:08:50.000Z</time>
</trkpt>
<trkpt lat="41.3992600" lon="2.1697733">
<ele>31.05</ele>
<time>2025-09-25T18:08:53.000Z</time>
</trkpt>
<trkpt lat="41.3991283" lon="2.1695633">
<ele>30.93</ele>
<time>2025-09-25T18:08:56.000Z</time>
</trkpt>
<trkpt lat="41.3989900" lon="2.1693450">
<ele>30.14</ele>
<time>2025-09-25T18:08:59.000Z</time>
</trkpt>
<trkpt lat="41.3988283" lon="2.1691283">
<ele>29.83</ele>
<time>2025-09-25T18:09:02.000Z</time>
</trkpt>
<trkpt lat="41.3986733" lon="2.1689100">
<ele>29.43</ele>
<time>2025-09-25T18:09:05.000Z</time>
</trkpt>
<trkpt lat="41.3985117" lon="2.1687283">
<ele>29.27</ele>
<time>2025-09-25T18:09:08.000Z</time>
</trkpt>
<trkpt lat="41.3983700" lon="2.1685550">
<ele>29.28</ele>
<time>2025-09-25T18:09:11.000Z</time>
</trkpt>
<trkpt lat="41.3982200" lon="2.1683217">
<ele>29.75</ele>
<time>2025-09-25T18:09:15.000Z</time>
</trkpt>
<trkpt lat="41.3980717" lon="2.1681017">
<ele>30.37</ele>
<time>2025-09-25T18:09:19.000Z</time>
</trkpt>
<trkpt lat="41.3979333" lon="2.1679200">
<ele>30.25</ele>
<time>2025-09-25T18:09:22.000Z</time>
</trkpt>
<trkpt lat="41.3977783" lon="2.1677283">
<ele>30.26</ele>
<time>2025-09-25T18:09:25.000Z</time>
</trkpt>
<trkpt lat="41.3976300" lon="2.1675200">
<ele>29.79</ele>
<time>2025-09-25T18:09:28.000Z</time>
</trkpt>
<trkpt lat="41.3974600" lon="2.1673267">
<ele>30.16</ele>
<time>2025-09-25T18:09:31.000Z</time>
</trkpt>
<trkpt lat="41.3972950" lon="2.1671333">
<ele>30.61</ele>
<time>2025-09-25T18:09:34.000Z</time>
</trkpt>
<trkpt lat="41.3971333" lon="2.1669400">
<ele>30.77</ele>
<time>2025-09-25T18:09:37.000Z</time>
</trkpt>
<trkpt lat="41.3969917" lon="2.1667333">
<ele>30.84</ele>
<time>2025-09-25T18:09:40.000Z</time>
</trkpt>
<trkpt lat="41.3968667" lon="2.1665233">
<ele>31.62</ele>
<time>2025-09-25T18:09:43.000Z</time>
</trkpt>
<trkpt lat="41.3967117" lon="2.1663417">
<ele>32.21</ele>
<time>2025-09-25T18:09:46.000Z</time>
</trkpt>
<trkpt lat="41.3965667" lon="2.1661650">
<ele>31.62</ele>
<time>2025-09-25T18:09:49.000Z</time>
</trkpt>
<trkpt lat="41.3964200" lon="2.1659700">
<ele>31.59</ele>
<time>2025-09-25T18:09:52.000Z</time>
</trkpt>
<trkpt lat="41.3962633" lon="2.1657833">
<ele>31.92</ele>
<time>2025-09-25T18:09:55.000Z</time>
</trkpt>
<trkpt lat="41.3961283" lon="2.1656000">
<ele>32.17</ele>
<time>2025-09-25T18:09:58.000Z</time>
</trkpt>
<trkpt lat="41.3959900" lon="2.1654083">
<ele>31.83</ele>
<time>2025-09-25T18:10:03.000Z</time>
</trkpt>
<trkpt lat="41.3958600" lon="2.1652133">
<ele>29.01</ele>
<time>2025-09-25T18:10:37.000Z</time>
</trkpt>
<trkpt lat="41.3957150" lon="2.1650083">
<ele>30.14</ele>
<time>2025-09-25T18:10:41.000Z</time>
</trkpt>
<trkpt lat="41.3955800" lon="2.1647933">
<ele>32.08</ele>
<time>2025-09-25T18:10:45.000Z</time>
</trkpt>
<trkpt lat="41.3954317" lon="2.1646067">
<ele>35.10</ele>
<time>2025-09-25T18:10:50.000Z</time>
</trkpt>
<trkpt lat="41.3952633" lon="2.1643933">
<ele>35.94</ele>
<time>2025-09-25T18:10:54.000Z</time>
</trkpt>
<trkpt lat="41.3950767" lon="2.1642383">
<ele>35.89</ele>
<time>2025-09-25T18:10:58.000Z</time>
</trkpt>
<trkpt lat="41.3948767" lon="2.1643217">
<ele>35.56</ele>
<time>2025-09-25T18:11:02.000Z</time>
</trkpt>
<trkpt lat="41.3946900" lon="2.1645317">
<ele>35.34</ele>
<time>2025-09-25T18:11:06.000Z</time>
</trkpt>
<trkpt lat="41.3945317" lon="2.1647400">
<ele>35.30</ele>
<time>2025-09-25T18:11:09.000Z</time>
</trkpt>
<trkpt lat="41.3943667" lon="2.1649483">
<ele>35.54</ele>
<time>2025-09-25T18:11:13.000Z</time>
</trkpt>
<trkpt lat="41.3942533" lon="2.1651433">
<ele>35.13</ele>
<time>2025-09-25T18:11:18.000Z</time>
</trkpt>
<trkpt lat="41.3941183" lon="2.1653433">
<ele>35.92</ele>
<time>2025-09-25T18:11:27.000Z</time>
</trkpt>
<trkpt lat="41.3939117" lon="2.1655300">
<ele>35.77</ele>
<time>2025-09-25T18:11:31.000Z</time>
</trkpt>
<trkpt lat="41.3937483" lon="2.1657417">
<ele>35.37</ele>
<time>2025-09-25T18:11:34.000Z</time>
</trkpt>
<trkpt lat="41.3935900" lon="2.1659650">
<ele>34.77</ele>
<time>2025-09-25T18:11:37.000Z</time>
</trkpt>
<trkpt lat="41.3934067" lon="2.1661717">
<ele>34.66</ele>
<time>2025-09-25T18:11:40.000Z</time>
</trkpt>
<trkpt lat="41.3932783" lon="2.1664300">
<ele>34.30</ele>
<time>2025-09-25T18:11:43.000Z</time>
</trkpt>
<trkpt lat="41.3931200" lon="2.1666350">
<ele>33.90</ele>
<time>2025-09-25T18:11:46.000Z</time>
</trkpt>
<trkpt lat="41.3929433" lon="2.1668367">
<ele>33.02</ele>
<time>2025-09-25T18:11:49.000Z</time>
</trkpt>
<trkpt lat="41.3927667" lon="2.1670083">
<ele>32.25</ele>
<time>2025-09-25T18:11:52.000Z</time>
</trkpt>
<trkpt lat="41.3926233" lon="2.1671617">
<ele>31.42</ele>
<time>2025-09-25T18:11:55.000Z</time>
</trkpt>
<trkpt lat="41.3925017" lon="2.1673583">
<ele>30.87</ele>
<time>2025-09-25T18:11:59.000Z</time>
</trkpt>
<trkpt lat="41.3924033" lon="2.1675667">
<ele>29.91</ele>
<time>2025-09-25T18:12:02.000Z</time>
</trkpt>
<trkpt lat="41.3922667" lon="2.1677600">
<ele>28.85</ele>
<time>2025-09-25T18:12:05.000Z</time>
</trkpt>
<trkpt lat="41.3921200" lon="2.1679550">
<ele>28.02</ele>
<time>2025-09-25T18:12:08.000Z</time>
</trkpt>
<trkpt lat="41.3919817" lon="2.1681150">
<ele>26.82</ele>
<time>2025-09-25T18:12:11.000Z</time>
</trkpt>
<trkpt lat="41.3918033" lon="2.1682667">
<ele>26.16</ele>
<time>2025-09-25T18:12:15.000Z</time>
</trkpt>
<trkpt lat="41.3915967" lon="2.1683800">
<ele>25.38</ele>
<time>2025-09-25T18:12:19.000Z</time>
</trkpt>
<trkpt lat="41.3914083" lon="2.1682983">
<ele>24.79</ele>
<time>2025-09-25T18:12:23.000Z</time>
</trkpt>
<trkpt lat="41.3912517" lon="2.1681200">
<ele>25.06</ele>
<time>2025-09-25T18:12:26.000Z</time>
</trkpt>
<trkpt lat="41.3910900" lon="2.1679000">
<ele>25.54</ele>
<time>2025-09-25T18:12:29.000Z</time>
</trkpt>
<trkpt lat="41.3909417" lon="2.1676833">
<ele>25.62</ele>
<time>2025-09-25T18:12:32.000Z</time>
</trkpt>
<trkpt lat="41.3907767" lon="2.1674733">
<ele>25.48</ele>
<time>2025-09-25T18:12:35.000Z</time>
</trkpt>
<trkpt lat="41.3905900" lon="2.1672900">
<ele>23.87</ele>
<time>2025-09-25T18:12:38.000Z</time>
</trkpt>
<trkpt lat="41.3904333" lon="2.1670467">
<ele>22.61</ele>
<time>2025-09-25T18:12:42.000Z</time>
</trkpt>
<trkpt lat="41.3903083" lon="2.1668450">
<ele>22.12</ele>
<time>2025-09-25T18:12:45.000Z</time>
</trkpt>
<trkpt lat="41.3901617" lon="2.1666400">
<ele>22.19</ele>
<time>2025-09-25T18:12:48.000Z</time>
</trkpt>
<trkpt lat="41.3900033" lon="2.1664400">
<ele>21.96</ele>
<time>2025-09-25T18:12:51.000Z</time>
</trkpt>
<trkpt lat="41.3898267" lon="2.1662400">
<ele>21.91</ele>
<time>2025-09-25T18:12:54.000Z</time>
</trkpt>
<trkpt lat="41.3896417" lon="2.1660333">
<ele>22.17</ele>
<time>2025-09-25T18:12:57.000Z</time>
</trkpt>
<trkpt lat="41.3894833" lon="2.1658133">
<ele>22.02</ele>
<time>2025-09-25T18:13:00.000Z</time>
</trkpt>
<trkpt lat="41.3893417" lon="2.1655950">
<ele>22.46</ele>
<time>2025-09-25T18:13:03.000Z</time>
</trkpt>
<trkpt lat="41.3891833" lon="2.1654017">
<ele>22.92</ele>
<time>2025-09-25T18:13:06.000Z</time>
</trkpt>
<trkpt lat="41.3890150" lon="2.1651867">
<ele>24.43</ele>
<time>2025-09-25T18:13:10.000Z</time>
</trkpt>
<trkpt lat="41.3888783" lon="2.1650233">
<ele>25.07</ele>
<time>2025-09-25T18:13:13.000Z</time>
</trkpt>
<trkpt lat="41.3887150" lon="2.1648350">
<ele>25.63</ele>
<time>2025-09-25T18:13:16.000Z</time>
</trkpt>
<trkpt lat="41.3885650" lon="2.1646300">
<ele>26.74</ele>
<time>2025-09-25T18:13:19.000Z</time>
</trkpt>
<trkpt lat="41.3884133" lon="2.1644250">
<ele>27.93</ele>
<time>2025-09-25T18:13:22.000Z</time>
</trkpt>
<trkpt lat="41.3882350" lon="2.1642217">
<ele>29.08</ele>
<time>2025-09-25T18:13:25.000Z</time>
</trkpt>
<trkpt lat="41.3880933" lon="2.1639600">
<ele>29.21</ele>
<time>2025-09-25T18:13:28.000Z</time>
</trkpt>
<trkpt lat="41.3879617" lon="2.1637317">
<ele>28.22</ele>
<time>2025-09-25T18:13:31.000Z</time>
</trkpt>
<trkpt lat="41.3878183" lon="2.1635367">
<ele>27.83</ele>
<time>2025-09-25T18:13:34.000Z</time>
</trkpt>
<trkpt lat="41.3876867" lon="2.1633250">
<ele>27.64</ele>
<time>2025-09-25T18:13:37.000Z</time>
</trkpt>
<trkpt lat="41.3875367" lon="2.1631083">
<ele>27.31</ele>
<time>2025-09-25T18:13:40.000Z</time>
</trkpt>
<trkpt lat="41.3874017" lon="2.1629183">
<ele>26.53</ele>
<time>2025-09-25T18:13:43.000Z</time>
</trkpt>
<trkpt lat="41.3872433" lon="2.1627650">
<ele>26.27</ele>
<time>2025-09-25T18:13:46.000Z</time>
</trkpt>
<trkpt lat="41.3870783" lon="2.1625950">
<ele>26.27</ele>
<time>2025-09-25T18:13:49.000Z</time>
</trkpt>
<trkpt lat="41.3869133" lon="2.1623883">
<ele>26.34</ele>
<time>2025-09-25T18:13:52.000Z</time>
</trkpt>
<trkpt lat="41.3867733" lon="2.1622200">
<ele>26.06</ele>
<time>2025-09-25T18:13:55.000Z</time>
</trkpt>
<trkpt lat="41.3866583" lon="2.1620267">
<ele>26.99</ele>
<time>2025-09-25T18:13:59.000Z</time>
</trkpt>
<trkpt lat="41.3865300" lon="2.1618450">
<ele>28.16</ele>
<time>2025-09-25T18:14:02.000Z</time>
</trkpt>
<trkpt lat="41.3863733" lon="2.1616717">
<ele>29.64</ele>
<time>2025-09-25T18:14:05.000Z</time>
</trkpt>
<trkpt lat="41.3862167" lon="2.1614883">
<ele>30.61</ele>
<time>2025-09-25T18:14:08.000Z</time>
</trkpt>
<trkpt lat="41.3860683" lon="2.1613217">
<ele>31.22</ele>
<time>2025-09-25T18:14:11.000Z</time>
</trkpt>
<trkpt lat="41.3859083" lon="2.1611550">
<ele>32.98</ele>
<time>2025-09-25T18:14:16.000Z</time>
</trkpt>
<trkpt lat="41.3858217" lon="2.1609400">
<ele>34.26</ele>
<time>2025-09-25T18:14:23.000Z</time>
</trkpt>
<trkpt lat="41.3857200" lon="2.1606933">
<ele>31.58</ele>
<time>2025-09-25T18:14:43.000Z</time>
</trkpt>
<trkpt lat="41.3855617" lon="2.1604867">
<ele>31.30</ele>
<time>2025-09-25T18:14:47.000Z</time>
</trkpt>
<trkpt lat="41.3853850" lon="2.1603333">
<ele>31.30</ele>
<time>2025-09-25T18:14:50.000Z</time>
</trkpt>
<trkpt lat="41.3852183" lon="2.1601683">
<ele>31.92</ele>
<time>2025-09-25T18:14:53.000Z</time>
</trkpt>
<trkpt lat="41.3850467" lon="2.1599700">
<ele>32.44</ele>
<time>2025-09-25T18:14:56.000Z</time>
</trkpt>
<trkpt lat="41.3848917" lon="2.1597450">
<ele>31.90</ele>
<time>2025-09-25T18:14:59.000Z</time>
</trkpt>
<trkpt lat="41.3847483" lon="2.1595317">
<ele>31.43</ele>
<time>2025-09-25T18:15:02.000Z</time>
</trkpt>
<trkpt lat="41.3845950" lon="2.1593667">
<ele>30.73</ele>
<time>2025-09-25T18:15:05.000Z</time>
</trkpt>
<trkpt lat="41.3844383" lon="2.1592050">
<ele>30.96</ele>
<time>2025-09-25T18:15:08.000Z</time>
</trkpt>
<trkpt lat="41.3842883" lon="2.1590283">
<ele>31.16</ele>
<time>2025-09-25T18:15:11.000Z</time>
</trkpt>
<trkpt lat="41.3841317" lon="2.1588283">
<ele>30.53</ele>
<time>2025-09-25T18:15:15.000Z</time>
</trkpt>
<trkpt lat="41.3840550" lon="2.1586033">
<ele>30.36</ele>
<time>2025-09-25T18:15:20.000Z</time>
</trkpt>
<trkpt lat="41.3839417" lon="2.1583700">
<ele>27.70</ele>
<time>2025-09-25T18:15:25.000Z</time>
</trkpt>
<trkpt lat="41.3837750" lon="2.1581650">
<ele>26.66</ele>
<time>2025-09-25T18:15:29.000Z</time>
</trkpt>
<trkpt lat="41.3836117" lon="2.1579833">
<ele>26.25</ele>
<time>2025-09-25T18:15:32.000Z</time>
</trkpt>
<trkpt lat="41.3834567" lon="2.1578050">
<ele>26.00</ele>
<time>2025-09-25T18:15:35.000Z</time>
</trkpt>
<trkpt lat="41.3832833" lon="2.1576450">
<ele>27.33</ele>
<time>2025-09-25T18:15:39.000Z</time>
</trkpt>
<trkpt lat="41.3831950" lon="2.1573900">
<ele>26.86</ele>
<time>2025-09-25T18:15:56.000Z</time>
</trkpt>
<trkpt lat="41.3830600" lon="2.1572000">
<ele>25.13</ele>
<time>2025-09-25T18:16:01.000Z</time>
</trkpt>
<trkpt lat="41.3829083" lon="2.1570300">
<ele>24.09</ele>
<time>2025-09-25T18:16:05.000Z</time>
</trkpt>
<trkpt lat="41.3827267" lon="2.1568450">
<ele>23.71</ele>
<time>2025-09-25T18:16:09.000Z</time>
</trkpt>
<trkpt lat="41.3825800" lon="2.1566883">
<ele>23.61</ele>
<time>2025-09-25T18:16:12.000Z</time>
</trkpt>
<trkpt lat="41.3824233" lon="2.1565267">
<ele>23.19</ele>
<time>2025-09-25T18:16:15.000Z</time>
</trkpt>
<trkpt lat="41.3822983" lon="2.1563183">
<ele>22.82</ele>
<time>2025-09-25T18:16:19.000Z</time>
</trkpt>
<trkpt lat="41.3822183" lon="2.1560967">
<ele>22.30</ele>
<time>2025-09-25T18:16:25.000Z</time>
</trkpt>
<trkpt lat="41.3820650" lon="2.1559067">
<ele>25.46</ele>
<time>2025-09-25T18:16:29.000Z</time>
</trkpt>
<trkpt lat="41.3818450" lon="2.1557250">
<ele>26.99</ele>
<time>2025-09-25T18:16:33.000Z</time>
</trkpt>
<trkpt lat="41.3816633" lon="2.1555567">
<ele>27.72</ele>
<time>2025-09-25T18:16:36.000Z</time>
</trkpt>
<trkpt lat="41.3815167" lon="2.1553200">
<ele>27.08</ele>
<time>2025-09-25T18:16:39.000Z</time>
</trkpt>
<trkpt lat="41.3813850" lon="2.1551183">
<ele>27.00</ele>
<time>2025-09-25T18:16:42.000Z</time>
</trkpt>
<trkpt lat="41.3812383" lon="2.1549383">
<ele>27.21</ele>
<time>2025-09-25T18:16:45.000Z</time>
</trkpt>
<trkpt lat="41.3810967" lon="2.1547200">
<ele>28.06</ele>
<time>2025-09-25T18:16:48.000Z</time>
</trkpt>
<trkpt lat="41.3809700" lon="2.1545183">
<ele>28.63</ele>
<time>2025-09-25T18:16:51.000Z</time>
</trkpt>
<trkpt lat="41.3808067" lon="2.1543650">
<ele>28.73</ele>
<time>2025-09-25T18:16:54.000Z</time>
</trkpt>
<trkpt lat="41.3806417" lon="2.1541967">
<ele>29.12</ele>
<time>2025-09-25T18:16:57.000Z</time>
</trkpt>
<trkpt lat="41.3805050" lon="2.1539583">
<ele>28.81</ele>
<time>2025-09-25T18:17:00.000Z</time>
</trkpt>
<trkpt lat="41.3803733" lon="2.1537467">
<ele>28.14</ele>
<time>2025-09-25T18:17:03.000Z</time>
</trkpt>
<trkpt lat="41.3802217" lon="2.1535283">
<ele>27.49</ele>
<time>2025-09-25T18:17:06.000Z</time>
</trkpt>
<trkpt lat="41.3800700" lon="2.1533333">
<ele>26.68</ele>
<time>2025-09-25T18:17:09.000Z</time>
</trkpt>
<trkpt lat="41.3799250" lon="2.1530900">
<ele>26.36</ele>
<time>2025-09-25T18:17:12.000Z</time>
</trkpt>
<trkpt lat="41.3797783" lon="2.1528800">
<ele>27.18</ele>
<time>2025-09-25T18:17:15.000Z</time>
</trkpt>
<trkpt lat="41.3796183" lon="2.1526633">
<ele>28.22</ele>
<time>2025-09-25T18:17:18.000Z</time>
</trkpt>
<trkpt lat="41.3794550" lon="2.1524517">
<ele>30.17</ele>
<time>2025-09-25T18:17:21.000Z</time>
</trkpt>
<trkpt lat="41.3792967" lon="2.1522933">
<ele>32.62</ele>
<time>2025-09-25T18:17:24.000Z</time>
</trkpt>
<trkpt lat="41.3791250" lon="2.1521400">
<ele>34.43</ele>
<time>2025-09-25T18:17:27.000Z</time>
</trkpt>
<trkpt lat="41.3789783" lon="2.1519367">
<ele>32.08</ele>
<time>2025-09-25T18:17:32.000Z</time>
</trkpt>
<trkpt lat="41.3788733" lon="2.1517300">
<ele>32.74</ele>
<time>2025-09-25T18:17:36.000Z</time>
</trkpt>
<trkpt lat="41.3787417" lon="2.1515133">
<ele>30.45</ele>
<time>2025-09-25T18:17:40.000Z</time>
</trkpt>
<trkpt lat="41.3786000" lon="2.1512850">
<ele>29.14</ele>
<time>2025-09-25T18:17:44.000Z</time>
</trkpt>
<trkpt lat="41.3784733" lon="2.1511100">
<ele>29.78</ele>
<time>2025-09-25T18:17:47.000Z</time>
</trkpt>
<trkpt lat="41.3783317" lon="2.1509450">
<ele>29.56</ele>
<time>2025-09-25T18:17:50.000Z</time>
</trkpt>
<trkpt lat="41.3781583" lon="2.1507300">
<ele>28.87</ele>
<time>2025-09-25T18:17:54.000Z</time>
</trkpt>
<trkpt lat="41.3780183" lon="2.1505667">
<ele>26.81</ele>
<time>2025-09-25T18:17:57.000Z</time>
</trkpt>
<trkpt lat="41.3778750" lon="2.1504117">
<ele>25.84</ele>
<time>2025-09-25T18:18:00.000Z</time>
</trkpt>
<trkpt lat="41.3777517" lon="2.1502167">
<ele>23.98</ele>
<time>2025-09-25T18:18:03.000Z</time>
</trkpt>
<trkpt lat="41.3775850" lon="2.1500083">
<ele>22.56</ele>
<time>2025-09-25T18:18:07.000Z</time>
</trkpt>
<trkpt lat="41.3774167" lon="2.1498067">
<ele>21.01</ele>
<time>2025-09-25T18:18:11.000Z</time>
</trkpt>
<trkpt lat="41.3772633" lon="2.1496350">
<ele>21.06</ele>
<time>2025-09-25T18:18:15.000Z</time>
</trkpt>
<trkpt lat="41.3771350" lon="2.1494450">
<ele>24.36</ele>
<time>2025-09-25T18:18:20.000Z</time>
</trkpt>
<trkpt lat="41.3770067" lon="2.1492633">
<ele>26.83</ele>
<time>2025-09-25T18:18:25.000Z</time>
</trkpt>
<trkpt lat="41.3768833" lon="2.1490833">
<ele>28.15</ele>
<time>2025-09-25T18:18:33.000Z</time>
</trkpt>
<trkpt lat="41.3767767" lon="2.1488533">
<ele>28.86</ele>
<time>2025-09-25T18:18:42.000Z</time>
</trkpt>
<trkpt lat="41.3766067" lon="2.1486817">
<ele>27.96</ele>
<time>2025-09-25T18:18:48.000Z</time>
</trkpt>
<trkpt lat="41.3764617" lon="2.1485150">
<ele>25.62</ele>
<time>2025-09-25T18:18:54.000Z</time>
</trkpt>
<trkpt lat="41.3763017" lon="2.1483517">
<ele>26.10</ele>
<time>2025-09-25T18:19:22.000Z</time>
</trkpt>
<trkpt lat="41.3761150" lon="2.1483717">
<ele>24.65</ele>
<time>2025-09-25T18:19:28.000Z</time>
</trkpt>
<trkpt lat="41.3759383" lon="2.1485233">
<ele>23.54</ele>
<time>2025-09-25T18:19:33.000Z</time>
</trkpt>
<trkpt lat="41.3757967" lon="2.1487083">
<ele>22.64</ele>
<time>2025-09-25T18:19:36.000Z</time>
</trkpt>
<trkpt lat="41.3756700" lon="2.1488817">
<ele>21.31</ele>
<time>2025-09-25T18:19:39.000Z</time>
</trkpt>
<trkpt lat="41.3755017" lon="2.1487467">
<ele>21.46</ele>
<time>2025-09-25T18:19:45.000Z</time>
</trkpt>
<trkpt lat="41.3753350" lon="2.1485517">
<ele>22.73</ele>
<time>2025-09-25T18:19:49.000Z</time>
</trkpt>
<trkpt lat="41.3751567" lon="2.1484867">
<ele>24.02</ele>
<time>2025-09-25T18:19:53.000Z</time>
</trkpt>
<trkpt lat="41.3750483" lon="2.1482933">
<ele>24.36</ele>
<time>2025-09-25T18:19:59.000Z</time>
</trkpt>
<trkpt lat="41.3748783" lon="2.1482117">
<ele>26.76</ele>
<time>2025-09-25T18:20:05.000Z</time>
</trkpt>
<trkpt lat="41.3746883" lon="2.1481033">
<ele>27.94</ele>
<time>2025-09-25T18:20:17.000Z</time>
</trkpt>
<trkpt lat="41.3744800" lon="2.1479950">
<ele>28.59</ele>
<time>2025-09-25T18:20:23.000Z</time>
</trkpt>
<trkpt lat="41.3743200" lon="2.1478067">
<ele>27.80</ele>
<time>2025-09-25T18:20:28.000Z</time>
</trkpt>
<trkpt lat="41.3741633" lon="2.1476683">
<ele>27.51</ele>
<time>2025-09-25T18:20:34.000Z</time>
</trkpt>
<trkpt lat="41.3740250" lon="2.1474800">
<ele>27.07</ele>
<time>2025-09-25T18:20:41.000Z</time>
</trkpt>
<trkpt lat="41.3739317" lon="2.1472500">
<ele>25.34</ele>
<time>2025-09-25T18:20:48.000Z</time>
</trkpt>
<trkpt lat="41.3737867" lon="2.1470233">
<ele>23.06</ele>
<time>2025-09-25T18:20:53.000Z</time>
</trkpt>
<trkpt lat="41.3736017" lon="2.1468217">
<ele>21.99</ele>
<time>2025-09-25T18:20:57.000Z</time>
</trkpt>
<trkpt lat="41.3734617" lon="2.1466550">
<ele>21.15</ele>
<time>2025-09-25T18:21:00.000Z</time>
</trkpt>
<trkpt lat="41.3733000" lon="2.1464300">
<ele>20.31</ele>
<time>2025-09-25T18:21:04.000Z</time>
</trkpt>
<trkpt lat="41.3731433" lon="2.1462450">
<ele>19.06</ele>
<time>2025-09-25T18:21:08.000Z</time>
</trkpt>
<trkpt lat="41.3729883" lon="2.1460900">
<ele>17.11</ele>
<time>2025-09-25T18:21:13.000Z</time>
</trkpt>
<trkpt lat="41.3728317" lon="2.1459083">
<ele>16.66</ele>
<time>2025-09-25T18:21:17.000Z</time>
</trkpt>
<trkpt lat="41.3726983" lon="2.1457150">
<ele>16.49</ele>
<time>2025-09-25T18:21:20.000Z</time>
</trkpt>
<trkpt lat="41.3725500" lon="2.1454933">
<ele>17.04</ele>
<time>2025-09-25T18:21:23.000Z</time>
</trkpt>
<trkpt lat="41.3723900" lon="2.1452917">
<ele>17.97</ele>
<time>2025-09-25T18:21:26.000Z</time>
</trkpt>
<trkpt lat="41.3722517" lon="2.1450883">
<ele>18.25</ele>
<time>2025-09-25T18:21:29.000Z</time>
</trkpt>
<trkpt lat="41.3721083" lon="2.1448967">
<ele>18.58</ele>
<time>2025-09-25T18:21:32.000Z</time>
</trkpt>
<trkpt lat="41.3719450" lon="2.1447283">
<ele>18.93</ele>
<time>2025-09-25T18:21:35.000Z</time>
</trkpt>
<trkpt lat="41.3717900" lon="2.1445333">
<ele>19.66</ele>
<time>2025-09-25T18:21:38.000Z</time>
</trkpt>
<trkpt lat="41.3716283" lon="2.1443450">
<ele>20.18</ele>
<time>2025-09-25T18:21:41.000Z</time>
</trkpt>
<trkpt lat="41.3714833" lon="2.1441533">
<ele>20.18</ele>
<time>2025-09-25T18:21:44.000Z</time>
</trkpt>
<trkpt lat="41.3713500" lon="2.1439450">
<ele>19.27</ele>
<time>2025-09-25T18:21:48.000Z</time>
</trkpt>
<trkpt lat="41.3711617" lon="2.1440217">
<ele>18.64</ele>
<time>2025-09-25T18:22:43.000Z</time>
</trkpt>
<trkpt lat="41.3709867" lon="2.1441050">
<ele>17.46</ele>
<time>2025-09-25T18:22:49.000Z</time>
</trkpt>
<trkpt lat="41.3707817" lon="2.1442167">
<ele>16.87</ele>
<time>2025-09-25T18:22:55.000Z</time>
</trkpt>
<trkpt lat="41.3706567" lon="2.1443900">
<ele>16.95</ele>
<time>2025-09-25T18:22:59.000Z</time>
</trkpt>
<trkpt lat="41.3705400" lon="2.1445750">
<ele>16.58</ele>
<time>2025-09-25T18:23:04.000Z</time>
</trkpt>
<trkpt lat="41.3703417" lon="2.1444900">
<ele>17.27</ele>
<time>2025-09-25T18:23:11.000Z</time>
</trkpt>
<trkpt lat="41.3701867" lon="2.1442950">
<ele>18.21</ele>
<time>2025-09-25T18:23:15.000Z</time>
</trkpt>
<trkpt lat="41.3700650" lon="2.1440817">
<ele>19.54</ele>
<time>2025-09-25T18:23:19.000Z</time>
</trkpt>
<trkpt lat="41.3699433" lon="2.1438833">
<ele>19.54</ele>
<time>2025-09-25T18:23:24.000Z</time>
</trkpt>
<trkpt lat="41.3697633" lon="2.1438600">
<ele>18.48</ele>
<time>2025-09-25T18:23:35.000Z</time>
</trkpt>
<trkpt lat="41.3696017" lon="2.1440133">
<ele>21.18</ele>
<time>2025-09-25T18:23:42.000Z</time>
</trkpt>
<trkpt lat="41.3694617" lon="2.1441650">
<ele>23.76</ele>
<time>2025-09-25T18:23:47.000Z</time>
</trkpt>
<trkpt lat="41.3692867" lon="2.1440700">
<ele>29.20</ele>
<time>2025-09-25T18:23:51.000Z</time>
</trkpt>
<trkpt lat="41.3691000" lon="2.1438867">
<ele>32.11</ele>
<time>2025-09-25T18:23:55.000Z</time>
</trkpt>
<trkpt lat="41.3689583" lon="2.1437383">
<ele>31.62</ele>
<time>2025-09-25T18:23:58.000Z</time>
</trkpt>
<trkpt lat="41.3688100" lon="2.1435767">
<ele>29.91</ele>
<time>2025-09-25T18:24:02.000Z</time>
</trkpt>
<trkpt lat="41.3686567" lon="2.1434133">
<ele>18.75</ele>
<time>2025-09-25T18:24:09.000Z</time>
</trkpt>
<trkpt lat="41.3684850" lon="2.1432950">
<ele>19.59</ele>
<time>2025-09-25T18:24:13.000Z</time>
</trkpt>
<trkpt lat="41.3683050" lon="2.1431367">
<ele>19.88</ele>
<time>2025-09-25T18:24:17.000Z</time>
</trkpt>
<trkpt lat="41.3681450" lon="2.1429500">
<ele>20.86</ele>
<time>2025-09-25T18:24:21.000Z</time>
</trkpt>
<trkpt lat="41.3680233" lon="2.1427550">
<ele>21.16</ele>
<time>2025-09-25T18:24:25.000Z</time>
</trkpt>
<trkpt lat="41.3678600" lon="2.1425950">
<ele>22.05</ele>
<time>2025-09-25T18:24:29.000Z</time>
</trkpt>
<trkpt lat="41.3676983" lon="2.1424683">
<ele>21.14</ele>
<time>2025-09-25T18:24:32.000Z</time>
</trkpt>
<trkpt lat="41.3675567" lon="2.1422983">
<ele>19.97</ele>
<time>2025-09-25T18:24:35.000Z</time>
</trkpt>
<trkpt lat="41.3673783" lon="2.1420967">
<ele>19.30</ele>
<time>2025-09-25T18:24:39.000Z</time>
</trkpt>
<trkpt lat="41.3672300" lon="2.1419483">
<ele>18.29</ele>
<time>2025-09-25T18:24:42.000Z</time>
</trkpt>
<trkpt lat="41.3670317" lon="2.1418350">
<ele>19.97</ele>
<time>2025-09-25T18:24:46.000Z</time>
</trkpt>
<trkpt lat="41.3668417" lon="2.1418083">
<ele>19.01</ele>
<time>2025-09-25T18:24:50.000Z</time>
</trkpt>
<trkpt lat="41.3666300" lon="2.1418033">
<ele>15.84</ele>
<time>2025-09-25T18:24:55.000Z</time>
</trkpt>
<trkpt lat="41.3664450" lon="2.1419083">
<ele>15.37</ele>
<time>2025-09-25T18:25:02.000Z</time>
</trkpt>
<trkpt lat="41.3662383" lon="2.1419517">
<ele>15.22</ele>
<time>2025-09-25T18:25:09.000Z</time>
</trkpt>
<trkpt lat="41.3660500" lon="2.1419583">
<ele>17.41</ele>
<time>2025-09-25T18:25:15.000Z</time>
</trkpt>
<trkpt lat="41.3658667" lon="2.1419267">
<ele>22.09</ele>
<time>2025-09-25T18:25:23.000Z</time>
</trkpt>
<trkpt lat="41.3656933" lon="2.1420017">
<ele>28.36</ele>
<time>2025-09-25T18:25:38.000Z</time>
</trkpt>
<trkpt lat="41.3655183" lon="2.1419250">
<ele>34.18</ele>
<time>2025-09-25T18:25:49.000Z</time>
</trkpt>
<trkpt lat="41.3653350" lon="2.1418883">
<ele>46.36</ele>
<time>2025-09-25T18:26:07.000Z</time>
</trkpt>
<trkpt lat="41.3652000" lon="2.1420483">
<ele>48.73</ele>
<time>2025-09-25T18:26:15.000Z</time>
</trkpt>
<trkpt lat="41.3650433" lon="2.1422017">
<ele>52.51</ele>
<time>2025-09-25T18:26:23.000Z</time>
</trkpt>
<trkpt lat="41.3649417" lon="2.1424050">
<ele>53.69</ele>
<time>2025-09-25T18:26:29.000Z</time>
</trkpt>
<trkpt lat="41.3648183" lon="2.1425867">
<ele>55.71</ele>
<time>2025-09-25T18:26:35.000Z</time>
</trkpt>
<trkpt lat="41.3647350" lon="2.1428067">
<ele>56.23</ele>
<time>2025-09-25T18:26:42.000Z</time>
</trkpt>
<trkpt lat="41.3646283" lon="2.1430400">
<ele>56.28</ele>
<time>2025-09-25T18:26:49.000Z</time>
</trkpt>
<trkpt lat="41.3645350" lon="2.1432483">
<ele>55.52</ele>
<time>2025-09-25T18:26:54.000Z</time>
</trkpt>
<trkpt lat="41.3643600" lon="2.1434250">
<ele>51.92</ele>
<time>2025-09-25T18:27:00.000Z</time>
</trkpt>
<trkpt lat="41.3642133" lon="2.1435700">
<ele>50.38</ele>
<time>2025-09-25T18:27:04.000Z</time>
</trkpt>
<trkpt lat="41.3640800" lon="2.1437400">
<ele>49.67</ele>
<time>2025-09-25T18:27:08.000Z</time>
</trkpt>
<trkpt lat="41.3639217" lon="2.1439200">
<ele>48.93</ele>
<time>2025-09-25T18:27:13.000Z</time>
</trkpt>
<trkpt lat="41.3637700" lon="2.1440950">
<ele>49.13</ele>
<time>2025-09-25T18:27:18.000Z</time>
</trkpt>
<trkpt lat="41.3635667" lon="2.1442100">
<ele>49.79</ele>
<time>2025-09-25T18:27:23.000Z</time>
</trkpt>
<trkpt lat="41.3633767" lon="2.1441983">
<ele>50.40</ele>
<time>2025-09-25T18:27:28.000Z</time>
</trkpt>
<trkpt lat="41.3632700" lon="2.1439783">
<ele>48.73</ele>
<time>2025-09-25T18:27:32.000Z</time>
</trkpt>
<trkpt lat="41.3631267" lon="2.1437500">
<ele>48.59</ele>
<time>2025-09-25T18:27:35.000Z</time>
</trkpt>
<trkpt lat="41.3630500" lon="2.1435300">
<ele>47.08</ele>
<time>2025-09-25T18:27:38.000Z</time>
</trkpt>
<trkpt lat="41.3630500" lon="2.1432833">
<ele>45.72</ele>
<time>2025-09-25T18:27:42.000Z</time>
</trkpt>
<trkpt lat="41.3628617" lon="2.1433817">
<ele>41.21</ele>
<time>2025-09-25T18:27:49.000Z</time>
</trkpt>
<trkpt lat="41.3627883" lon="2.1436467">
<ele>36.30</ele>
<time>2025-09-25T18:27:52.000Z</time>
</trkpt>
<trkpt lat="41.3628067" lon="2.1439383">
<ele>31.22</ele>
<time>2025-09-25T18:27:56.000Z</time>
</trkpt>
<trkpt lat="41.3629167" lon="2.1441983">
<ele>29.03</ele>
<time>2025-09-25T18:27:59.000Z</time>
</trkpt>
<trkpt lat="41.3629883" lon="2.1444417">
<ele>26.57</ele>
<time>2025-09-25T18:28:02.000Z</time>
</trkpt>
<trkpt lat="41.3630300" lon="2.1446883">
<ele>23.64</ele>
<time>2025-09-25T18:28:05.000Z</time>
</trkpt>
<trkpt lat="41.3629600" lon="2.1449800">
<ele>22.41</ele>
<time>2025-09-25T18:28:09.000Z</time>
</trkpt>
<trkpt lat="41.3628700" lon="2.1452350">
<ele>23.49</ele>
<time>2025-09-25T18:28:13.000Z</time>
</trkpt>
<trkpt lat="41.3626950" lon="2.1453267">
<ele>24.04</ele>
<time>2025-09-25T18:28:17.000Z</time>
</trkpt>
<trkpt lat="41.3625133" lon="2.1452633">
<ele>26.76</ele>
<time>2025-09-25T18:28:20.000Z</time>
</trkpt>
<trkpt lat="41.3623083" lon="2.1451767">
<ele>27.47</ele>
<time>2025-09-25T18:28:24.000Z</time>
</trkpt>
<trkpt lat="41.3621367" lon="2.1450467">
<ele>28.02</ele>
<time>2025-09-25T18:28:28.000Z</time>
</trkpt>
<trkpt lat="41.3619400" lon="2.1449317">
<ele>27.64</ele>
<time>2025-09-25T18:28:32.000Z</time>
</trkpt>
<trkpt lat="41.3617900" lon="2.1447333">
<ele>24.09</ele>
<time>2025-09-25T18:28:36.000Z</time>
</trkpt>
<trkpt lat="41.3616433" lon="2.1445750">
<ele>21.78</ele>
<time>2025-09-25T18:28:39.000Z</time>
</trkpt>
<trkpt lat="41.3618933" lon="2.1446217">
<ele>32.31</ele>
<time>2025-09-25T19:40:57.000Z</time>
</trkpt>
<trkpt lat="41.3620767" lon="2.1446167">
<ele>29.78</ele>
<time>2025-09-25T19:41:17.000Z</time>
</trkpt>
<trkpt lat="41.3621483" lon="2.1448367">
<ele>30.03</ele>
<time>2025-09-25T19:44:33.000Z</time>
</trkpt>
<extensions>
<om:oruxmapsextensions>
<om:ext type="NAME" subtype="0"><![CDATA[Segment: 5]]></om:ext>
</om:oruxmapsextensions>
</extensions>
</trkseg>
<trkseg>
<trkpt lat="41.3614983" lon="2.1446367">
<ele>36.03</ele>
<time>2025-09-25T20:57:02.174Z</time>
</trkpt>
<trkpt lat="41.3614283" lon="2.1443967">
<ele>33.32</ele>
<time>2025-09-25T21:00:37.000Z</time>
</trkpt>
<trkpt lat="41.3612767" lon="2.1442083">
<ele>30.20</ele>
<time>2025-09-25T21:01:33.000Z</time>
</trkpt>
<trkpt lat="41.3611333" lon="2.1440217">
<ele>28.24</ele>
<time>2025-09-25T21:01:39.000Z</time>
</trkpt>
<trkpt lat="41.3610017" lon="2.1438300">
<ele>27.20</ele>
<time>2025-09-25T21:01:45.000Z</time>
</trkpt>
<trkpt lat="41.3608517" lon="2.1436533">
<ele>27.10</ele>
<time>2025-09-25T21:01:51.000Z</time>
</trkpt>
<trkpt lat="41.3607200" lon="2.1434683">
<ele>25.08</ele>
<time>2025-09-25T21:01:56.000Z</time>
</trkpt>
<trkpt lat="41.3606083" lon="2.1432717">
<ele>23.54</ele>
<time>2025-09-25T21:02:06.000Z</time>
</trkpt>
<trkpt lat="41.3606617" lon="2.1430067">
<ele>24.94</ele>
<time>2025-09-25T21:02:15.000Z</time>
</trkpt>
<trkpt lat="41.3607017" lon="2.1427683">
<ele>22.10</ele>
<time>2025-09-25T21:02:21.000Z</time>
</trkpt>
<trkpt lat="41.3607950" lon="2.1425450">
<ele>21.89</ele>
<time>2025-09-25T21:02:27.000Z</time>
</trkpt>
<trkpt lat="41.3608217" lon="2.1422933">
<ele>19.52</ele>
<time>2025-09-25T21:02:33.000Z</time>
</trkpt>
<trkpt lat="41.3609000" lon="2.1420617">
<ele>17.33</ele>
<time>2025-09-25T21:02:38.000Z</time>
</trkpt>
<trkpt lat="41.3610300" lon="2.1418350">
<ele>14.74</ele>
<time>2025-09-25T21:02:43.000Z</time>
</trkpt>
<trkpt lat="41.3611867" lon="2.1416317">
<ele>15.31</ele>
<time>2025-09-25T21:02:48.000Z</time>
</trkpt>
<trkpt lat="41.3613433" lon="2.1414567">
<ele>18.66</ele>
<time>2025-09-25T21:02:54.000Z</time>
</trkpt>
<trkpt lat="41.3614933" lon="2.1413200">
<ele>22.69</ele>
<time>2025-09-25T21:03:01.000Z</time>
</trkpt>
<trkpt lat="41.3615900" lon="2.1410817">
<ele>25.58</ele>
<time>2025-09-25T21:03:11.000Z</time>
</trkpt>
<trkpt lat="41.3617417" lon="2.1409083">
<ele>24.02</ele>
<time>2025-09-25T21:03:18.000Z</time>
</trkpt>
<trkpt lat="41.3619233" lon="2.1407650">
<ele>22.93</ele>
<time>2025-09-25T21:03:23.000Z</time>
</trkpt>
<trkpt lat="41.3620933" lon="2.1406050">
<ele>22.55</ele>
<time>2025-09-25T21:03:28.000Z</time>
</trkpt>
<trkpt lat="41.3622483" lon="2.1404367">
<ele>23.34</ele>
<time>2025-09-25T21:03:33.000Z</time>
</trkpt>
<trkpt lat="41.3624350" lon="2.1403033">
<ele>22.76</ele>
<time>2025-09-25T21:03:38.000Z</time>
</trkpt>
<trkpt lat="41.3625983" lon="2.1401917">
<ele>21.04</ele>
<time>2025-09-25T21:03:42.000Z</time>
</trkpt>
<trkpt lat="41.3627933" lon="2.1400567">
<ele>19.56</ele>
<time>2025-09-25T21:03:47.000Z</time>
</trkpt>
<trkpt lat="41.3629750" lon="2.1399217">
<ele>19.24</ele>
<time>2025-09-25T21:03:52.000Z</time>
</trkpt>
<trkpt lat="41.3631567" lon="2.1398367">
<ele>19.95</ele>
<time>2025-09-25T21:03:56.000Z</time>
</trkpt>
<trkpt lat="41.3633567" lon="2.1397217">
<ele>20.63</ele>
<time>2025-09-25T21:04:01.000Z</time>
</trkpt>
<trkpt lat="41.3635367" lon="2.1396150">
<ele>20.67</ele>
<time>2025-09-25T21:04:06.000Z</time>
</trkpt>
<trkpt lat="41.3637250" lon="2.1395117">
<ele>22.34</ele>
<time>2025-09-25T21:04:11.000Z</time>
</trkpt>
<trkpt lat="41.3638967" lon="2.1394367">
<ele>23.26</ele>
<time>2025-09-25T21:04:15.000Z</time>
</trkpt>
<trkpt lat="41.3641083" lon="2.1393850">
<ele>23.76</ele>
<time>2025-09-25T21:04:20.000Z</time>
</trkpt>
<trkpt lat="41.3642983" lon="2.1393267">
<ele>20.48</ele>
<time>2025-09-25T21:04:25.000Z</time>
</trkpt>
<trkpt lat="41.3644883" lon="2.1392583">
<ele>17.54</ele>
<time>2025-09-25T21:04:30.000Z</time>
</trkpt>
<trkpt lat="41.3646783" lon="2.1392133">
<ele>15.98</ele>
<time>2025-09-25T21:04:35.000Z</time>
</trkpt>
<trkpt lat="41.3648550" lon="2.1391617">
<ele>16.11</ele>
<time>2025-09-25T21:04:40.000Z</time>
</trkpt>
<trkpt lat="41.3650633" lon="2.1391167">
<ele>15.88</ele>
<time>2025-09-25T21:04:46.000Z</time>
</trkpt>
<trkpt lat="41.3652433" lon="2.1391400">
<ele>15.48</ele>
<time>2025-09-25T21:04:51.000Z</time>
</trkpt>
<trkpt lat="41.3654050" lon="2.1393250">
<ele>16.14</ele>
<time>2025-09-25T21:04:57.000Z</time>
</trkpt>
<trkpt lat="41.3655583" lon="2.1395233">
<ele>19.84</ele>
<time>2025-09-25T21:05:03.000Z</time>
</trkpt>
<trkpt lat="41.3656900" lon="2.1396883">
<ele>19.73</ele>
<time>2025-09-25T21:05:08.000Z</time>
</trkpt>
<trkpt lat="41.3658683" lon="2.1397317">
<ele>17.87</ele>
<time>2025-09-25T21:05:14.000Z</time>
</trkpt>
<trkpt lat="41.3660833" lon="2.1397017">
<ele>18.09</ele>
<time>2025-09-25T21:05:21.000Z</time>
</trkpt>
<trkpt lat="41.3662967" lon="2.1397900">
<ele>17.94</ele>
<time>2025-09-25T21:05:26.000Z</time>
</trkpt>
<trkpt lat="41.3664800" lon="2.1398600">
<ele>16.10</ele>
<time>2025-09-25T21:05:30.000Z</time>
</trkpt>
<trkpt lat="41.3666950" lon="2.1399183">
<ele>18.91</ele>
<time>2025-09-25T21:05:35.000Z</time>
</trkpt>
<trkpt lat="41.3668767" lon="2.1399850">
<ele>22.54</ele>
<time>2025-09-25T21:05:40.000Z</time>
</trkpt>
<trkpt lat="41.3670667" lon="2.1400750">
<ele>25.30</ele>
<time>2025-09-25T21:05:45.000Z</time>
</trkpt>
<trkpt lat="41.3672583" lon="2.1401550">
<ele>27.56</ele>
<time>2025-09-25T21:05:50.000Z</time>
</trkpt>
<trkpt lat="41.3674367" lon="2.1402267">
<ele>28.62</ele>
<time>2025-09-25T21:05:55.000Z</time>
</trkpt>
<trkpt lat="41.3676383" lon="2.1402933">
<ele>26.03</ele>
<time>2025-09-25T21:06:00.000Z</time>
</trkpt>
<trkpt lat="41.3678167" lon="2.1403967">
<ele>24.04</ele>
<time>2025-09-25T21:06:04.000Z</time>
</trkpt>
<trkpt lat="41.3679933" lon="2.1404817">
<ele>21.58</ele>
<time>2025-09-25T21:06:08.000Z</time>
</trkpt>
<trkpt lat="41.3681817" lon="2.1405200">
<ele>18.62</ele>
<time>2025-09-25T21:06:13.000Z</time>
</trkpt>
<trkpt lat="41.3683600" lon="2.1405983">
<ele>16.85</ele>
<time>2025-09-25T21:06:22.000Z</time>
</trkpt>
<trkpt lat="41.3685050" lon="2.1407800">
<ele>19.21</ele>
<time>2025-09-25T21:06:29.000Z</time>
</trkpt>
<trkpt lat="41.3686450" lon="2.1409800">
<ele>19.19</ele>
<time>2025-09-25T21:06:35.000Z</time>
</trkpt>
<trkpt lat="41.3687667" lon="2.1411617">
<ele>20.21</ele>
<time>2025-09-25T21:06:40.000Z</time>
</trkpt>
<trkpt lat="41.3689467" lon="2.1413100">
<ele>22.04</ele>
<time>2025-09-25T21:06:46.000Z</time>
</trkpt>
<trkpt lat="41.3690967" lon="2.1414567">
<ele>22.10</ele>
<time>2025-09-25T21:06:50.000Z</time>
</trkpt>
<trkpt lat="41.3692567" lon="2.1416450">
<ele>22.98</ele>
<time>2025-09-25T21:06:55.000Z</time>
</trkpt>
<trkpt lat="41.3693750" lon="2.1418433">
<ele>24.19</ele>
<time>2025-09-25T21:07:00.000Z</time>
</trkpt>
<trkpt lat="41.3694917" lon="2.1420533">
<ele>28.49</ele>
<time>2025-09-25T21:07:07.000Z</time>
</trkpt>
<trkpt lat="41.3696267" lon="2.1422600">
<ele>26.10</ele>
<time>2025-09-25T21:07:34.000Z</time>
</trkpt>
<trkpt lat="41.3697867" lon="2.1424233">
<ele>21.51</ele>
<time>2025-09-25T21:07:40.000Z</time>
</trkpt>
<trkpt lat="41.3699117" lon="2.1426383">
<ele>18.39</ele>
<time>2025-09-25T21:07:45.000Z</time>
</trkpt>
<trkpt lat="41.3700417" lon="2.1428483">
<ele>17.92</ele>
<time>2025-09-25T21:07:50.000Z</time>
</trkpt>
<trkpt lat="41.3702000" lon="2.1430483">
<ele>18.09</ele>
<time>2025-09-25T21:07:55.000Z</time>
</trkpt>
<trkpt lat="41.3703583" lon="2.1432200">
<ele>19.29</ele>
<time>2025-09-25T21:07:59.000Z</time>
</trkpt>
<trkpt lat="41.3704850" lon="2.1433917">
<ele>19.20</ele>
<time>2025-09-25T21:08:03.000Z</time>
</trkpt>
<trkpt lat="41.3706383" lon="2.1435900">
<ele>19.81</ele>
<time>2025-09-25T21:08:08.000Z</time>
</trkpt>
<trkpt lat="41.3708067" lon="2.1437700">
<ele>19.84</ele>
<time>2025-09-25T21:08:13.000Z</time>
</trkpt>
<trkpt lat="41.3709550" lon="2.1439683">
<ele>18.88</ele>
<time>2025-09-25T21:08:18.000Z</time>
</trkpt>
<trkpt lat="41.3711083" lon="2.1441583">
<ele>17.83</ele>
<time>2025-09-25T21:08:23.000Z</time>
</trkpt>
<trkpt lat="41.3712400" lon="2.1443983">
<ele>18.30</ele>
<time>2025-09-25T21:08:29.000Z</time>
</trkpt>
<trkpt lat="41.3713683" lon="2.1445867">
<ele>18.19</ele>
<time>2025-09-25T21:08:33.000Z</time>
</trkpt>
<trkpt lat="41.3715067" lon="2.1447700">
<ele>20.73</ele>
<time>2025-09-25T21:08:37.000Z</time>
</trkpt>
<trkpt lat="41.3716650" lon="2.1449500">
<ele>21.55</ele>
<time>2025-09-25T21:08:42.000Z</time>
</trkpt>
<trkpt lat="41.3717817" lon="2.1451417">
<ele>23.27</ele>
<time>2025-09-25T21:08:46.000Z</time>
</trkpt>
<trkpt lat="41.3719217" lon="2.1453467">
<ele>25.49</ele>
<time>2025-09-25T21:08:51.000Z</time>
</trkpt>
<trkpt lat="41.3720550" lon="2.1455217">
<ele>27.84</ele>
<time>2025-09-25T21:08:55.000Z</time>
</trkpt>
<trkpt lat="41.3722083" lon="2.1457167">
<ele>29.21</ele>
<time>2025-09-25T21:09:00.000Z</time>
</trkpt>
<trkpt lat="41.3723583" lon="2.1458917">
<ele>29.84</ele>
<time>2025-09-25T21:09:05.000Z</time>
</trkpt>
<trkpt lat="41.3725000" lon="2.1460850">
<ele>30.98</ele>
<time>2025-09-25T21:09:12.000Z</time>
</trkpt>
<trkpt lat="41.3726433" lon="2.1462717">
<ele>32.28</ele>
<time>2025-09-25T21:09:19.000Z</time>
</trkpt>
<trkpt lat="41.3727667" lon="2.1464467">
<ele>32.21</ele>
<time>2025-09-25T21:09:32.000Z</time>
</trkpt>
<trkpt lat="41.3729467" lon="2.1463667">
<ele>26.81</ele>
<time>2025-09-25T21:10:02.000Z</time>
</trkpt>
<trkpt lat="41.3730817" lon="2.1462017">
<ele>23.65</ele>
<time>2025-09-25T21:10:06.000Z</time>
</trkpt>
<trkpt lat="41.3731833" lon="2.1459850">
<ele>23.81</ele>
<time>2025-09-25T21:10:18.000Z</time>
</trkpt>
<trkpt lat="41.3733683" lon="2.1458617">
<ele>25.83</ele>
<time>2025-09-25T21:10:25.000Z</time>
</trkpt>
<trkpt lat="41.3735600" lon="2.1458717">
<ele>25.25</ele>
<time>2025-09-25T21:10:33.000Z</time>
</trkpt>
<trkpt lat="41.3737367" lon="2.1458083">
<ele>24.42</ele>
<time>2025-09-25T21:10:42.000Z</time>
</trkpt>
<trkpt lat="41.3739183" lon="2.1457233">
<ele>23.42</ele>
<time>2025-09-25T21:10:47.000Z</time>
</trkpt>
<trkpt lat="41.3740867" lon="2.1456367">
<ele>22.97</ele>
<time>2025-09-25T21:10:52.000Z</time>
</trkpt>
<trkpt lat="41.3742367" lon="2.1454933">
<ele>21.56</ele>
<time>2025-09-25T21:10:57.000Z</time>
</trkpt>
<trkpt lat="41.3744267" lon="2.1454367">
<ele>21.58</ele>
<time>2025-09-25T21:11:02.000Z</time>
</trkpt>
<trkpt lat="41.3746083" lon="2.1454017">
<ele>21.02</ele>
<time>2025-09-25T21:11:06.000Z</time>
</trkpt>
<trkpt lat="41.3748133" lon="2.1453283">
<ele>22.83</ele>
<time>2025-09-25T21:11:11.000Z</time>
</trkpt>
<trkpt lat="41.3749983" lon="2.1452283">
<ele>29.46</ele>
<time>2025-09-25T21:11:17.000Z</time>
</trkpt>
<trkpt lat="41.3751800" lon="2.1452950">
<ele>36.69</ele>
<time>2025-09-25T21:11:25.000Z</time>
</trkpt>
<trkpt lat="41.3752333" lon="2.1455400">
<ele>33.23</ele>
<time>2025-09-25T21:11:32.000Z</time>
</trkpt>
<trkpt lat="41.3752533" lon="2.1457783">
<ele>35.48</ele>
<time>2025-09-25T21:11:47.000Z</time>
</trkpt>
<trkpt lat="41.3753933" lon="2.1455900">
<ele>33.49</ele>
<time>2025-09-25T21:12:19.000Z</time>
</trkpt>
<trkpt lat="41.3755867" lon="2.1454183">
<ele>33.01</ele>
<time>2025-09-25T21:12:24.000Z</time>
</trkpt>
<trkpt lat="41.3757517" lon="2.1453083">
<ele>32.64</ele>
<time>2025-09-25T21:12:28.000Z</time>
</trkpt>
<trkpt lat="41.3759200" lon="2.1451800">
<ele>30.85</ele>
<time>2025-09-25T21:12:33.000Z</time>
</trkpt>
<trkpt lat="41.3760850" lon="2.1450833">
<ele>32.08</ele>
<time>2025-09-25T21:12:39.000Z</time>
</trkpt>
<trkpt lat="41.3762417" lon="2.1452233">
<ele>37.34</ele>
<time>2025-09-25T21:12:53.000Z</time>
</trkpt>
<trkpt lat="41.3763733" lon="2.1454117">
<ele>36.52</ele>
<time>2025-09-25T21:12:59.000Z</time>
</trkpt>
<trkpt lat="41.3764717" lon="2.1456133">
<ele>33.31</ele>
<time>2025-09-25T21:13:05.000Z</time>
</trkpt>
<trkpt lat="41.3765867" lon="2.1457983">
<ele>32.31</ele>
<time>2025-09-25T21:13:11.000Z</time>
</trkpt>
<trkpt lat="41.3767467" lon="2.1459867">
<ele>31.27</ele>
<time>2025-09-25T21:13:17.000Z</time>
</trkpt>
<trkpt lat="41.3768433" lon="2.1462400">
<ele>32.32</ele>
<time>2025-09-25T21:13:22.000Z</time>
</trkpt>
<trkpt lat="41.3769117" lon="2.1464733">
<ele>33.91</ele>
<time>2025-09-25T21:13:26.000Z</time>
</trkpt>
<trkpt lat="41.3769683" lon="2.1467100">
<ele>33.60</ele>
<time>2025-09-25T21:13:30.000Z</time>
</trkpt>
<trkpt lat="41.3771483" lon="2.1467450">
<ele>35.47</ele>
<time>2025-09-25T21:13:41.000Z</time>
</trkpt>
<trkpt lat="41.3772650" lon="2.1465500">
<ele>34.70</ele>
<time>2025-09-25T21:13:46.000Z</time>
</trkpt>
<trkpt lat="41.3774067" lon="2.1463350">
<ele>32.96</ele>
<time>2025-09-25T21:13:51.000Z</time>
</trkpt>
<trkpt lat="41.3775433" lon="2.1461617">
<ele>31.71</ele>
<time>2025-09-25T21:13:55.000Z</time>
</trkpt>
<trkpt lat="41.3776917" lon="2.1459817">
<ele>30.90</ele>
<time>2025-09-25T21:13:59.000Z</time>
</trkpt>
<trkpt lat="41.3778267" lon="2.1457933">
<ele>32.59</ele>
<time>2025-09-25T21:14:03.000Z</time>
</trkpt>
<trkpt lat="41.3779633" lon="2.1455833">
<ele>35.69</ele>
<time>2025-09-25T21:14:08.000Z</time>
</trkpt>
<trkpt lat="41.3781100" lon="2.1454150">
<ele>37.29</ele>
<time>2025-09-25T21:14:13.000Z</time>
</trkpt>
<trkpt lat="41.3782550" lon="2.1452517">
<ele>38.65</ele>
<time>2025-09-25T21:14:17.000Z</time>
</trkpt>
<trkpt lat="41.3784000" lon="2.1450917">
<ele>39.75</ele>
<time>2025-09-25T21:14:21.000Z</time>
</trkpt>
<trkpt lat="41.3785467" lon="2.1449233">
<ele>41.57</ele>
<time>2025-09-25T21:14:25.000Z</time>
</trkpt>
<trkpt lat="41.3786967" lon="2.1447550">
<ele>45.59</ele>
<time>2025-09-25T21:14:30.000Z</time>
</trkpt>
<trkpt lat="41.3787917" lon="2.1445317">
<ele>44.11</ele>
<time>2025-09-25T21:14:51.000Z</time>
</trkpt>
<trkpt lat="41.3789183" lon="2.1443533">
<ele>45.37</ele>
<time>2025-09-25T21:14:56.000Z</time>
</trkpt>
<trkpt lat="41.3790650" lon="2.1441633">
<ele>47.22</ele>
<time>2025-09-25T21:15:01.000Z</time>
</trkpt>
<trkpt lat="41.3792133" lon="2.1439917">
<ele>49.81</ele>
<time>2025-09-25T21:15:06.000Z</time>
</trkpt>
<trkpt lat="41.3793567" lon="2.1437933">
<ele>53.04</ele>
<time>2025-09-25T21:15:12.000Z</time>
</trkpt>
<trkpt lat="41.3794850" lon="2.1436250">
<ele>51.48</ele>
<time>2025-09-25T21:15:17.000Z</time>
</trkpt>
<trkpt lat="41.3796117" lon="2.1434300">
<ele>44.51</ele>
<time>2025-09-25T21:15:22.000Z</time>
</trkpt>
<trkpt lat="41.3797283" lon="2.1432300">
<ele>37.18</ele>
<time>2025-09-25T21:15:27.000Z</time>
</trkpt>
<trkpt lat="41.3798733" lon="2.1430317">
<ele>35.52</ele>
<time>2025-09-25T21:15:33.000Z</time>
</trkpt>
<trkpt lat="41.3800300" lon="2.1428800">
<ele>35.75</ele>
<time>2025-09-25T21:15:42.000Z</time>
</trkpt>
<trkpt lat="41.3801683" lon="2.1426933">
<ele>34.58</ele>
<time>2025-09-25T21:15:48.000Z</time>
</trkpt>
<trkpt lat="41.3803583" lon="2.1427483">
<ele>34.77</ele>
<time>2025-09-25T21:16:02.000Z</time>
</trkpt>
<trkpt lat="41.3805500" lon="2.1427550">
<ele>33.03</ele>
<time>2025-09-25T21:16:09.000Z</time>
</trkpt>
<trkpt lat="41.3806933" lon="2.1425550">
<ele>33.85</ele>
<time>2025-09-25T21:16:15.000Z</time>
</trkpt>
<trkpt lat="41.3808883" lon="2.1425217">
<ele>34.62</ele>
<time>2025-09-25T21:16:21.000Z</time>
</trkpt>
<trkpt lat="41.3810733" lon="2.1425550">
<ele>38.53</ele>
<time>2025-09-25T21:16:28.000Z</time>
</trkpt>
<trkpt lat="41.3812533" lon="2.1425583">
<ele>45.48</ele>
<time>2025-09-25T21:16:34.000Z</time>
</trkpt>
<trkpt lat="41.3814450" lon="2.1425383">
<ele>55.76</ele>
<time>2025-09-25T21:16:40.000Z</time>
</trkpt>
<trkpt lat="41.3816200" lon="2.1424817">
<ele>74.70</ele>
<time>2025-09-25T21:16:46.000Z</time>
</trkpt>
<trkpt lat="41.3817967" lon="2.1425283">
<ele>76.66</ele>
<time>2025-09-25T21:16:50.000Z</time>
</trkpt>
<trkpt lat="41.3820283" lon="2.1425583">
<ele>76.52</ele>
<time>2025-09-25T21:16:55.000Z</time>
</trkpt>
<trkpt lat="41.3822283" lon="2.1425833">
<ele>72.64</ele>
<time>2025-09-25T21:16:59.000Z</time>
</trkpt>
<trkpt lat="41.3824150" lon="2.1425883">
<ele>67.59</ele>
<time>2025-09-25T21:17:03.000Z</time>
</trkpt>
<trkpt lat="41.3826167" lon="2.1425633">
<ele>62.02</ele>
<time>2025-09-25T21:17:08.000Z</time>
</trkpt>
<trkpt lat="41.3828300" lon="2.1425933">
<ele>62.63</ele>
<time>2025-09-25T21:17:14.000Z</time>
</trkpt>
<trkpt lat="41.3830400" lon="2.1426350">
<ele>65.16</ele>
<time>2025-09-25T21:17:19.000Z</time>
</trkpt>
<trkpt lat="41.3832233" lon="2.1426867">
<ele>67.81</ele>
<time>2025-09-25T21:17:24.000Z</time>
</trkpt>
<trkpt lat="41.3834417" lon="2.1427050">
<ele>70.56</ele>
<time>2025-09-25T21:17:29.000Z</time>
</trkpt>
<trkpt lat="41.3836433" lon="2.1427150">
<ele>73.74</ele>
<time>2025-09-25T21:17:34.000Z</time>
</trkpt>
<trkpt lat="41.3838683" lon="2.1426817">
<ele>72.84</ele>
<time>2025-09-25T21:17:39.000Z</time>
</trkpt>
<trkpt lat="41.3840717" lon="2.1427417">
<ele>63.85</ele>
<time>2025-09-25T21:17:43.000Z</time>
</trkpt>
<trkpt lat="41.3842783" lon="2.1427650">
<ele>60.19</ele>
<time>2025-09-25T21:17:48.000Z</time>
</trkpt>
<trkpt lat="41.3844967" lon="2.1427617">
<ele>60.17</ele>
<time>2025-09-25T21:17:53.000Z</time>
</trkpt>
<trkpt lat="41.3847017" lon="2.1427717">
<ele>59.28</ele>
<time>2025-09-25T21:17:58.000Z</time>
</trkpt>
<trkpt lat="41.3848967" lon="2.1427667">
<ele>62.18</ele>
<time>2025-09-25T21:18:03.000Z</time>
</trkpt>
<trkpt lat="41.3851000" lon="2.1428050">
<ele>62.13</ele>
<time>2025-09-25T21:18:09.000Z</time>
</trkpt>
<trkpt lat="41.3852867" lon="2.1428300">
<ele>60.53</ele>
<time>2025-09-25T21:18:17.000Z</time>
</trkpt>
<trkpt lat="41.3854850" lon="2.1428617">
<ele>53.52</ele>
<time>2025-09-25T21:18:47.000Z</time>
</trkpt>
<trkpt lat="41.3856750" lon="2.1428233">
<ele>51.51</ele>
<time>2025-09-25T21:18:57.000Z</time>
</trkpt>
<trkpt lat="41.3858717" lon="2.1428500">
<ele>55.59</ele>
<time>2025-09-25T21:19:41.000Z</time>
</trkpt>
<trkpt lat="41.3860317" lon="2.1430650">
<ele>53.09</ele>
<time>2025-09-25T21:19:46.000Z</time>
</trkpt>
<trkpt lat="41.3861483" lon="2.1432800">
<ele>50.09</ele>
<time>2025-09-25T21:19:50.000Z</time>
</trkpt>
<trkpt lat="41.3862850" lon="2.1434883">
<ele>50.50</ele>
<time>2025-09-25T21:19:55.000Z</time>
</trkpt>
<trkpt lat="41.3864117" lon="2.1436883">
<ele>50.29</ele>
<time>2025-09-25T21:20:01.000Z</time>
</trkpt>
<trkpt lat="41.3865767" lon="2.1438533">
<ele>52.33</ele>
<time>2025-09-25T21:20:07.000Z</time>
</trkpt>
<trkpt lat="41.3867133" lon="2.1440167">
<ele>52.01</ele>
<time>2025-09-25T21:20:11.000Z</time>
</trkpt>
<trkpt lat="41.3868733" lon="2.1442233">
<ele>51.33</ele>
<time>2025-09-25T21:20:15.000Z</time>
</trkpt>
<trkpt lat="41.3870267" lon="2.1444117">
<ele>50.30</ele>
<time>2025-09-25T21:20:19.000Z</time>
</trkpt>
<trkpt lat="41.3871783" lon="2.1446067">
<ele>48.01</ele>
<time>2025-09-25T21:20:23.000Z</time>
</trkpt>
<trkpt lat="41.3873283" lon="2.1447867">
<ele>47.50</ele>
<time>2025-09-25T21:20:28.000Z</time>
</trkpt>
<trkpt lat="41.3874617" lon="2.1449617">
<ele>48.09</ele>
<time>2025-09-25T21:20:35.000Z</time>
</trkpt>
<trkpt lat="41.3875767" lon="2.1451600">
<ele>46.04</ele>
<time>2025-09-25T21:20:40.000Z</time>
</trkpt>
<trkpt lat="41.3877000" lon="2.1454000">
<ele>44.67</ele>
<time>2025-09-25T21:20:44.000Z</time>
</trkpt>
<trkpt lat="41.3878600" lon="2.1456000">
<ele>44.47</ele>
<time>2025-09-25T21:20:48.000Z</time>
</trkpt>
<trkpt lat="41.3880117" lon="2.1457817">
<ele>43.49</ele>
<time>2025-09-25T21:20:52.000Z</time>
</trkpt>
<trkpt lat="41.3881717" lon="2.1459317">
<ele>42.18</ele>
<time>2025-09-25T21:20:56.000Z</time>
</trkpt>
<trkpt lat="41.3883167" lon="2.1461167">
<ele>40.71</ele>
<time>2025-09-25T21:21:00.000Z</time>
</trkpt>
<trkpt lat="41.3884517" lon="2.1463217">
<ele>39.52</ele>
<time>2025-09-25T21:21:04.000Z</time>
</trkpt>
<trkpt lat="41.3885983" lon="2.1465367">
<ele>39.95</ele>
<time>2025-09-25T21:21:08.000Z</time>
</trkpt>
<trkpt lat="41.3887850" lon="2.1467233">
<ele>41.52</ele>
<time>2025-09-25T21:21:12.000Z</time>
</trkpt>
<trkpt lat="41.3889233" lon="2.1469083">
<ele>43.49</ele>
<time>2025-09-25T21:21:16.000Z</time>
</trkpt>
<trkpt lat="41.3890550" lon="2.1470767">
<ele>44.58</ele>
<time>2025-09-25T21:21:20.000Z</time>
</trkpt>
<trkpt lat="41.3891900" lon="2.1472450">
<ele>42.82</ele>
<time>2025-09-25T21:21:24.000Z</time>
</trkpt>
<trkpt lat="41.3893383" lon="2.1474750">
<ele>43.60</ele>
<time>2025-09-25T21:21:29.000Z</time>
</trkpt>
<trkpt lat="41.3894650" lon="2.1476750">
<ele>44.64</ele>
<time>2025-09-25T21:21:33.000Z</time>
</trkpt>
<trkpt lat="41.3896083" lon="2.1478433">
<ele>46.16</ele>
<time>2025-09-25T21:21:37.000Z</time>
</trkpt>
<trkpt lat="41.3897567" lon="2.1479933">
<ele>51.69</ele>
<time>2025-09-25T21:21:46.000Z</time>
</trkpt>
<trkpt lat="41.3899217" lon="2.1481367">
<ele>46.74</ele>
<time>2025-09-25T21:21:52.000Z</time>
</trkpt>
<trkpt lat="41.3900750" lon="2.1483117">
<ele>43.52</ele>
<time>2025-09-25T21:21:58.000Z</time>
</trkpt>
<trkpt lat="41.3901283" lon="2.1485483">
<ele>42.05</ele>
<time>2025-09-25T21:22:03.000Z</time>
</trkpt>
<trkpt lat="41.3902717" lon="2.1487717">
<ele>42.62</ele>
<time>2025-09-25T21:22:08.000Z</time>
</trkpt>
<trkpt lat="41.3904200" lon="2.1489767">
<ele>44.08</ele>
<time>2025-09-25T21:22:13.000Z</time>
</trkpt>
<trkpt lat="41.3905417" lon="2.1491700">
<ele>44.63</ele>
<time>2025-09-25T21:22:17.000Z</time>
</trkpt>
<trkpt lat="41.3906883" lon="2.1493233">
<ele>45.00</ele>
<time>2025-09-25T21:22:21.000Z</time>
</trkpt>
<trkpt lat="41.3908267" lon="2.1495067">
<ele>47.09</ele>
<time>2025-09-25T21:22:25.000Z</time>
</trkpt>
<trkpt lat="41.3909783" lon="2.1497017">
<ele>44.91</ele>
<time>2025-09-25T21:22:30.000Z</time>
</trkpt>
<trkpt lat="41.3911033" lon="2.1498833">
<ele>45.02</ele>
<time>2025-09-25T21:22:34.000Z</time>
</trkpt>
<trkpt lat="41.3912450" lon="2.1500550">
<ele>46.99</ele>
<time>2025-09-25T21:22:38.000Z</time>
</trkpt>
<trkpt lat="41.3913700" lon="2.1502533">
<ele>51.30</ele>
<time>2025-09-25T21:22:43.000Z</time>
</trkpt>
<trkpt lat="41.3915417" lon="2.1504317">
<ele>54.33</ele>
<time>2025-09-25T21:22:49.000Z</time>
</trkpt>
<trkpt lat="41.3916783" lon="2.1506267">
<ele>51.73</ele>
<time>2025-09-25T21:22:54.000Z</time>
</trkpt>
<trkpt lat="41.3918117" lon="2.1508467">
<ele>47.73</ele>
<time>2025-09-25T21:23:00.000Z</time>
</trkpt>
<trkpt lat="41.3919367" lon="2.1510367">
<ele>47.22</ele>
<time>2025-09-25T21:23:04.000Z</time>
</trkpt>
<trkpt lat="41.3920817" lon="2.1512100">
<ele>47.31</ele>
<time>2025-09-25T21:23:08.000Z</time>
</trkpt>
<trkpt lat="41.3922267" lon="2.1514317">
<ele>49.26</ele>
<time>2025-09-25T21:23:13.000Z</time>
</trkpt>
<trkpt lat="41.3923833" lon="2.1516333">
<ele>52.91</ele>
<time>2025-09-25T21:23:18.000Z</time>
</trkpt>
<trkpt lat="41.3925150" lon="2.1518033">
<ele>54.42</ele>
<time>2025-09-25T21:23:22.000Z</time>
</trkpt>
<trkpt lat="41.3926700" lon="2.1519750">
<ele>53.84</ele>
<time>2025-09-25T21:23:26.000Z</time>
</trkpt>
<trkpt lat="41.3928017" lon="2.1521800">
<ele>54.28</ele>
<time>2025-09-25T21:23:30.000Z</time>
</trkpt>
<trkpt lat="41.3929300" lon="2.1523717">
<ele>54.74</ele>
<time>2025-09-25T21:23:34.000Z</time>
</trkpt>
<trkpt lat="41.3930583" lon="2.1525833">
<ele>56.67</ele>
<time>2025-09-25T21:23:39.000Z</time>
</trkpt>
<trkpt lat="41.3932083" lon="2.1527217">
<ele>59.15</ele>
<time>2025-09-25T21:23:44.000Z</time>
</trkpt>
<trkpt lat="41.3933567" lon="2.1528717">
<ele>58.67</ele>
<time>2025-09-25T21:23:50.000Z</time>
</trkpt>
<trkpt lat="41.3934800" lon="2.1530633">
<ele>57.00</ele>
<time>2025-09-25T21:23:56.000Z</time>
</trkpt>
<trkpt lat="41.3936200" lon="2.1532567">
<ele>56.16</ele>
<time>2025-09-25T21:24:01.000Z</time>
</trkpt>
<trkpt lat="41.3937533" lon="2.1534450">
<ele>56.45</ele>
<time>2025-09-25T21:24:06.000Z</time>
</trkpt>
<trkpt lat="41.3938867" lon="2.1536600">
<ele>57.12</ele>
<time>2025-09-25T21:24:11.000Z</time>
</trkpt>
<trkpt lat="41.3940367" lon="2.1538550">
<ele>58.90</ele>
<time>2025-09-25T21:24:16.000Z</time>
</trkpt>
<trkpt lat="41.3942100" lon="2.1540083">
<ele>58.12</ele>
<time>2025-09-25T21:24:21.000Z</time>
</trkpt>
<trkpt lat="41.3943550" lon="2.1541850">
<ele>57.60</ele>
<time>2025-09-25T21:24:25.000Z</time>
</trkpt>
<trkpt lat="41.3945000" lon="2.1543683">
<ele>56.52</ele>
<time>2025-09-25T21:24:29.000Z</time>
</trkpt>
<trkpt lat="41.3946317" lon="2.1545483">
<ele>55.52</ele>
<time>2025-09-25T21:24:33.000Z</time>
</trkpt>
<trkpt lat="41.3947767" lon="2.1547083">
<ele>54.53</ele>
<time>2025-09-25T21:24:37.000Z</time>
</trkpt>
<trkpt lat="41.3949233" lon="2.1548650">
<ele>55.19</ele>
<time>2025-09-25T21:24:42.000Z</time>
</trkpt>
<trkpt lat="41.3950300" lon="2.1550617">
<ele>58.69</ele>
<time>2025-09-25T21:25:49.000Z</time>
</trkpt>
<trkpt lat="41.3952067" lon="2.1551517">
<ele>56.48</ele>
<time>2025-09-25T21:25:56.000Z</time>
</trkpt>
<trkpt lat="41.3953483" lon="2.1553233">
<ele>52.72</ele>
<time>2025-09-25T21:26:13.000Z</time>
</trkpt>
<trkpt lat="41.3954083" lon="2.1555833">
<ele>52.77</ele>
<time>2025-09-25T21:26:18.000Z</time>
</trkpt>
<trkpt lat="41.3956033" lon="2.1555467">
<ele>55.09</ele>
<time>2025-09-25T21:26:30.000Z</time>
</trkpt>
<trkpt lat="41.3957833" lon="2.1556467">
<ele>55.99</ele>
<time>2025-09-25T21:27:10.000Z</time>
</trkpt>
<trkpt lat="41.3959517" lon="2.1555517">
<ele>56.19</ele>
<time>2025-09-25T21:27:16.000Z</time>
</trkpt>
<trkpt lat="41.3961033" lon="2.1554083">
<ele>57.16</ele>
<time>2025-09-25T21:27:22.000Z</time>
</trkpt>
<trkpt lat="41.3962817" lon="2.1552950">
<ele>54.56</ele>
<time>2025-09-25T21:27:30.000Z</time>
</trkpt>
<trkpt lat="41.3964550" lon="2.1551217">
<ele>56.17</ele>
<time>2025-09-25T21:27:37.000Z</time>
</trkpt>
<trkpt lat="41.3966233" lon="2.1550067">
<ele>57.60</ele>
<time>2025-09-25T21:27:41.000Z</time>
</trkpt>
<trkpt lat="41.3968350" lon="2.1550867">
<ele>59.52</ele>
<time>2025-09-25T21:27:48.000Z</time>
</trkpt>
<trkpt lat="41.3970350" lon="2.1551933">
<ele>62.38</ele>
<time>2025-09-25T21:27:53.000Z</time>
</trkpt>
<trkpt lat="41.3971867" lon="2.1553250">
<ele>64.67</ele>
<time>2025-09-25T21:27:58.000Z</time>
</trkpt>
<trkpt lat="41.3972917" lon="2.1555517">
<ele>64.56</ele>
<time>2025-09-25T21:28:04.000Z</time>
</trkpt>
<trkpt lat="41.3974117" lon="2.1557617">
<ele>62.36</ele>
<time>2025-09-25T21:28:09.000Z</time>
</trkpt>
<trkpt lat="41.3975317" lon="2.1559533">
<ele>58.99</ele>
<time>2025-09-25T21:28:14.000Z</time>
</trkpt>
<trkpt lat="41.3976550" lon="2.1561350">
<ele>55.54</ele>
<time>2025-09-25T21:28:19.000Z</time>
</trkpt>
<trkpt lat="41.3977983" lon="2.1563333">
<ele>50.92</ele>
<time>2025-09-25T21:28:24.000Z</time>
</trkpt>
<trkpt lat="41.3979083" lon="2.1565333">
<ele>52.51</ele>
<time>2025-09-25T21:28:31.000Z</time>
</trkpt>
<trkpt lat="41.3980483" lon="2.1563700">
<ele>54.08</ele>
<time>2025-09-25T21:28:42.000Z</time>
</trkpt>
<trkpt lat="41.3981583" lon="2.1561550">
<ele>52.98</ele>
<time>2025-09-25T21:28:49.000Z</time>
</trkpt>
<trkpt lat="41.3982983" lon="2.1559533">
<ele>53.20</ele>
<time>2025-09-25T21:28:56.000Z</time>
</trkpt>
<trkpt lat="41.3983983" lon="2.1557467">
<ele>56.03</ele>
<time>2025-09-25T21:29:03.000Z</time>
</trkpt>
<trkpt lat="41.3985783" lon="2.1556733">
<ele>57.06</ele>
<time>2025-09-25T21:29:13.000Z</time>
</trkpt>
<trkpt lat="41.3987317" lon="2.1558700">
<ele>56.42</ele>
<time>2025-09-25T21:29:18.000Z</time>
</trkpt>
<trkpt lat="41.3988850" lon="2.1560833">
<ele>55.09</ele>
<time>2025-09-25T21:29:23.000Z</time>
</trkpt>
<trkpt lat="41.3990383" lon="2.1562467">
<ele>52.25</ele>
<time>2025-09-25T21:29:29.000Z</time>
</trkpt>
<trkpt lat="41.3989583" lon="2.1564667">
<ele>61.56</ele>
<time>2025-09-25T21:30:05.000Z</time>
</trkpt>
<trkpt lat="41.3990350" lon="2.1567383">
<ele>73.57</ele>
<time>2025-09-25T21:30:18.000Z</time>
</trkpt>
<trkpt lat="41.3991500" lon="2.1569467">
<ele>73.94</ele>
<time>2025-09-25T21:30:22.000Z</time>
</trkpt>
<trkpt lat="41.3992717" lon="2.1571550">
<ele>73.80</ele>
<time>2025-09-25T21:30:27.000Z</time>
</trkpt>
<trkpt lat="41.3993633" lon="2.1573650">
<ele>72.86</ele>
<time>2025-09-25T21:30:33.000Z</time>
</trkpt>
<trkpt lat="41.3995350" lon="2.1572350">
<ele>60.78</ele>
<time>2025-09-25T21:30:52.000Z</time>
</trkpt>
<trkpt lat="41.3997117" lon="2.1573350">
<ele>59.02</ele>
<time>2025-09-25T21:30:59.000Z</time>
</trkpt>
<trkpt lat="41.3998533" lon="2.1575117">
<ele>57.74</ele>
<time>2025-09-25T21:31:05.000Z</time>
</trkpt>
<trkpt lat="41.3999717" lon="2.1576983">
<ele>61.31</ele>
<time>2025-09-25T21:31:12.000Z</time>
</trkpt>
<trkpt lat="41.4001500" lon="2.1577967">
<ele>68.67</ele>
<time>2025-09-25T21:31:18.000Z</time>
</trkpt>
<trkpt lat="41.4003067" lon="2.1576783">
<ele>73.86</ele>
<time>2025-09-25T21:31:23.000Z</time>
</trkpt>
<trkpt lat="41.4004933" lon="2.1576217">
<ele>77.14</ele>
<time>2025-09-25T21:31:34.000Z</time>
</trkpt>
<trkpt lat="41.4006550" lon="2.1578033">
<ele>74.81</ele>
<time>2025-09-25T21:31:40.000Z</time>
</trkpt>
<trkpt lat="41.4007783" lon="2.1579900">
<ele>71.37</ele>
<time>2025-09-25T21:31:45.000Z</time>
</trkpt>
<trkpt lat="41.4009500" lon="2.1581783">
<ele>65.44</ele>
<time>2025-09-25T21:31:51.000Z</time>
</trkpt>
<trkpt lat="41.4010867" lon="2.1583733">
<ele>60.42</ele>
<time>2025-09-25T21:31:56.000Z</time>
</trkpt>
<trkpt lat="41.4011850" lon="2.1586017">
<ele>57.13</ele>
<time>2025-09-25T21:32:04.000Z</time>
</trkpt>
<trkpt lat="41.4013050" lon="2.1587833">
<ele>56.52</ele>
<time>2025-09-25T21:32:08.000Z</time>
</trkpt>
<trkpt lat="41.4014483" lon="2.1589967">
<ele>58.19</ele>
<time>2025-09-25T21:32:12.000Z</time>
</trkpt>
<trkpt lat="41.4015717" lon="2.1591967">
<ele>60.10</ele>
<time>2025-09-25T21:32:16.000Z</time>
</trkpt>
<trkpt lat="41.4017133" lon="2.1594033">
<ele>64.65</ele>
<time>2025-09-25T21:32:23.000Z</time>
</trkpt>
<trkpt lat="41.4018217" lon="2.1596200">
<ele>68.66</ele>
<time>2025-09-25T21:32:28.000Z</time>
</trkpt>
<trkpt lat="41.4019550" lon="2.1598150">
<ele>70.20</ele>
<time>2025-09-25T21:32:32.000Z</time>
</trkpt>
<trkpt lat="41.4020633" lon="2.1600233">
<ele>71.43</ele>
<time>2025-09-25T21:32:36.000Z</time>
</trkpt>
<trkpt lat="41.4021817" lon="2.1602267">
<ele>72.47</ele>
<time>2025-09-25T21:32:40.000Z</time>
</trkpt>
<trkpt lat="41.4023100" lon="2.1604533">
<ele>71.48</ele>
<time>2025-09-25T21:32:44.000Z</time>
</trkpt>
<trkpt lat="41.4024333" lon="2.1606283">
<ele>70.04</ele>
<time>2025-09-25T21:32:47.000Z</time>
</trkpt>
<trkpt lat="41.4025733" lon="2.1608267">
<ele>68.73</ele>
<time>2025-09-25T21:32:51.000Z</time>
</trkpt>
<trkpt lat="41.4027233" lon="2.1609883">
<ele>65.89</ele>
<time>2025-09-25T21:32:55.000Z</time>
</trkpt>
<trkpt lat="41.4028350" lon="2.1612300">
<ele>64.89</ele>
<time>2025-09-25T21:32:59.000Z</time>
</trkpt>
<trkpt lat="41.4029633" lon="2.1614650">
<ele>63.37</ele>
<time>2025-09-25T21:33:03.000Z</time>
</trkpt>
<trkpt lat="41.4031233" lon="2.1616133">
<ele>62.36</ele>
<time>2025-09-25T21:33:09.000Z</time>
</trkpt>
<trkpt lat="41.4032800" lon="2.1613967">
<ele>66.03</ele>
<time>2025-09-25T21:33:14.000Z</time>
</trkpt>
<trkpt lat="41.4034233" lon="2.1611950">
<ele>58.71</ele>
<time>2025-09-25T21:33:19.000Z</time>
</trkpt>
<trkpt lat="41.4036050" lon="2.1610800">
<ele>58.47</ele>
<time>2025-09-25T21:33:26.000Z</time>
</trkpt>
<trkpt lat="41.4037367" lon="2.1608833">
<ele>54.50</ele>
<time>2025-09-25T21:33:32.000Z</time>
</trkpt>
<trkpt lat="41.4039350" lon="2.1608517">
<ele>48.06</ele>
<time>2025-09-25T21:33:40.000Z</time>
</trkpt>
<trkpt lat="41.4040983" lon="2.1610567">
<ele>46.07</ele>
<time>2025-09-25T21:33:45.000Z</time>
</trkpt>
<trkpt lat="41.4042500" lon="2.1612133">
<ele>45.76</ele>
<time>2025-09-25T21:33:49.000Z</time>
</trkpt>
<trkpt lat="41.4043917" lon="2.1614133">
<ele>46.67</ele>
<time>2025-09-25T21:33:53.000Z</time>
</trkpt>
<trkpt lat="41.4045150" lon="2.1616083">
<ele>48.68</ele>
<time>2025-09-25T21:33:56.000Z</time>
</trkpt>
<trkpt lat="41.4046250" lon="2.1618700">
<ele>50.01</ele>
<time>2025-09-25T21:34:00.000Z</time>
</trkpt>
<trkpt lat="41.4047500" lon="2.1620683">
<ele>49.25</ele>
<time>2025-09-25T21:34:03.000Z</time>
</trkpt>
<trkpt lat="41.4048700" lon="2.1622600">
<ele>48.61</ele>
<time>2025-09-25T21:34:06.000Z</time>
</trkpt>
<trkpt lat="41.4050050" lon="2.1624750">
<ele>50.70</ele>
<time>2025-09-25T21:34:10.000Z</time>
</trkpt>
<trkpt lat="41.4051367" lon="2.1627133">
<ele>51.36</ele>
<time>2025-09-25T21:34:14.000Z</time>
</trkpt>
<trkpt lat="41.4052417" lon="2.1629083">
<ele>53.30</ele>
<time>2025-09-25T21:34:17.000Z</time>
</trkpt>
<trkpt lat="41.4053867" lon="2.1630600">
<ele>56.76</ele>
<time>2025-09-25T21:34:21.000Z</time>
</trkpt>
<trkpt lat="41.4055683" lon="2.1629567">
<ele>62.01</ele>
<time>2025-09-25T21:34:26.000Z</time>
</trkpt>
<trkpt lat="41.4057617" lon="2.1629467">
<ele>70.39</ele>
<time>2025-09-25T21:34:31.000Z</time>
</trkpt>
<trkpt lat="41.4059517" lon="2.1630550">
<ele>72.11</ele>
<time>2025-09-25T21:34:36.000Z</time>
</trkpt>
<trkpt lat="41.4061183" lon="2.1631900">
<ele>80.36</ele>
<time>2025-09-25T21:34:43.000Z</time>
</trkpt>
<trkpt lat="41.4063000" lon="2.1632800">
<ele>90.68</ele>
<time>2025-09-25T21:34:48.000Z</time>
</trkpt>
<trkpt lat="41.4064983" lon="2.1633467">
<ele>98.10</ele>
<time>2025-09-25T21:34:53.000Z</time>
</trkpt>
<trkpt lat="41.4066933" lon="2.1634167">
<ele>101.27</ele>
<time>2025-09-25T21:34:58.000Z</time>
</trkpt>
<trkpt lat="41.4069117" lon="2.1634483">
<ele>101.21</ele>
<time>2025-09-25T21:35:03.000Z</time>
</trkpt>
<trkpt lat="41.4071283" lon="2.1634683">
<ele>95.37</ele>
<time>2025-09-25T21:35:08.000Z</time>
</trkpt>
<trkpt lat="41.4073200" lon="2.1635950">
<ele>86.24</ele>
<time>2025-09-25T21:35:13.000Z</time>
</trkpt>
<trkpt lat="41.4075200" lon="2.1636400">
<ele>85.83</ele>
<time>2025-09-25T21:35:18.000Z</time>
</trkpt>
<trkpt lat="41.4077250" lon="2.1636783">
<ele>88.70</ele>
<time>2025-09-25T21:35:23.000Z</time>
</trkpt>
<trkpt lat="41.4079250" lon="2.1637483">
<ele>90.30</ele>
<time>2025-09-25T21:35:28.000Z</time>
</trkpt>
<trkpt lat="41.4081283" lon="2.1638450">
<ele>91.64</ele>
<time>2025-09-25T21:35:34.000Z</time>
</trkpt>
<trkpt lat="41.4083167" lon="2.1638983">
<ele>90.17</ele>
<time>2025-09-25T21:35:39.000Z</time>
</trkpt>
<trkpt lat="41.4085250" lon="2.1639250">
<ele>87.72</ele>
<time>2025-09-25T21:35:44.000Z</time>
</trkpt>
<trkpt lat="41.4087300" lon="2.1639483">
<ele>88.60</ele>
<time>2025-09-25T21:35:49.000Z</time>
</trkpt>
<trkpt lat="41.4089167" lon="2.1639750">
<ele>86.93</ele>
<time>2025-09-25T21:35:54.000Z</time>
</trkpt>
<trkpt lat="41.4091067" lon="2.1640583">
<ele>91.07</ele>
<time>2025-09-25T21:36:00.000Z</time>
</trkpt>
<trkpt lat="41.4093100" lon="2.1640933">
<ele>98.32</ele>
<time>2025-09-25T21:36:07.000Z</time>
</trkpt>
<trkpt lat="41.4094900" lon="2.1641233">
<ele>103.58</ele>
<time>2025-09-25T21:36:13.000Z</time>
</trkpt>
<trkpt lat="41.4096733" lon="2.1641967">
<ele>107.92</ele>
<time>2025-09-25T21:36:19.000Z</time>
</trkpt>
<trkpt lat="41.4098683" lon="2.1642350">
<ele>108.58</ele>
<time>2025-09-25T21:36:25.000Z</time>
</trkpt>
<trkpt lat="41.4100550" lon="2.1643000">
<ele>109.94</ele>
<time>2025-09-25T21:36:31.000Z</time>
</trkpt>
<trkpt lat="41.4102467" lon="2.1643033">
<ele>104.96</ele>
<time>2025-09-25T21:36:37.000Z</time>
</trkpt>
<trkpt lat="41.4104567" lon="2.1643400">
<ele>99.24</ele>
<time>2025-09-25T21:36:43.000Z</time>
</trkpt>
<trkpt lat="41.4106400" lon="2.1644300">
<ele>98.06</ele>
<time>2025-09-25T21:36:49.000Z</time>
</trkpt>
<trkpt lat="41.4108333" lon="2.1645000">
<ele>99.33</ele>
<time>2025-09-25T21:36:55.000Z</time>
</trkpt>
<trkpt lat="41.4110133" lon="2.1645733">
<ele>102.12</ele>
<time>2025-09-25T21:37:02.000Z</time>
</trkpt>
<trkpt lat="41.4111967" lon="2.1646317">
<ele>103.83</ele>
<time>2025-09-25T21:37:09.000Z</time>
</trkpt>
<trkpt lat="41.4113717" lon="2.1646967">
<ele>104.05</ele>
<time>2025-09-25T21:37:15.000Z</time>
</trkpt>
<trkpt lat="41.4115500" lon="2.1647833">
<ele>103.19</ele>
<time>2025-09-25T21:37:22.000Z</time>
</trkpt>
<trkpt lat="41.4116317" lon="2.1650317">
<ele>97.28</ele>
<time>2025-09-25T21:37:32.000Z</time>
</trkpt>
<trkpt lat="41.4118217" lon="2.1650633">
<ele>98.00</ele>
<time>2025-09-25T21:37:37.000Z</time>
</trkpt>
<trkpt lat="41.4119683" lon="2.1649100">
<ele>97.89</ele>
<time>2025-09-25T21:37:42.000Z</time>
</trkpt>
<trkpt lat="41.4121750" lon="2.1648500">
<ele>94.01</ele>
<time>2025-09-25T21:37:49.000Z</time>
</trkpt>
<trkpt lat="41.4123450" lon="2.1647533">
<ele>93.10</ele>
<time>2025-09-25T21:37:56.000Z</time>
</trkpt>
<trkpt lat="41.4124983" lon="2.1646017">
<ele>92.77</ele>
<time>2025-09-25T21:38:03.000Z</time>
</trkpt>
<trkpt lat="41.4126867" lon="2.1645283">
<ele>92.60</ele>
<time>2025-09-25T21:38:10.000Z</time>
</trkpt>
<trkpt lat="41.4128700" lon="2.1644083">
<ele>92.87</ele>
<time>2025-09-25T21:38:18.000Z</time>
</trkpt>
<trkpt lat="41.4130267" lon="2.1642767">
<ele>92.90</ele>
<time>2025-09-25T21:38:25.000Z</time>
</trkpt>
<trkpt lat="41.4131933" lon="2.1641800">
<ele>97.47</ele>
<time>2025-09-25T21:38:32.000Z</time>
</trkpt>
<trkpt lat="41.4133767" lon="2.1641000">
<ele>107.47</ele>
<time>2025-09-25T21:38:41.000Z</time>
</trkpt>
<trkpt lat="41.4135467" lon="2.1639617">
<ele>112.72</ele>
<time>2025-09-25T21:38:49.000Z</time>
</trkpt>
<trkpt lat="41.4137283" lon="2.1639933">
<ele>120.49</ele>
<time>2025-09-25T21:38:57.000Z</time>
</trkpt>
<trkpt lat="41.4138600" lon="2.1641783">
<ele>118.22</ele>
<time>2025-09-25T21:39:05.000Z</time>
</trkpt>
<trkpt lat="41.4139700" lon="2.1643833">
<ele>117.34</ele>
<time>2025-09-25T21:39:14.000Z</time>
</trkpt>
<trkpt lat="41.4140950" lon="2.1645583">
<ele>118.14</ele>
<time>2025-09-25T21:39:21.000Z</time>
</trkpt>
<trkpt lat="41.4141917" lon="2.1647933">
<ele>119.91</ele>
<time>2025-09-25T21:39:29.000Z</time>
</trkpt>
<trkpt lat="41.4142883" lon="2.1650217">
<ele>125.63</ele>
<time>2025-09-25T21:39:37.000Z</time>
</trkpt>
<trkpt lat="41.4143567" lon="2.1652650">
<ele>134.29</ele>
<time>2025-09-25T21:39:47.000Z</time>
</trkpt>
<trkpt lat="41.4144583" lon="2.1654833">
<ele>136.84</ele>
<time>2025-09-25T21:39:54.000Z</time>
</trkpt>
<trkpt lat="41.4145617" lon="2.1656917">
<ele>136.88</ele>
<time>2025-09-25T21:40:01.000Z</time>
</trkpt>
<trkpt lat="41.4146917" lon="2.1658933">
<ele>134.02</ele>
<time>2025-09-25T21:40:09.000Z</time>
</trkpt>
<trkpt lat="41.4147750" lon="2.1661383">
<ele>133.15</ele>
<time>2025-09-25T21:40:18.000Z</time>
</trkpt>
<trkpt lat="41.4148617" lon="2.1663767">
<ele>131.11</ele>
<time>2025-09-25T21:40:26.000Z</time>
</trkpt>
<trkpt lat="41.4149750" lon="2.1665717">
<ele>129.36</ele>
<time>2025-09-25T21:40:33.000Z</time>
</trkpt>
<trkpt lat="41.4151150" lon="2.1667283">
<ele>129.03</ele>
<time>2025-09-25T21:40:40.000Z</time>
</trkpt>
<trkpt lat="41.4152700" lon="2.1665667">
<ele>131.29</ele>
<time>2025-09-25T21:40:48.000Z</time>
</trkpt>
<trkpt lat="41.4152017" lon="2.1663317">
<ele>130.53</ele>
<time>2025-09-25T21:40:54.000Z</time>
</trkpt>
<trkpt lat="41.4151033" lon="2.1661250">
<ele>127.35</ele>
<time>2025-09-25T21:40:59.000Z</time>
</trkpt>
<trkpt lat="41.4150950" lon="2.1658700">
<ele>127.15</ele>
<time>2025-09-25T21:41:05.000Z</time>
</trkpt>
<trkpt lat="41.4151617" lon="2.1656383">
<ele>136.15</ele>
<time>2025-09-25T21:41:17.000Z</time>
</trkpt>
<trkpt lat="41.4151883" lon="2.1653983">
<ele>146.89</ele>
<time>2025-09-25T21:41:29.000Z</time>
</trkpt>
<extensions>
<om:oruxmapsextensions>
<om:ext type="NAME" subtype="0"><![CDATA[Segment: 6]]></om:ext>
</om:oruxmapsextensions>
</extensions>
</trkseg>
<trkseg>
<trkpt lat="41.4152383" lon="2.1652517">
<ele>105.71</ele>
<time>2025-09-28T14:32:28.579Z</time>
</trkpt>
<trkpt lat="41.4150850" lon="2.1654100">
<ele>115.33</ele>
<time>2025-09-28T14:32:41.000Z</time>
</trkpt>
<trkpt lat="41.4150150" lon="2.1656400">
<ele>118.98</ele>
<time>2025-09-28T14:32:54.000Z</time>
</trkpt>
<trkpt lat="41.4148667" lon="2.1657933">
<ele>120.20</ele>
<time>2025-09-28T14:33:03.000Z</time>
</trkpt>
<trkpt lat="41.4146983" lon="2.1656967">
<ele>121.24</ele>
<time>2025-09-28T14:33:09.000Z</time>
</trkpt>
<trkpt lat="41.4145567" lon="2.1654250">
<ele>119.47</ele>
<time>2025-09-28T14:33:13.000Z</time>
</trkpt>
<trkpt lat="41.4144300" lon="2.1651650">
<ele>117.62</ele>
<time>2025-09-28T14:33:16.000Z</time>
</trkpt>
<trkpt lat="41.4143000" lon="2.1648967">
<ele>115.68</ele>
<time>2025-09-28T14:33:19.000Z</time>
</trkpt>
<trkpt lat="41.4141833" lon="2.1646667">
<ele>113.77</ele>
<time>2025-09-28T14:33:22.000Z</time>
</trkpt>
<trkpt lat="41.4140683" lon="2.1644583">
<ele>112.81</ele>
<time>2025-09-28T14:33:25.000Z</time>
</trkpt>
<trkpt lat="41.4139550" lon="2.1642267">
<ele>111.84</ele>
<time>2025-09-28T14:33:28.000Z</time>
</trkpt>
<trkpt lat="41.4138217" lon="2.1639767">
<ele>110.96</ele>
<time>2025-09-28T14:33:31.000Z</time>
</trkpt>
<trkpt lat="41.4136883" lon="2.1637367">
<ele>109.83</ele>
<time>2025-09-28T14:33:34.000Z</time>
</trkpt>
<trkpt lat="41.4135650" lon="2.1634883">
<ele>108.91</ele>
<time>2025-09-28T14:33:38.000Z</time>
</trkpt>
<trkpt lat="41.4134367" lon="2.1632533">
<ele>107.79</ele>
<time>2025-09-28T14:33:42.000Z</time>
</trkpt>
<trkpt lat="41.4133100" lon="2.1630267">
<ele>107.45</ele>
<time>2025-09-28T14:33:46.000Z</time>
</trkpt>
<trkpt lat="41.4131883" lon="2.1628100">
<ele>106.96</ele>
<time>2025-09-28T14:33:50.000Z</time>
</trkpt>
<trkpt lat="41.4130717" lon="2.1626233">
<ele>106.33</ele>
<time>2025-09-28T14:33:53.000Z</time>
</trkpt>
<trkpt lat="41.4129417" lon="2.1624250">
<ele>106.05</ele>
<time>2025-09-28T14:33:56.000Z</time>
</trkpt>
<trkpt lat="41.4128000" lon="2.1622150">
<ele>105.74</ele>
<time>2025-09-28T14:34:00.000Z</time>
</trkpt>
<trkpt lat="41.4126750" lon="2.1619700">
<ele>105.14</ele>
<time>2025-09-28T14:34:04.000Z</time>
</trkpt>
<trkpt lat="41.4125550" lon="2.1617583">
<ele>104.63</ele>
<time>2025-09-28T14:34:07.000Z</time>
</trkpt>
<trkpt lat="41.4124533" lon="2.1615283">
<ele>104.16</ele>
<time>2025-09-28T14:34:10.000Z</time>
</trkpt>
<trkpt lat="41.4123283" lon="2.1612983">
<ele>103.29</ele>
<time>2025-09-28T14:34:13.000Z</time>
</trkpt>
<trkpt lat="41.4122033" lon="2.1610617">
<ele>102.74</ele>
<time>2025-09-28T14:34:16.000Z</time>
</trkpt>
<trkpt lat="41.4120667" lon="2.1608400">
<ele>100.92</ele>
<time>2025-09-28T14:34:19.000Z</time>
</trkpt>
<trkpt lat="41.4119233" lon="2.1605933">
<ele>98.38</ele>
<time>2025-09-28T14:34:23.000Z</time>
</trkpt>
<trkpt lat="41.4118250" lon="2.1603767">
<ele>96.98</ele>
<time>2025-09-28T14:34:26.000Z</time>
</trkpt>
<trkpt lat="41.4117100" lon="2.1601467">
<ele>96.48</ele>
<time>2025-09-28T14:34:29.000Z</time>
</trkpt>
<trkpt lat="41.4115950" lon="2.1599233">
<ele>96.22</ele>
<time>2025-09-28T14:34:32.000Z</time>
</trkpt>
<trkpt lat="41.4114833" lon="2.1596767">
<ele>95.10</ele>
<time>2025-09-28T14:34:35.000Z</time>
</trkpt>
<trkpt lat="41.4113667" lon="2.1594433">
<ele>94.32</ele>
<time>2025-09-28T14:34:38.000Z</time>
</trkpt>
<trkpt lat="41.4112533" lon="2.1592433">
<ele>92.95</ele>
<time>2025-09-28T14:34:41.000Z</time>
</trkpt>
<trkpt lat="41.4111200" lon="2.1590300">
<ele>92.42</ele>
<time>2025-09-28T14:34:44.000Z</time>
</trkpt>
<trkpt lat="41.4109700" lon="2.1587833">
<ele>91.44</ele>
<time>2025-09-28T14:34:47.000Z</time>
</trkpt>
<trkpt lat="41.4108000" lon="2.1585767">
<ele>90.91</ele>
<time>2025-09-28T14:34:50.000Z</time>
</trkpt>
<trkpt lat="41.4107000" lon="2.1583117">
<ele>89.85</ele>
<time>2025-09-28T14:34:54.000Z</time>
</trkpt>
<trkpt lat="41.4106150" lon="2.1581000">
<ele>90.78</ele>
<time>2025-09-28T14:35:09.000Z</time>
</trkpt>
<trkpt lat="41.4104533" lon="2.1578917">
<ele>91.34</ele>
<time>2025-09-28T14:35:13.000Z</time>
</trkpt>
<trkpt lat="41.4103317" lon="2.1576583">
<ele>91.53</ele>
<time>2025-09-28T14:35:17.000Z</time>
</trkpt>
<trkpt lat="41.4102250" lon="2.1574183">
<ele>93.06</ele>
<time>2025-09-28T14:35:24.000Z</time>
</trkpt>
<trkpt lat="41.4100883" lon="2.1572167">
<ele>94.89</ele>
<time>2025-09-28T14:35:28.000Z</time>
</trkpt>
<trkpt lat="41.4099533" lon="2.1569900">
<ele>95.64</ele>
<time>2025-09-28T14:35:32.000Z</time>
</trkpt>
<trkpt lat="41.4098267" lon="2.1567983">
<ele>94.41</ele>
<time>2025-09-28T14:35:36.000Z</time>
</trkpt>
<trkpt lat="41.4096250" lon="2.1568633">
<ele>95.52</ele>
<time>2025-09-28T14:35:43.000Z</time>
</trkpt>
<trkpt lat="41.4094567" lon="2.1570233">
<ele>96.68</ele>
<time>2025-09-28T14:35:46.000Z</time>
</trkpt>
<trkpt lat="41.4092850" lon="2.1571533">
<ele>97.01</ele>
<time>2025-09-28T14:35:49.000Z</time>
</trkpt>
<trkpt lat="41.4090917" lon="2.1573000">
<ele>94.25</ele>
<time>2025-09-28T14:35:54.000Z</time>
</trkpt>
<trkpt lat="41.4088917" lon="2.1574317">
<ele>93.15</ele>
<time>2025-09-28T14:35:58.000Z</time>
</trkpt>
<trkpt lat="41.4087250" lon="2.1576100">
<ele>93.69</ele>
<time>2025-09-28T14:36:01.000Z</time>
</trkpt>
<trkpt lat="41.4085617" lon="2.1577450">
<ele>93.43</ele>
<time>2025-09-28T14:36:04.000Z</time>
</trkpt>
<trkpt lat="41.4083667" lon="2.1579050">
<ele>92.11</ele>
<time>2025-09-28T14:36:08.000Z</time>
</trkpt>
<trkpt lat="41.4082100" lon="2.1580600">
<ele>92.55</ele>
<time>2025-09-28T14:36:11.000Z</time>
</trkpt>
<trkpt lat="41.4080717" lon="2.1582583">
<ele>89.71</ele>
<time>2025-09-28T14:36:14.000Z</time>
</trkpt>
<trkpt lat="41.4079117" lon="2.1584333">
<ele>89.36</ele>
<time>2025-09-28T14:36:17.000Z</time>
</trkpt>
<trkpt lat="41.4077650" lon="2.1586033">
<ele>88.57</ele>
<time>2025-09-28T14:36:20.000Z</time>
</trkpt>
<trkpt lat="41.4075883" lon="2.1587417">
<ele>79.18</ele>
<time>2025-09-28T14:36:27.000Z</time>
</trkpt>
<trkpt lat="41.4074250" lon="2.1588783">
<ele>77.08</ele>
<time>2025-09-28T14:36:30.000Z</time>
</trkpt>
<trkpt lat="41.4072717" lon="2.1590450">
<ele>74.87</ele>
<time>2025-09-28T14:36:33.000Z</time>
</trkpt>
<trkpt lat="41.4070700" lon="2.1591817">
<ele>71.20</ele>
<time>2025-09-28T14:36:37.000Z</time>
</trkpt>
<trkpt lat="41.4069017" lon="2.1593283">
<ele>70.47</ele>
<time>2025-09-28T14:36:40.000Z</time>
</trkpt>
<trkpt lat="41.4067683" lon="2.1595350">
<ele>69.64</ele>
<time>2025-09-28T14:36:43.000Z</time>
</trkpt>
<trkpt lat="41.4066233" lon="2.1597367">
<ele>68.07</ele>
<time>2025-09-28T14:36:46.000Z</time>
</trkpt>
<trkpt lat="41.4064700" lon="2.1598850">
<ele>65.04</ele>
<time>2025-09-28T14:36:49.000Z</time>
</trkpt>
<trkpt lat="41.4063300" lon="2.1600783">
<ele>61.17</ele>
<time>2025-09-28T14:36:53.000Z</time>
</trkpt>
<trkpt lat="41.4061183" lon="2.1602283">
<ele>60.24</ele>
<time>2025-09-28T14:36:57.000Z</time>
</trkpt>
<trkpt lat="41.4059450" lon="2.1603733">
<ele>59.76</ele>
<time>2025-09-28T14:37:00.000Z</time>
</trkpt>
<trkpt lat="41.4057733" lon="2.1605017">
<ele>58.73</ele>
<time>2025-09-28T14:37:03.000Z</time>
</trkpt>
<trkpt lat="41.4056067" lon="2.1606733">
<ele>57.40</ele>
<time>2025-09-28T14:37:07.000Z</time>
</trkpt>
<trkpt lat="41.4054400" lon="2.1608683">
<ele>54.83</ele>
<time>2025-09-28T14:37:11.000Z</time>
</trkpt>
<trkpt lat="41.4052983" lon="2.1610250">
<ele>53.29</ele>
<time>2025-09-28T14:37:14.000Z</time>
</trkpt>
<trkpt lat="41.4051450" lon="2.1611600">
<ele>51.07</ele>
<time>2025-09-28T14:37:17.000Z</time>
</trkpt>
<trkpt lat="41.4050117" lon="2.1613650">
<ele>48.53</ele>
<time>2025-09-28T14:37:21.000Z</time>
</trkpt>
<trkpt lat="41.4048683" lon="2.1615267">
<ele>48.66</ele>
<time>2025-09-28T14:37:24.000Z</time>
</trkpt>
<trkpt lat="41.4047267" lon="2.1616750">
<ele>51.97</ele>
<time>2025-09-28T14:37:27.000Z</time>
</trkpt>
<trkpt lat="41.4045600" lon="2.1618533">
<ele>51.21</ele>
<time>2025-09-28T14:37:31.000Z</time>
</trkpt>
<trkpt lat="41.4044133" lon="2.1619967">
<ele>54.26</ele>
<time>2025-09-28T14:37:38.000Z</time>
</trkpt>
<trkpt lat="41.4042217" lon="2.1621183">
<ele>56.04</ele>
<time>2025-09-28T14:38:38.000Z</time>
</trkpt>
<trkpt lat="41.4040433" lon="2.1620800">
<ele>58.63</ele>
<time>2025-09-28T14:38:44.000Z</time>
</trkpt>
<trkpt lat="41.4039050" lon="2.1618817">
<ele>59.35</ele>
<time>2025-09-28T14:38:48.000Z</time>
</trkpt>
<trkpt lat="41.4037600" lon="2.1616533">
<ele>60.20</ele>
<time>2025-09-28T14:38:54.000Z</time>
</trkpt>
<trkpt lat="41.4036350" lon="2.1614133">
<ele>61.20</ele>
<time>2025-09-28T14:38:58.000Z</time>
</trkpt>
<trkpt lat="41.4035167" lon="2.1612083">
<ele>58.66</ele>
<time>2025-09-28T14:39:03.000Z</time>
</trkpt>
<trkpt lat="41.4033267" lon="2.1613067">
<ele>59.62</ele>
<time>2025-09-28T14:39:16.000Z</time>
</trkpt>
<trkpt lat="41.4031833" lon="2.1614517">
<ele>58.23</ele>
<time>2025-09-28T14:39:20.000Z</time>
</trkpt>
<trkpt lat="41.4030383" lon="2.1616083">
<ele>56.41</ele>
<time>2025-09-28T14:39:23.000Z</time>
</trkpt>
<trkpt lat="41.4028667" lon="2.1617683">
<ele>56.96</ele>
<time>2025-09-28T14:39:28.000Z</time>
</trkpt>
<trkpt lat="41.4027633" lon="2.1615417">
<ele>60.55</ele>
<time>2025-09-28T14:39:34.000Z</time>
</trkpt>
<trkpt lat="41.4026383" lon="2.1613100">
<ele>63.96</ele>
<time>2025-09-28T14:39:38.000Z</time>
</trkpt>
<trkpt lat="41.4024967" lon="2.1611517">
<ele>64.39</ele>
<time>2025-09-28T14:39:42.000Z</time>
</trkpt>
<trkpt lat="41.4022817" lon="2.1611800">
<ele>61.53</ele>
<time>2025-09-28T14:39:49.000Z</time>
</trkpt>
<trkpt lat="41.4021383" lon="2.1613533">
<ele>58.19</ele>
<time>2025-09-28T14:39:54.000Z</time>
</trkpt>
<trkpt lat="41.4019750" lon="2.1612100">
<ele>56.65</ele>
<time>2025-09-28T14:40:01.000Z</time>
</trkpt>
<trkpt lat="41.4018533" lon="2.1610167">
<ele>57.44</ele>
<time>2025-09-28T14:40:05.000Z</time>
</trkpt>
<trkpt lat="41.4017383" lon="2.1607867">
<ele>58.77</ele>
<time>2025-09-28T14:40:09.000Z</time>
</trkpt>
<trkpt lat="41.4016267" lon="2.1605933">
<ele>57.55</ele>
<time>2025-09-28T14:40:13.000Z</time>
</trkpt>
<trkpt lat="41.4014133" lon="2.1606800">
<ele>58.90</ele>
<time>2025-09-28T14:40:19.000Z</time>
</trkpt>
<trkpt lat="41.4012383" lon="2.1607717">
<ele>59.74</ele>
<time>2025-09-28T14:40:26.000Z</time>
</trkpt>
<trkpt lat="41.4010750" lon="2.1606350">
<ele>65.53</ele>
<time>2025-09-28T14:40:35.000Z</time>
</trkpt>
<trkpt lat="41.4008917" lon="2.1605283">
<ele>67.14</ele>
<time>2025-09-28T14:40:39.000Z</time>
</trkpt>
<trkpt lat="41.4007050" lon="2.1604800">
<ele>66.12</ele>
<time>2025-09-28T14:40:50.000Z</time>
</trkpt>
<trkpt lat="41.4008850" lon="2.1605033">
<ele>62.08</ele>
<time>2025-09-28T14:45:11.000Z</time>
</trkpt>
<trkpt lat="41.4006533" lon="2.1605833">
<ele>80.85</ele>
<time>2025-09-28T14:45:39.000Z</time>
</trkpt>
<trkpt lat="41.4006817" lon="2.1603050">
<ele>52.74</ele>
<time>2025-09-28T14:48:27.000Z</time>
</trkpt>
<trkpt lat="41.4004983" lon="2.1600350">
<ele>59.87</ele>
<time>2025-09-28T14:49:20.000Z</time>
</trkpt>
<trkpt lat="41.4003617" lon="2.1598717">
<ele>59.02</ele>
<time>2025-09-28T14:49:43.000Z</time>
</trkpt>
<trkpt lat="41.4002150" lon="2.1596583">
<ele>57.18</ele>
<time>2025-09-28T14:50:05.000Z</time>
</trkpt>
<trkpt lat="41.4000317" lon="2.1597017">
<ele>56.70</ele>
<time>2025-09-28T14:50:36.000Z</time>
</trkpt>
<trkpt lat="41.3999367" lon="2.1599067">
<ele>60.23</ele>
<time>2025-09-28T14:50:55.000Z</time>
</trkpt>
<trkpt lat="41.3997433" lon="2.1600767">
<ele>59.21</ele>
<time>2025-09-28T14:51:39.000Z</time>
</trkpt>
<trkpt lat="41.3995717" lon="2.1602800">
<ele>61.63</ele>
<time>2025-09-28T14:52:11.000Z</time>
</trkpt>
<trkpt lat="41.3994033" lon="2.1603817">
<ele>61.83</ele>
<time>2025-09-28T14:52:31.000Z</time>
</trkpt>
<trkpt lat="41.3992567" lon="2.1605467">
<ele>58.72</ele>
<time>2025-09-28T14:52:52.000Z</time>
</trkpt>
<trkpt lat="41.3990750" lon="2.1606767">
<ele>51.78</ele>
<time>2025-09-28T14:53:08.000Z</time>
</trkpt>
<trkpt lat="41.3989100" lon="2.1608683">
<ele>51.22</ele>
<time>2025-09-28T14:53:44.000Z</time>
</trkpt>
<trkpt lat="41.3987600" lon="2.1611433">
<ele>50.69</ele>
<time>2025-09-28T14:54:03.000Z</time>
</trkpt>
<trkpt lat="41.3985950" lon="2.1612867">
<ele>52.54</ele>
<time>2025-09-28T14:54:12.000Z</time>
</trkpt>
<trkpt lat="41.3984150" lon="2.1613850">
<ele>53.53</ele>
<time>2025-09-28T14:54:34.000Z</time>
</trkpt>
<trkpt lat="41.3982317" lon="2.1613683">
<ele>51.40</ele>
<time>2025-09-28T14:55:11.000Z</time>
</trkpt>
<trkpt lat="41.3980717" lon="2.1611767">
<ele>43.76</ele>
<time>2025-09-28T14:55:35.000Z</time>
</trkpt>
<trkpt lat="41.3978383" lon="2.1612117">
<ele>37.55</ele>
<time>2025-09-28T14:56:16.000Z</time>
</trkpt>
<trkpt lat="41.3976783" lon="2.1610133">
<ele>40.10</ele>
<time>2025-09-28T14:59:14.000Z</time>
</trkpt>
<trkpt lat="41.3976167" lon="2.1607300">
<ele>41.81</ele>
<time>2025-09-28T14:59:29.000Z</time>
</trkpt>
<trkpt lat="41.3975083" lon="2.1605183">
<ele>40.80</ele>
<time>2025-09-28T14:59:45.000Z</time>
</trkpt>
<trkpt lat="41.3973917" lon="2.1603300">
<ele>40.95</ele>
<time>2025-09-28T15:00:03.000Z</time>
</trkpt>
<trkpt lat="41.3972333" lon="2.1602067">
<ele>39.18</ele>
<time>2025-09-28T15:00:21.000Z</time>
</trkpt>
<trkpt lat="41.3970783" lon="2.1600183">
<ele>36.78</ele>
<time>2025-09-28T15:00:47.000Z</time>
</trkpt>
<trkpt lat="41.3969750" lon="2.1598167">
<ele>37.09</ele>
<time>2025-09-28T15:01:01.000Z</time>
</trkpt>
<trkpt lat="41.3970117" lon="2.1595783">
<ele>37.78</ele>
<time>2025-09-28T15:01:21.000Z</time>
</trkpt>
<trkpt lat="41.3969217" lon="2.1593217">
<ele>38.59</ele>
<time>2025-09-28T15:01:53.000Z</time>
</trkpt>
<trkpt lat="41.3970333" lon="2.1590717">
<ele>45.19</ele>
<time>2025-09-28T15:02:16.000Z</time>
</trkpt>
<trkpt lat="41.3969333" lon="2.1587967">
<ele>48.85</ele>
<time>2025-09-28T15:04:12.000Z</time>
</trkpt>
<trkpt lat="41.3967483" lon="2.1588133">
<ele>54.43</ele>
<time>2025-09-28T15:21:24.000Z</time>
</trkpt>
<trkpt lat="41.3968700" lon="2.1586317">
<ele>51.79</ele>
<time>2025-09-28T15:26:44.000Z</time>
</trkpt>
<trkpt lat="41.3966833" lon="2.1583483">
<ele>12.20</ele>
<time>2025-09-28T15:40:00.000Z</time>
</trkpt>
<trkpt lat="41.3966750" lon="2.1586567">
<ele>23.52</ele>
<time>2025-09-28T15:40:04.000Z</time>
</trkpt>
<trkpt lat="41.3965317" lon="2.1584950">
<ele>45.74</ele>
<time>2025-09-28T15:41:06.000Z</time>
</trkpt>
<trkpt lat="41.3966867" lon="2.1582983">
<ele>48.78</ele>
<time>2025-09-28T15:42:15.000Z</time>
</trkpt>
<trkpt lat="41.3968867" lon="2.1582350">
<ele>47.72</ele>
<time>2025-09-28T15:43:02.000Z</time>
</trkpt>
<trkpt lat="41.3970133" lon="2.1580617">
<ele>48.79</ele>
<time>2025-09-28T15:43:32.000Z</time>
</trkpt>
<trkpt lat="41.3972100" lon="2.1579383">
<ele>48.10</ele>
<time>2025-09-28T15:44:03.000Z</time>
</trkpt>
<trkpt lat="41.3972800" lon="2.1577100">
<ele>50.40</ele>
<time>2025-09-28T15:44:29.000Z</time>
</trkpt>
<trkpt lat="41.3973667" lon="2.1574900">
<ele>51.83</ele>
<time>2025-09-28T15:45:19.000Z</time>
</trkpt>
<trkpt lat="41.3974550" lon="2.1572750">
<ele>53.61</ele>
<time>2025-09-28T15:45:38.000Z</time>
</trkpt>
<trkpt lat="41.3976333" lon="2.1571217">
<ele>58.50</ele>
<time>2025-09-28T15:46:13.000Z</time>
</trkpt>
<trkpt lat="41.3977883" lon="2.1569417">
<ele>58.31</ele>
<time>2025-09-28T15:46:28.000Z</time>
</trkpt>
<trkpt lat="41.3978150" lon="2.1567033">
<ele>61.40</ele>
<time>2025-09-28T15:46:43.000Z</time>
</trkpt>
<trkpt lat="41.3978450" lon="2.1564550">
<ele>58.18</ele>
<time>2025-09-28T15:47:20.000Z</time>
</trkpt>
<trkpt lat="41.3980333" lon="2.1563917">
<ele>58.99</ele>
<time>2025-09-28T15:47:33.000Z</time>
</trkpt>
<trkpt lat="41.3981867" lon="2.1561517">
<ele>58.54</ele>
<time>2025-09-28T15:47:57.000Z</time>
</trkpt>
<trkpt lat="41.3982800" lon="2.1558717">
<ele>57.47</ele>
<time>2025-09-28T15:48:20.000Z</time>
</trkpt>
<trkpt lat="41.3984533" lon="2.1556717">
<ele>57.77</ele>
<time>2025-09-28T15:48:48.000Z</time>
</trkpt>
<trkpt lat="41.3984933" lon="2.1553717">
<ele>61.78</ele>
<time>2025-09-28T15:49:27.000Z</time>
</trkpt>
<trkpt lat="41.3986500" lon="2.1552400">
<ele>55.53</ele>
<time>2025-09-28T15:49:50.000Z</time>
</trkpt>
<trkpt lat="41.3985300" lon="2.1550150">
<ele>53.07</ele>
<time>2025-09-28T15:50:00.000Z</time>
</trkpt>
<trkpt lat="41.3986133" lon="2.1547950">
<ele>50.10</ele>
<time>2025-09-28T15:50:26.000Z</time>
</trkpt>
<trkpt lat="41.3987183" lon="2.1545667">
<ele>50.36</ele>
<time>2025-09-28T15:50:56.000Z</time>
</trkpt>
<trkpt lat="41.3988383" lon="2.1543600">
<ele>54.64</ele>
<time>2025-09-28T15:51:25.000Z</time>
</trkpt>
<trkpt lat="41.3990033" lon="2.1541217">
<ele>65.12</ele>
<time>2025-09-28T15:52:32.000Z</time>
</trkpt>
<trkpt lat="41.3991900" lon="2.1539717">
<ele>62.66</ele>
<time>2025-09-28T15:53:10.000Z</time>
</trkpt>
<trkpt lat="41.3993783" lon="2.1537617">
<ele>60.39</ele>
<time>2025-09-28T15:53:45.000Z</time>
</trkpt>
<trkpt lat="41.3995650" lon="2.1535500">
<ele>60.97</ele>
<time>2025-09-28T15:54:35.000Z</time>
</trkpt>
<trkpt lat="41.3996700" lon="2.1533550">
<ele>59.80</ele>
<time>2025-09-28T15:54:58.000Z</time>
</trkpt>
<trkpt lat="41.3997867" lon="2.1531400">
<ele>58.77</ele>
<time>2025-09-28T15:55:23.000Z</time>
</trkpt>
<trkpt lat="41.3998933" lon="2.1529350">
<ele>64.64</ele>
<time>2025-09-28T15:56:10.000Z</time>
</trkpt>
<trkpt lat="41.3997267" lon="2.1527250">
<ele>60.38</ele>
<time>2025-09-28T15:56:38.000Z</time>
</trkpt>
<trkpt lat="41.3998283" lon="2.1529650">
<ele>61.99</ele>
<time>2025-09-28T16:16:49.000Z</time>
</trkpt>
<trkpt lat="41.4000083" lon="2.1530050">
<ele>59.87</ele>
<time>2025-09-28T16:17:05.000Z</time>
</trkpt>
<trkpt lat="41.4001350" lon="2.1527250">
<ele>60.33</ele>
<time>2025-09-28T16:17:29.000Z</time>
</trkpt>
<trkpt lat="41.4002800" lon="2.1525750">
<ele>59.12</ele>
<time>2025-09-28T16:17:51.000Z</time>
</trkpt>
<trkpt lat="41.4004133" lon="2.1523950">
<ele>63.46</ele>
<time>2025-09-28T16:18:10.000Z</time>
</trkpt>
<trkpt lat="41.4006183" lon="2.1525683">
<ele>61.89</ele>
<time>2025-09-28T16:18:46.000Z</time>
</trkpt>
<trkpt lat="41.4007733" lon="2.1527450">
<ele>55.10</ele>
<time>2025-09-28T16:19:10.000Z</time>
</trkpt>
<trkpt lat="41.4009633" lon="2.1529250">
<ele>57.71</ele>
<time>2025-09-28T16:19:36.000Z</time>
</trkpt>
<trkpt lat="41.4011050" lon="2.1531633">
<ele>59.10</ele>
<time>2025-09-28T16:20:04.000Z</time>
</trkpt>
<trkpt lat="41.4012000" lon="2.1533717">
<ele>60.29</ele>
<time>2025-09-28T16:20:24.000Z</time>
</trkpt>
<trkpt lat="41.4013367" lon="2.1536117">
<ele>64.18</ele>
<time>2025-09-28T16:20:57.000Z</time>
</trkpt>
<trkpt lat="41.4015183" lon="2.1536200">
<ele>67.01</ele>
<time>2025-09-28T16:21:26.000Z</time>
</trkpt>
<trkpt lat="41.4016567" lon="2.1534250">
<ele>75.13</ele>
<time>2025-09-28T16:22:03.000Z</time>
</trkpt>
<trkpt lat="41.4018467" lon="2.1534417">
<ele>74.94</ele>
<time>2025-09-28T16:22:17.000Z</time>
</trkpt>
<trkpt lat="41.4018883" lon="2.1531917">
<ele>75.29</ele>
<time>2025-09-28T16:22:30.000Z</time>
</trkpt>
<trkpt lat="41.4020367" lon="2.1529967">
<ele>71.78</ele>
<time>2025-09-28T16:22:51.000Z</time>
</trkpt>
<trkpt lat="41.4022067" lon="2.1528217">
<ele>73.28</ele>
<time>2025-09-28T16:23:13.000Z</time>
</trkpt>
<trkpt lat="41.4024583" lon="2.1527767">
<ele>79.36</ele>
<time>2025-09-28T16:23:42.000Z</time>
</trkpt>
<trkpt lat="41.4025767" lon="2.1529633">
<ele>78.77</ele>
<time>2025-09-28T16:24:03.000Z</time>
</trkpt>
<trkpt lat="41.4027000" lon="2.1531967">
<ele>75.77</ele>
<time>2025-09-28T16:24:46.000Z</time>
</trkpt>
<trkpt lat="41.4028550" lon="2.1533733">
<ele>72.52</ele>
<time>2025-09-28T16:25:27.000Z</time>
</trkpt>
<trkpt lat="41.4030233" lon="2.1534733">
<ele>68.74</ele>
<time>2025-09-28T16:26:05.000Z</time>
</trkpt>
<trkpt lat="41.4028917" lon="2.1537717">
<ele>66.77</ele>
<time>2025-09-28T16:26:23.000Z</time>
</trkpt>
<trkpt lat="41.4031050" lon="2.1537950">
<ele>60.70</ele>
<time>2025-09-28T16:26:42.000Z</time>
</trkpt>
<trkpt lat="41.4032550" lon="2.1540550">
<ele>66.39</ele>
<time>2025-09-28T16:27:17.000Z</time>
</trkpt>
<trkpt lat="41.4032800" lon="2.1542950">
<ele>64.07</ele>
<time>2025-09-28T16:27:53.000Z</time>
</trkpt>
<trkpt lat="41.4033400" lon="2.1545217">
<ele>70.06</ele>
<time>2025-09-28T16:28:16.000Z</time>
</trkpt>
<trkpt lat="41.4035150" lon="2.1546333">
<ele>72.82</ele>
<time>2025-09-28T16:28:39.000Z</time>
</trkpt>
<trkpt lat="41.4036933" lon="2.1545433">
<ele>74.20</ele>
<time>2025-09-28T16:28:53.000Z</time>
</trkpt>
<trkpt lat="41.4037300" lon="2.1548000">
<ele>72.20</ele>
<time>2025-09-28T16:29:12.000Z</time>
</trkpt>
<trkpt lat="41.4038983" lon="2.1550500">
<ele>69.11</ele>
<time>2025-09-28T16:29:52.000Z</time>
</trkpt>
<trkpt lat="41.4038000" lon="2.1552617">
<ele>71.11</ele>
<time>2025-09-28T16:30:18.000Z</time>
</trkpt>
<trkpt lat="41.4037967" lon="2.1555117">
<ele>69.28</ele>
<time>2025-09-28T16:31:18.000Z</time>
</trkpt>
<trkpt lat="41.4036167" lon="2.1554650">
<ele>69.52</ele>
<time>2025-09-28T16:31:39.000Z</time>
</trkpt>
<trkpt lat="41.4036350" lon="2.1557050">
<ele>70.00</ele>
<time>2025-09-28T16:32:36.000Z</time>
</trkpt>
<trkpt lat="41.4038467" lon="2.1556200">
<ele>67.39</ele>
<time>2025-09-28T16:32:52.000Z</time>
</trkpt>
<trkpt lat="41.4037617" lon="2.1558550">
<ele>64.89</ele>
<time>2025-09-28T16:33:06.000Z</time>
</trkpt>
<trkpt lat="41.4036183" lon="2.1560250">
<ele>62.13</ele>
<time>2025-09-28T16:33:14.000Z</time>
</trkpt>
<trkpt lat="41.4038783" lon="2.1560150">
<ele>65.60</ele>
<time>2025-09-28T16:33:38.000Z</time>
</trkpt>
<trkpt lat="41.4037350" lon="2.1561833">
<ele>70.45</ele>
<time>2025-09-28T16:33:59.000Z</time>
</trkpt>
<trkpt lat="41.4035867" lon="2.1563500">
<ele>71.48</ele>
<time>2025-09-28T16:34:15.000Z</time>
</trkpt>
<trkpt lat="41.4034400" lon="2.1564933">
<ele>68.83</ele>
<time>2025-09-28T16:34:32.000Z</time>
</trkpt>
<trkpt lat="41.4033067" lon="2.1566567">
<ele>66.36</ele>
<time>2025-09-28T16:34:50.000Z</time>
</trkpt>
<trkpt lat="41.4032867" lon="2.1569033">
<ele>61.50</ele>
<time>2025-09-28T16:35:13.000Z</time>
</trkpt>
<trkpt lat="41.4033983" lon="2.1570917">
<ele>58.92</ele>
<time>2025-09-28T16:35:32.000Z</time>
</trkpt>
<trkpt lat="41.4033883" lon="2.1573333">
<ele>61.14</ele>
<time>2025-09-28T16:36:01.000Z</time>
</trkpt>
<trkpt lat="41.4032467" lon="2.1575383">
<ele>67.65</ele>
<time>2025-09-28T16:36:23.000Z</time>
</trkpt>
<trkpt lat="41.4033400" lon="2.1577833">
<ele>56.19</ele>
<time>2025-09-28T16:37:00.000Z</time>
</trkpt>
<trkpt lat="41.4034883" lon="2.1579333">
<ele>52.86</ele>
<time>2025-09-28T16:37:16.000Z</time>
</trkpt>
<trkpt lat="41.4034783" lon="2.1582017">
<ele>50.96</ele>
<time>2025-09-28T16:37:27.000Z</time>
</trkpt>
<trkpt lat="41.4036650" lon="2.1581550">
<ele>50.87</ele>
<time>2025-09-28T16:37:35.000Z</time>
</trkpt>
<trkpt lat="41.4037383" lon="2.1584183">
<ele>54.31</ele>
<time>2025-09-28T16:38:14.000Z</time>
</trkpt>
<trkpt lat="41.4035967" lon="2.1585817">
<ele>62.74</ele>
<time>2025-09-28T16:38:33.000Z</time>
</trkpt>
<trkpt lat="41.4034417" lon="2.1587833">
<ele>66.82</ele>
<time>2025-09-28T16:39:01.000Z</time>
</trkpt>
<trkpt lat="41.4032583" lon="2.1589200">
<ele>63.80</ele>
<time>2025-09-28T16:39:31.000Z</time>
</trkpt>
<trkpt lat="41.4031833" lon="2.1591383">
<ele>58.63</ele>
<time>2025-09-28T16:39:47.000Z</time>
</trkpt>
<trkpt lat="41.4029850" lon="2.1591733">
<ele>56.60</ele>
<time>2025-09-28T16:40:24.000Z</time>
</trkpt>
<trkpt lat="41.4027950" lon="2.1590183">
<ele>61.44</ele>
<time>2025-09-28T16:40:53.000Z</time>
</trkpt>
<trkpt lat="41.4026983" lon="2.1587867">
<ele>55.45</ele>
<time>2025-09-28T16:41:21.000Z</time>
</trkpt>
<trkpt lat="41.4025667" lon="2.1585983">
<ele>58.03</ele>
<time>2025-09-28T16:41:44.000Z</time>
</trkpt>
<trkpt lat="41.4024333" lon="2.1583517">
<ele>59.87</ele>
<time>2025-09-28T16:42:36.000Z</time>
</trkpt>
<trkpt lat="41.4022933" lon="2.1581900">
<ele>61.41</ele>
<time>2025-09-28T16:42:54.000Z</time>
</trkpt>
<trkpt lat="41.4021667" lon="2.1580133">
<ele>62.46</ele>
<time>2025-09-28T16:43:12.000Z</time>
</trkpt>
<trkpt lat="41.4020567" lon="2.1578183">
<ele>61.27</ele>
<time>2025-09-28T16:43:32.000Z</time>
</trkpt>
<trkpt lat="41.4019600" lon="2.1576067">
<ele>61.37</ele>
<time>2025-09-28T16:43:49.000Z</time>
</trkpt>
<trkpt lat="41.4018450" lon="2.1574150">
<ele>61.20</ele>
<time>2025-09-28T16:44:06.000Z</time>
</trkpt>
<trkpt lat="41.4017000" lon="2.1572417">
<ele>61.18</ele>
<time>2025-09-28T16:44:27.000Z</time>
</trkpt>
<trkpt lat="41.4015917" lon="2.1570317">
<ele>59.22</ele>
<time>2025-09-28T16:44:48.000Z</time>
</trkpt>
<trkpt lat="41.4014600" lon="2.1568517">
<ele>58.76</ele>
<time>2025-09-28T16:45:09.000Z</time>
</trkpt>
<trkpt lat="41.4013017" lon="2.1566733">
<ele>58.95</ele>
<time>2025-09-28T16:49:24.000Z</time>
</trkpt>
<trkpt lat="41.4014683" lon="2.1567700">
<ele>63.61</ele>
<time>2025-09-28T16:49:57.000Z</time>
</trkpt>
<trkpt lat="41.4017050" lon="2.1567700">
<ele>64.84</ele>
<time>2025-09-28T16:50:31.000Z</time>
</trkpt>
<trkpt lat="41.4019217" lon="2.1568633">
<ele>68.01</ele>
<time>2025-09-28T16:50:58.000Z</time>
</trkpt>
<trkpt lat="41.4020717" lon="2.1570250">
<ele>65.68</ele>
<time>2025-09-28T16:51:16.000Z</time>
</trkpt>
<trkpt lat="41.4022517" lon="2.1570817">
<ele>65.40</ele>
<time>2025-09-28T16:51:46.000Z</time>
</trkpt>
<trkpt lat="41.4024383" lon="2.1571150">
<ele>66.47</ele>
<time>2025-09-28T16:52:04.000Z</time>
</trkpt>
<trkpt lat="41.4025833" lon="2.1572700">
<ele>58.88</ele>
<time>2025-09-28T16:52:22.000Z</time>
</trkpt>
<trkpt lat="41.4026733" lon="2.1574800">
<ele>58.16</ele>
<time>2025-09-28T16:52:41.000Z</time>
</trkpt>
<trkpt lat="41.4028417" lon="2.1577250">
<ele>55.70</ele>
<time>2025-09-28T16:53:05.000Z</time>
</trkpt>
<trkpt lat="41.4027467" lon="2.1579800">
<ele>56.52</ele>
<time>2025-09-28T16:53:34.000Z</time>
</trkpt>
<trkpt lat="41.4025617" lon="2.1581550">
<ele>61.79</ele>
<time>2025-09-28T17:05:18.000Z</time>
</trkpt>
<trkpt lat="41.4023850" lon="2.1580917">
<ele>68.94</ele>
<time>2025-09-28T17:06:16.000Z</time>
</trkpt>
<trkpt lat="41.4022967" lon="2.1578767">
<ele>68.94</ele>
<time>2025-09-28T17:06:25.000Z</time>
</trkpt>
<trkpt lat="41.4023467" lon="2.1582233">
<ele>69.07</ele>
<time>2025-09-28T17:06:37.000Z</time>
</trkpt>
<trkpt lat="41.4025250" lon="2.1581817">
<ele>64.67</ele>
<time>2025-09-28T17:07:22.000Z</time>
</trkpt>
<trkpt lat="41.4025133" lon="2.1584267">
<ele>58.51</ele>
<time>2025-09-28T17:07:41.000Z</time>
</trkpt>
<trkpt lat="41.4023317" lon="2.1584467">
<ele>61.21</ele>
<time>2025-09-28T17:08:03.000Z</time>
</trkpt>
<trkpt lat="41.4022250" lon="2.1586417">
<ele>55.97</ele>
<time>2025-09-28T17:08:20.000Z</time>
</trkpt>
<trkpt lat="41.4020650" lon="2.1587633">
<ele>54.77</ele>
<time>2025-09-28T17:08:39.000Z</time>
</trkpt>
<trkpt lat="41.4019650" lon="2.1590333">
<ele>54.89</ele>
<time>2025-09-28T17:09:18.000Z</time>
</trkpt>
<trkpt lat="41.4018033" lon="2.1591583">
<ele>53.79</ele>
<time>2025-09-28T17:09:32.000Z</time>
</trkpt>
<trkpt lat="41.4015983" lon="2.1593033">
<ele>52.35</ele>
<time>2025-09-28T17:09:50.000Z</time>
</trkpt>
<trkpt lat="41.4014683" lon="2.1594700">
<ele>51.44</ele>
<time>2025-09-28T17:10:08.000Z</time>
</trkpt>
<trkpt lat="41.4013817" lon="2.1596933">
<ele>50.48</ele>
<time>2025-09-28T17:10:27.000Z</time>
</trkpt>
<trkpt lat="41.4011833" lon="2.1596417">
<ele>50.86</ele>
<time>2025-09-28T17:10:35.000Z</time>
</trkpt>
<trkpt lat="41.4010800" lon="2.1598417">
<ele>47.32</ele>
<time>2025-09-28T17:10:58.000Z</time>
</trkpt>
<trkpt lat="41.4009617" lon="2.1600467">
<ele>48.73</ele>
<time>2025-09-28T17:11:18.000Z</time>
</trkpt>
<trkpt lat="41.4008833" lon="2.1602683">
<ele>52.96</ele>
<time>2025-09-28T17:11:37.000Z</time>
</trkpt>
<trkpt lat="41.4006450" lon="2.1603650">
<ele>55.28</ele>
<time>2025-09-28T17:12:20.000Z</time>
</trkpt>
<trkpt lat="41.4005783" lon="2.1601383">
<ele>54.54</ele>
<time>2025-09-28T17:24:46.600Z</time>
</trkpt>
<trkpt lat="41.4005850" lon="2.1603817">
<ele>54.54</ele>
<time>2025-09-28T17:25:02.200Z</time>
</trkpt>
<trkpt lat="41.4004300" lon="2.1605167">
<ele>54.54</ele>
<time>2025-09-28T17:25:03.600Z</time>
</trkpt>
<trkpt lat="41.4006700" lon="2.1603500">
<ele>54.54</ele>
<time>2025-09-28T17:25:06.400Z</time>
</trkpt>
<trkpt lat="41.4008233" lon="2.1602167">
<ele>54.63</ele>
<time>2025-09-28T17:25:09.000Z</time>
</trkpt>
<trkpt lat="41.4009800" lon="2.1600217">
<ele>54.99</ele>
<time>2025-09-28T17:25:52.000Z</time>
</trkpt>
<trkpt lat="41.4011417" lon="2.1598533">
<ele>52.98</ele>
<time>2025-09-28T17:25:58.000Z</time>
</trkpt>
<trkpt lat="41.4012967" lon="2.1596900">
<ele>50.81</ele>
<time>2025-09-28T17:26:06.000Z</time>
</trkpt>
<trkpt lat="41.4014583" lon="2.1595300">
<ele>52.04</ele>
<time>2025-09-28T17:26:11.000Z</time>
</trkpt>
<trkpt lat="41.4016417" lon="2.1594617">
<ele>55.17</ele>
<time>2025-09-28T17:26:19.000Z</time>
</trkpt>
<trkpt lat="41.4017750" lon="2.1596450">
<ele>55.07</ele>
<time>2025-09-28T17:26:25.000Z</time>
</trkpt>
<trkpt lat="41.4019083" lon="2.1598733">
<ele>54.87</ele>
<time>2025-09-28T17:26:30.000Z</time>
</trkpt>
<trkpt lat="41.4020233" lon="2.1601050">
<ele>53.99</ele>
<time>2025-09-28T17:26:35.000Z</time>
</trkpt>
<trkpt lat="41.4021700" lon="2.1602917">
<ele>53.29</ele>
<time>2025-09-28T17:26:40.000Z</time>
</trkpt>
<trkpt lat="41.4023550" lon="2.1604400">
<ele>51.02</ele>
<time>2025-09-28T17:26:44.000Z</time>
</trkpt>
<trkpt lat="41.4025000" lon="2.1605983">
<ele>49.16</ele>
<time>2025-09-28T17:26:48.000Z</time>
</trkpt>
<trkpt lat="41.4026583" lon="2.1607133">
<ele>45.76</ele>
<time>2025-09-28T17:26:56.000Z</time>
</trkpt>
<trkpt lat="41.4028117" lon="2.1605200">
<ele>43.39</ele>
<time>2025-09-28T17:27:04.000Z</time>
</trkpt>
<trkpt lat="41.4028233" lon="2.1602533">
<ele>41.45</ele>
<time>2025-09-28T17:27:08.000Z</time>
</trkpt>
<trkpt lat="41.4029400" lon="2.1600000">
<ele>39.07</ele>
<time>2025-09-28T17:27:14.000Z</time>
</trkpt>
<trkpt lat="41.4031000" lon="2.1598800">
<ele>38.18</ele>
<time>2025-09-28T17:27:27.000Z</time>
</trkpt>
<trkpt lat="41.4032233" lon="2.1596883">
<ele>41.38</ele>
<time>2025-09-28T17:27:35.000Z</time>
</trkpt>
<trkpt lat="41.4033883" lon="2.1595067">
<ele>40.31</ele>
<time>2025-09-28T17:27:45.000Z</time>
</trkpt>
<trkpt lat="41.4035500" lon="2.1593400">
<ele>41.92</ele>
<time>2025-09-28T17:27:51.000Z</time>
</trkpt>
<trkpt lat="41.4037217" lon="2.1592533">
<ele>49.79</ele>
<time>2025-09-28T17:27:58.000Z</time>
</trkpt>
<trkpt lat="41.4038517" lon="2.1594200">
<ele>52.90</ele>
<time>2025-09-28T17:28:03.000Z</time>
</trkpt>
<trkpt lat="41.4040483" lon="2.1593767">
<ele>50.51</ele>
<time>2025-09-28T17:28:13.000Z</time>
</trkpt>
<trkpt lat="41.4042083" lon="2.1592333">
<ele>50.55</ele>
<time>2025-09-28T17:28:17.000Z</time>
</trkpt>
<trkpt lat="41.4043917" lon="2.1590900">
<ele>50.64</ele>
<time>2025-09-28T17:28:22.000Z</time>
</trkpt>
<trkpt lat="41.4045217" lon="2.1588783">
<ele>49.25</ele>
<time>2025-09-28T17:28:27.000Z</time>
</trkpt>
<trkpt lat="41.4046633" lon="2.1587233">
<ele>45.57</ele>
<time>2025-09-28T17:28:32.000Z</time>
</trkpt>
<trkpt lat="41.4048000" lon="2.1585183">
<ele>38.35</ele>
<time>2025-09-28T17:28:39.000Z</time>
</trkpt>
<trkpt lat="41.4049033" lon="2.1582717">
<ele>36.62</ele>
<time>2025-09-28T17:28:44.000Z</time>
</trkpt>
<trkpt lat="41.4050517" lon="2.1581100">
<ele>33.45</ele>
<time>2025-09-28T17:28:52.000Z</time>
</trkpt>
<trkpt lat="41.4052117" lon="2.1579983">
<ele>35.06</ele>
<time>2025-09-28T17:28:57.000Z</time>
</trkpt>
<trkpt lat="41.4053700" lon="2.1578217">
<ele>41.72</ele>
<time>2025-09-28T17:29:02.000Z</time>
</trkpt>
<trkpt lat="41.4055567" lon="2.1577017">
<ele>45.81</ele>
<time>2025-09-28T17:29:07.000Z</time>
</trkpt>
<trkpt lat="41.4057383" lon="2.1577283">
<ele>47.00</ele>
<time>2025-09-28T17:29:16.000Z</time>
</trkpt>
<trkpt lat="41.4058667" lon="2.1579300">
<ele>45.46</ele>
<time>2025-09-28T17:29:22.000Z</time>
</trkpt>
<trkpt lat="41.4060467" lon="2.1581133">
<ele>46.05</ele>
<time>2025-09-28T17:29:27.000Z</time>
</trkpt>
<trkpt lat="41.4061633" lon="2.1583383">
<ele>48.07</ele>
<time>2025-09-28T17:29:32.000Z</time>
</trkpt>
<trkpt lat="41.4062683" lon="2.1585733">
<ele>48.26</ele>
<time>2025-09-28T17:29:37.000Z</time>
</trkpt>
<trkpt lat="41.4063683" lon="2.1587917">
<ele>49.16</ele>
<time>2025-09-28T17:29:42.000Z</time>
</trkpt>
<trkpt lat="41.4065100" lon="2.1590033">
<ele>49.61</ele>
<time>2025-09-28T17:29:48.000Z</time>
</trkpt>
<trkpt lat="41.4066867" lon="2.1590917">
<ele>51.02</ele>
<time>2025-09-28T17:29:57.000Z</time>
</trkpt>
<trkpt lat="41.4068250" lon="2.1588917">
<ele>52.48</ele>
<time>2025-09-28T17:30:03.000Z</time>
</trkpt>
<trkpt lat="41.4070067" lon="2.1587733">
<ele>56.99</ele>
<time>2025-09-28T17:30:10.000Z</time>
</trkpt>
<trkpt lat="41.4071600" lon="2.1586400">
<ele>58.95</ele>
<time>2025-09-28T17:30:15.000Z</time>
</trkpt>
<trkpt lat="41.4072850" lon="2.1584667">
<ele>61.18</ele>
<time>2025-09-28T17:30:21.000Z</time>
</trkpt>
<trkpt lat="41.4074217" lon="2.1583033">
<ele>63.52</ele>
<time>2025-09-28T17:30:30.000Z</time>
</trkpt>
<trkpt lat="41.4075700" lon="2.1581600">
<ele>66.60</ele>
<time>2025-09-28T17:30:35.000Z</time>
</trkpt>
<trkpt lat="41.4077150" lon="2.1580117">
<ele>70.03</ele>
<time>2025-09-28T17:30:39.000Z</time>
</trkpt>
<trkpt lat="41.4078733" lon="2.1578950">
<ele>74.37</ele>
<time>2025-09-28T17:30:43.000Z</time>
</trkpt>
<trkpt lat="41.4080450" lon="2.1577433">
<ele>80.08</ele>
<time>2025-09-28T17:30:49.000Z</time>
</trkpt>
<trkpt lat="41.4081850" lon="2.1575567">
<ele>85.15</ele>
<time>2025-09-28T17:30:56.000Z</time>
</trkpt>
<trkpt lat="41.4083133" lon="2.1573467">
<ele>90.64</ele>
<time>2025-09-28T17:31:03.000Z</time>
</trkpt>
<trkpt lat="41.4084600" lon="2.1571467">
<ele>93.50</ele>
<time>2025-09-28T17:31:09.000Z</time>
</trkpt>
<trkpt lat="41.4086333" lon="2.1570500">
<ele>95.98</ele>
<time>2025-09-28T17:31:15.000Z</time>
</trkpt>
<trkpt lat="41.4088183" lon="2.1568850">
<ele>95.35</ele>
<time>2025-09-28T17:31:20.000Z</time>
</trkpt>
<trkpt lat="41.4089850" lon="2.1567517">
<ele>98.00</ele>
<time>2025-09-28T17:31:26.000Z</time>
</trkpt>
<trkpt lat="41.4091383" lon="2.1566017">
<ele>100.34</ele>
<time>2025-09-28T17:31:32.000Z</time>
</trkpt>
<trkpt lat="41.4093067" lon="2.1564567">
<ele>102.99</ele>
<time>2025-09-28T17:31:37.000Z</time>
</trkpt>
<trkpt lat="41.4094717" lon="2.1563383">
<ele>107.23</ele>
<time>2025-09-28T17:31:43.000Z</time>
</trkpt>
<trkpt lat="41.4096517" lon="2.1564100">
<ele>106.19</ele>
<time>2025-09-28T17:31:51.000Z</time>
</trkpt>
<trkpt lat="41.4098017" lon="2.1565733">
<ele>100.33</ele>
<time>2025-09-28T17:31:57.000Z</time>
</trkpt>
<trkpt lat="41.4099433" lon="2.1567250">
<ele>93.23</ele>
<time>2025-09-28T17:32:04.000Z</time>
</trkpt>
<trkpt lat="41.4100350" lon="2.1569450">
<ele>89.74</ele>
<time>2025-09-28T17:32:09.000Z</time>
</trkpt>
<trkpt lat="41.4101617" lon="2.1571683">
<ele>88.91</ele>
<time>2025-09-28T17:32:14.000Z</time>
</trkpt>
<trkpt lat="41.4102733" lon="2.1573650">
<ele>87.97</ele>
<time>2025-09-28T17:32:18.000Z</time>
</trkpt>
<trkpt lat="41.4103833" lon="2.1576233">
<ele>85.64</ele>
<time>2025-09-28T17:32:23.000Z</time>
</trkpt>
<trkpt lat="41.4104967" lon="2.1578650">
<ele>84.66</ele>
<time>2025-09-28T17:32:28.000Z</time>
</trkpt>
<trkpt lat="41.4105767" lon="2.1580917">
<ele>85.74</ele>
<time>2025-09-28T17:32:36.000Z</time>
</trkpt>
<trkpt lat="41.4107233" lon="2.1582617">
<ele>86.08</ele>
<time>2025-09-28T17:32:53.000Z</time>
</trkpt>
<trkpt lat="41.4108367" lon="2.1585000">
<ele>83.30</ele>
<time>2025-09-28T17:32:58.000Z</time>
</trkpt>
<trkpt lat="41.4109467" lon="2.1587067">
<ele>81.51</ele>
<time>2025-09-28T17:33:02.000Z</time>
</trkpt>
<trkpt lat="41.4110650" lon="2.1589417">
<ele>79.50</ele>
<time>2025-09-28T17:33:07.000Z</time>
</trkpt>
<trkpt lat="41.4111883" lon="2.1591583">
<ele>78.39</ele>
<time>2025-09-28T17:33:12.000Z</time>
</trkpt>
<trkpt lat="41.4113000" lon="2.1593717">
<ele>79.56</ele>
<time>2025-09-28T17:33:17.000Z</time>
</trkpt>
<trkpt lat="41.4114033" lon="2.1596233">
<ele>79.40</ele>
<time>2025-09-28T17:33:23.000Z</time>
</trkpt>
<trkpt lat="41.4114883" lon="2.1598833">
<ele>80.06</ele>
<time>2025-09-28T17:33:28.000Z</time>
</trkpt>
<trkpt lat="41.4116383" lon="2.1600767">
<ele>79.94</ele>
<time>2025-09-28T17:33:33.000Z</time>
</trkpt>
<trkpt lat="41.4117783" lon="2.1602433">
<ele>81.28</ele>
<time>2025-09-28T17:33:40.000Z</time>
</trkpt>
<trkpt lat="41.4118850" lon="2.1604417">
<ele>84.72</ele>
<time>2025-09-28T17:34:01.000Z</time>
</trkpt>
<trkpt lat="41.4120150" lon="2.1606133">
<ele>85.96</ele>
<time>2025-09-28T17:34:06.000Z</time>
</trkpt>
<trkpt lat="41.4121600" lon="2.1608000">
<ele>86.89</ele>
<time>2025-09-28T17:34:11.000Z</time>
</trkpt>
<trkpt lat="41.4122783" lon="2.1610117">
<ele>86.90</ele>
<time>2025-09-28T17:34:16.000Z</time>
</trkpt>
<trkpt lat="41.4123833" lon="2.1612567">
<ele>86.95</ele>
<time>2025-09-28T17:34:22.000Z</time>
</trkpt>
<trkpt lat="41.4124983" lon="2.1614950">
<ele>86.46</ele>
<time>2025-09-28T17:34:27.000Z</time>
</trkpt>
<trkpt lat="41.4126133" lon="2.1617283">
<ele>87.79</ele>
<time>2025-09-28T17:34:32.000Z</time>
</trkpt>
<trkpt lat="41.4127350" lon="2.1619367">
<ele>89.45</ele>
<time>2025-09-28T17:34:37.000Z</time>
</trkpt>
<trkpt lat="41.4128450" lon="2.1621267">
<ele>90.91</ele>
<time>2025-09-28T17:34:41.000Z</time>
</trkpt>
<trkpt lat="41.4129517" lon="2.1623600">
<ele>93.71</ele>
<time>2025-09-28T17:34:46.000Z</time>
</trkpt>
<trkpt lat="41.4130300" lon="2.1626000">
<ele>95.70</ele>
<time>2025-09-28T17:34:51.000Z</time>
</trkpt>
<trkpt lat="41.4131417" lon="2.1628300">
<ele>95.93</ele>
<time>2025-09-28T17:34:56.000Z</time>
</trkpt>
<trkpt lat="41.4132417" lon="2.1630317">
<ele>96.18</ele>
<time>2025-09-28T17:35:00.000Z</time>
</trkpt>
<trkpt lat="41.4133400" lon="2.1632717">
<ele>96.54</ele>
<time>2025-09-28T17:35:05.000Z</time>
</trkpt>
<trkpt lat="41.4134833" lon="2.1634400">
<ele>96.09</ele>
<time>2025-09-28T17:35:09.000Z</time>
</trkpt>
<trkpt lat="41.4136167" lon="2.1636167">
<ele>95.33</ele>
<time>2025-09-28T17:35:13.000Z</time>
</trkpt>
<trkpt lat="41.4137117" lon="2.1638517">
<ele>95.01</ele>
<time>2025-09-28T17:35:17.000Z</time>
</trkpt>
<trkpt lat="41.4138567" lon="2.1640800">
<ele>96.16</ele>
<time>2025-09-28T17:35:21.000Z</time>
</trkpt>
<trkpt lat="41.4140050" lon="2.1642733">
<ele>96.44</ele>
<time>2025-09-28T17:35:25.000Z</time>
</trkpt>
<trkpt lat="41.4141300" lon="2.1644467">
<ele>96.61</ele>
<time>2025-09-28T17:35:29.000Z</time>
</trkpt>
<trkpt lat="41.4142700" lon="2.1646100">
<ele>98.21</ele>
<time>2025-09-28T17:35:34.000Z</time>
</trkpt>
<trkpt lat="41.4144583" lon="2.1644917">
<ele>101.30</ele>
<time>2025-09-28T17:35:41.000Z</time>
</trkpt>
<trkpt lat="41.4146200" lon="2.1643833">
<ele>106.16</ele>
<time>2025-09-28T17:35:53.000Z</time>
</trkpt>
<trkpt lat="41.4147100" lon="2.1646033">
<ele>109.31</ele>
<time>2025-09-28T17:36:05.000Z</time>
</trkpt>
<trkpt lat="41.4147167" lon="2.1648533">
<ele>111.99</ele>
<time>2025-09-28T17:36:19.000Z</time>
</trkpt>
<trkpt lat="41.4148050" lon="2.1650833">
<ele>113.76</ele>
<time>2025-09-28T17:36:30.000Z</time>
</trkpt>
<trkpt lat="41.4147333" lon="2.1653450">
<ele>113.19</ele>
<time>2025-09-28T17:36:38.000Z</time>
</trkpt>
<trkpt lat="41.4148133" lon="2.1656083">
<ele>115.62</ele>
<time>2025-09-28T17:36:44.000Z</time>
</trkpt>
<trkpt lat="41.4149517" lon="2.1657900">
<ele>118.39</ele>
<time>2025-09-28T17:36:48.000Z</time>
</trkpt>
<trkpt lat="41.4151283" lon="2.1657133">
<ele>121.04</ele>
<time>2025-09-28T17:37:01.000Z</time>
</trkpt>
<trkpt lat="41.4151850" lon="2.1654817">
<ele>121.33</ele>
<time>2025-09-28T17:37:12.000Z</time>
</trkpt>
<trkpt lat="41.4151250" lon="2.1652500">
<ele>117.18</ele>
<time>2025-09-28T17:37:58.000Z</time>
</trkpt>
<trkpt lat="41.4238517" lon="2.1856350">
<ele>55.56</ele>
<time>2025-09-30T18:11:01.573Z</time>
</trkpt>
<trkpt lat="41.4240017" lon="2.1858000">
<ele>50.91</ele>
<time>2025-09-30T18:11:02.587Z</time>
</trkpt>
<trkpt lat="41.4238783" lon="2.1856217">
<ele>59.48</ele>
<time>2025-09-30T18:11:24.000Z</time>
</trkpt>
<trkpt lat="41.4237133" lon="2.1857267">
<ele>50.96</ele>
<time>2025-09-30T18:11:45.000Z</time>
</trkpt>
<trkpt lat="41.4235267" lon="2.1857450">
<ele>50.35</ele>
<time>2025-09-30T18:12:00.000Z</time>
</trkpt>
<trkpt lat="41.4233533" lon="2.1856533">
<ele>46.95</ele>
<time>2025-09-30T18:12:14.000Z</time>
</trkpt>
<trkpt lat="41.4232083" lon="2.1854950">
<ele>39.61</ele>
<time>2025-09-30T18:12:31.000Z</time>
</trkpt>
<trkpt lat="41.4230667" lon="2.1853467">
<ele>38.56</ele>
<time>2025-09-30T18:12:47.000Z</time>
</trkpt>
<trkpt lat="41.4228917" lon="2.1852850">
<ele>36.37</ele>
<time>2025-09-30T18:13:00.000Z</time>
</trkpt>
<trkpt lat="41.4227483" lon="2.1851333">
<ele>33.50</ele>
<time>2025-09-30T18:13:11.000Z</time>
</trkpt>
<trkpt lat="41.4226233" lon="2.1849483">
<ele>36.87</ele>
<time>2025-09-30T18:13:25.000Z</time>
</trkpt>
<trkpt lat="41.4224900" lon="2.1847767">
<ele>35.92</ele>
<time>2025-09-30T18:13:40.000Z</time>
</trkpt>
<trkpt lat="41.4223800" lon="2.1845867">
<ele>31.94</ele>
<time>2025-09-30T18:13:52.000Z</time>
</trkpt>
<trkpt lat="41.4222350" lon="2.1844400">
<ele>30.75</ele>
<time>2025-09-30T18:14:06.000Z</time>
</trkpt>
<trkpt lat="41.4220517" lon="2.1844417">
<ele>31.01</ele>
<time>2025-09-30T18:14:25.000Z</time>
</trkpt>
<trkpt lat="41.4219217" lon="2.1842617">
<ele>30.45</ele>
<time>2025-09-30T18:14:37.000Z</time>
</trkpt>
<trkpt lat="41.4217933" lon="2.1840833">
<ele>28.39</ele>
<time>2025-09-30T18:14:49.000Z</time>
</trkpt>
<trkpt lat="41.4216483" lon="2.1839267">
<ele>30.86</ele>
<time>2025-09-30T18:15:15.000Z</time>
</trkpt>
<trkpt lat="41.4215417" lon="2.1837100">
<ele>30.42</ele>
<time>2025-09-30T18:15:27.000Z</time>
</trkpt>
<trkpt lat="41.4214017" lon="2.1835517">
<ele>25.79</ele>
<time>2025-09-30T18:15:44.000Z</time>
</trkpt>
<trkpt lat="41.4212667" lon="2.1833850">
<ele>25.26</ele>
<time>2025-09-30T18:15:56.000Z</time>
</trkpt>
<trkpt lat="41.4211283" lon="2.1831950">
<ele>25.86</ele>
<time>2025-09-30T18:16:08.000Z</time>
</trkpt>
<trkpt lat="41.4209983" lon="2.1830167">
<ele>26.50</ele>
<time>2025-09-30T18:16:23.000Z</time>
</trkpt>
<trkpt lat="41.4208583" lon="2.1828233">
<ele>30.06</ele>
<time>2025-09-30T18:16:37.000Z</time>
</trkpt>
<trkpt lat="41.4207283" lon="2.1826467">
<ele>32.17</ele>
<time>2025-09-30T18:16:49.000Z</time>
</trkpt>
<trkpt lat="41.4205967" lon="2.1824717">
<ele>29.02</ele>
<time>2025-09-30T18:17:03.000Z</time>
</trkpt>
<trkpt lat="41.4204633" lon="2.1822950">
<ele>27.78</ele>
<time>2025-09-30T18:17:17.000Z</time>
</trkpt>
<trkpt lat="41.4203333" lon="2.1821217">
<ele>27.65</ele>
<time>2025-09-30T18:17:29.000Z</time>
</trkpt>
<trkpt lat="41.4202033" lon="2.1819500">
<ele>28.34</ele>
<time>2025-09-30T18:17:39.000Z</time>
</trkpt>
<trkpt lat="41.4200717" lon="2.1817683">
<ele>32.44</ele>
<time>2025-09-30T18:17:52.000Z</time>
</trkpt>
<trkpt lat="41.4199383" lon="2.1815883">
<ele>34.29</ele>
<time>2025-09-30T18:18:07.000Z</time>
</trkpt>
<trkpt lat="41.4197983" lon="2.1814150">
<ele>26.34</ele>
<time>2025-09-30T18:18:22.000Z</time>
</trkpt>
<trkpt lat="41.4196583" lon="2.1812367">
<ele>27.31</ele>
<time>2025-09-30T18:18:33.000Z</time>
</trkpt>
<trkpt lat="41.4195267" lon="2.1810617">
<ele>28.80</ele>
<time>2025-09-30T18:18:45.000Z</time>
</trkpt>
<trkpt lat="41.4194050" lon="2.1808800">
<ele>27.94</ele>
<time>2025-09-30T18:19:00.000Z</time>
</trkpt>
<trkpt lat="41.4193117" lon="2.1806650">
<ele>35.97</ele>
<time>2025-09-30T18:19:12.000Z</time>
</trkpt>
<trkpt lat="41.4192567" lon="2.1804267">
<ele>42.46</ele>
<time>2025-09-30T18:19:24.000Z</time>
</trkpt>
<trkpt lat="41.4192050" lon="2.1801900">
<ele>44.51</ele>
<time>2025-09-30T18:19:36.000Z</time>
</trkpt>
<trkpt lat="41.4191483" lon="2.1799517">
<ele>46.94</ele>
<time>2025-09-30T18:19:48.000Z</time>
</trkpt>
<trkpt lat="41.4190983" lon="2.1797183">
<ele>45.44</ele>
<time>2025-09-30T18:20:02.000Z</time>
</trkpt>
<trkpt lat="41.4190500" lon="2.1794767">
<ele>43.33</ele>
<time>2025-09-30T18:20:16.000Z</time>
</trkpt>
<trkpt lat="41.4190033" lon="2.1792400">
<ele>42.44</ele>
<time>2025-09-30T18:20:30.000Z</time>
</trkpt>
<trkpt lat="41.4189517" lon="2.1789867">
<ele>42.39</ele>
<time>2025-09-30T18:20:43.000Z</time>
</trkpt>
<trkpt lat="41.4189050" lon="2.1787467">
<ele>50.68</ele>
<time>2025-09-30T18:20:56.000Z</time>
</trkpt>
<trkpt lat="41.4188583" lon="2.1785117">
<ele>54.14</ele>
<time>2025-09-30T18:21:10.000Z</time>
</trkpt>
<trkpt lat="41.4188467" lon="2.1782633">
<ele>55.33</ele>
<time>2025-09-30T18:21:23.000Z</time>
</trkpt>
<trkpt lat="41.4189350" lon="2.1780533">
<ele>55.43</ele>
<time>2025-09-30T18:21:37.000Z</time>
</trkpt>
<trkpt lat="41.4189217" lon="2.1778133">
<ele>55.46</ele>
<time>2025-09-30T18:21:50.000Z</time>
</trkpt>
<trkpt lat="41.4188800" lon="2.1775717">
<ele>56.73</ele>
<time>2025-09-30T18:22:04.000Z</time>
</trkpt>
<trkpt lat="41.4189133" lon="2.1773217">
<ele>58.40</ele>
<time>2025-09-30T18:22:16.000Z</time>
</trkpt>
<trkpt lat="41.4188417" lon="2.1770900">
<ele>66.07</ele>
<time>2025-09-30T18:22:31.000Z</time>
</trkpt>
<trkpt lat="41.4187150" lon="2.1769050">
<ele>66.69</ele>
<time>2025-09-30T18:22:41.000Z</time>
</trkpt>
<trkpt lat="41.4185867" lon="2.1767100">
<ele>66.34</ele>
<time>2025-09-30T18:22:53.000Z</time>
</trkpt>
<trkpt lat="41.4186350" lon="2.1764683">
<ele>68.21</ele>
<time>2025-09-30T18:23:10.000Z</time>
</trkpt>
<trkpt lat="41.4187650" lon="2.1762833">
<ele>74.78</ele>
<time>2025-09-30T18:23:24.000Z</time>
</trkpt>
<trkpt lat="41.4189483" lon="2.1762267">
<ele>76.41</ele>
<time>2025-09-30T18:23:39.000Z</time>
</trkpt>
<trkpt lat="41.4191000" lon="2.1760800">
<ele>76.78</ele>
<time>2025-09-30T18:23:54.000Z</time>
</trkpt>
<trkpt lat="41.4192583" lon="2.1759200">
<ele>79.50</ele>
<time>2025-09-30T18:24:07.000Z</time>
</trkpt>
<trkpt lat="41.4193783" lon="2.1757333">
<ele>83.96</ele>
<time>2025-09-30T18:24:20.000Z</time>
</trkpt>
<trkpt lat="41.4194600" lon="2.1755033">
<ele>87.69</ele>
<time>2025-09-30T18:24:40.000Z</time>
</trkpt>
<trkpt lat="41.4194300" lon="2.1752583">
<ele>90.91</ele>
<time>2025-09-30T18:24:53.000Z</time>
</trkpt>
<trkpt lat="41.4193283" lon="2.1750433">
<ele>88.09</ele>
<time>2025-09-30T18:25:06.000Z</time>
</trkpt>
<trkpt lat="41.4192167" lon="2.1748467">
<ele>86.09</ele>
<time>2025-09-30T18:25:16.000Z</time>
</trkpt>
<trkpt lat="41.4191000" lon="2.1746450">
<ele>89.78</ele>
<time>2025-09-30T18:25:32.000Z</time>
</trkpt>
<trkpt lat="41.4189833" lon="2.1744517">
<ele>90.07</ele>
<time>2025-09-30T18:25:44.000Z</time>
</trkpt>
<trkpt lat="41.4188600" lon="2.1742683">
<ele>97.50</ele>
<time>2025-09-30T18:26:03.000Z</time>
</trkpt>
<trkpt lat="41.4186650" lon="2.1742633">
<ele>100.19</ele>
<time>2025-09-30T18:26:14.000Z</time>
</trkpt>
<trkpt lat="41.4184750" lon="2.1742867">
<ele>101.46</ele>
<time>2025-09-30T18:26:27.000Z</time>
</trkpt>
<trkpt lat="41.4182883" lon="2.1742483">
<ele>100.60</ele>
<time>2025-09-30T18:26:44.000Z</time>
</trkpt>
<trkpt lat="41.4184683" lon="2.1742883">
<ele>101.00</ele>
<time>2025-09-30T18:27:28.000Z</time>
</trkpt>
<trkpt lat="41.4185383" lon="2.1740500">
<ele>104.24</ele>
<time>2025-09-30T18:27:41.000Z</time>
</trkpt>
<trkpt lat="41.4185667" lon="2.1738117">
<ele>103.17</ele>
<time>2025-09-30T18:27:49.000Z</time>
</trkpt>
<trkpt lat="41.4185950" lon="2.1735683">
<ele>96.76</ele>
<time>2025-09-30T18:28:01.000Z</time>
</trkpt>
<trkpt lat="41.4186267" lon="2.1733150">
<ele>91.02</ele>
<time>2025-09-30T18:28:15.000Z</time>
</trkpt>
<trkpt lat="41.4186550" lon="2.1730667">
<ele>90.02</ele>
<time>2025-09-30T18:28:30.000Z</time>
</trkpt>
<trkpt lat="41.4186767" lon="2.1728200">
<ele>93.18</ele>
<time>2025-09-30T18:28:43.000Z</time>
</trkpt>
<trkpt lat="41.4186883" lon="2.1725633">
<ele>93.57</ele>
<time>2025-09-30T18:28:53.000Z</time>
</trkpt>
<trkpt lat="41.4187483" lon="2.1723317">
<ele>93.60</ele>
<time>2025-09-30T18:29:11.000Z</time>
</trkpt>
<trkpt lat="41.4186000" lon="2.1721617">
<ele>94.26</ele>
<time>2025-09-30T18:29:23.000Z</time>
</trkpt>
<trkpt lat="41.4184317" lon="2.1720433">
<ele>96.34</ele>
<time>2025-09-30T18:29:36.000Z</time>
</trkpt>
<trkpt lat="41.4182667" lon="2.1719333">
<ele>95.79</ele>
<time>2025-09-30T18:29:49.000Z</time>
</trkpt>
<trkpt lat="41.4181017" lon="2.1718083">
<ele>97.72</ele>
<time>2025-09-30T18:29:59.000Z</time>
</trkpt>
<trkpt lat="41.4179333" lon="2.1717000">
<ele>102.29</ele>
<time>2025-09-30T18:30:09.000Z</time>
</trkpt>
<trkpt lat="41.4177667" lon="2.1715783">
<ele>104.60</ele>
<time>2025-09-30T18:30:26.000Z</time>
</trkpt>
<trkpt lat="41.4175950" lon="2.1714483">
<ele>108.51</ele>
<time>2025-09-30T18:30:37.000Z</time>
</trkpt>
<trkpt lat="41.4174267" lon="2.1713400">
<ele>106.37</ele>
<time>2025-09-30T18:30:51.000Z</time>
</trkpt>
<trkpt lat="41.4172517" lon="2.1712267">
<ele>108.38</ele>
<time>2025-09-30T18:31:04.000Z</time>
</trkpt>
<trkpt lat="41.4170850" lon="2.1711050">
<ele>116.22</ele>
<time>2025-09-30T18:31:17.000Z</time>
</trkpt>
<trkpt lat="41.4169367" lon="2.1709667">
<ele>114.89</ele>
<time>2025-09-30T18:31:31.000Z</time>
</trkpt>
<trkpt lat="41.4167967" lon="2.1707817">
<ele>106.26</ele>
<time>2025-09-30T18:31:46.000Z</time>
</trkpt>
<trkpt lat="41.4166600" lon="2.1706017">
<ele>105.55</ele>
<time>2025-09-30T18:32:00.000Z</time>
</trkpt>
<trkpt lat="41.4165367" lon="2.1704067">
<ele>99.57</ele>
<time>2025-09-30T18:32:15.000Z</time>
</trkpt>
<trkpt lat="41.4164067" lon="2.1702267">
<ele>96.73</ele>
<time>2025-09-30T18:32:30.000Z</time>
</trkpt>
<trkpt lat="41.4164150" lon="2.1699850">
<ele>101.33</ele>
<time>2025-09-30T18:32:43.000Z</time>
</trkpt>
<trkpt lat="41.4162767" lon="2.1698283">
<ele>106.46</ele>
<time>2025-09-30T18:32:54.000Z</time>
</trkpt>
<trkpt lat="41.4161283" lon="2.1696683">
<ele>104.38</ele>
<time>2025-09-30T18:33:09.000Z</time>
</trkpt>
<trkpt lat="41.4159883" lon="2.1695133">
<ele>101.58</ele>
<time>2025-09-30T18:33:22.000Z</time>
</trkpt>
<trkpt lat="41.4159033" lon="2.1692950">
<ele>100.61</ele>
<time>2025-09-30T18:33:39.000Z</time>
</trkpt>
<trkpt lat="41.4158983" lon="2.1690433">
<ele>101.98</ele>
<time>2025-09-30T18:33:52.000Z</time>
</trkpt>
<trkpt lat="41.4159233" lon="2.1687983">
<ele>103.81</ele>
<time>2025-09-30T18:34:08.000Z</time>
</trkpt>
<trkpt lat="41.4159633" lon="2.1685617">
<ele>103.19</ele>
<time>2025-09-30T18:34:23.000Z</time>
</trkpt>
<trkpt lat="41.4159933" lon="2.1683167">
<ele>106.22</ele>
<time>2025-09-30T18:34:35.000Z</time>
</trkpt>
<trkpt lat="41.4159067" lon="2.1680733">
<ele>107.83</ele>
<time>2025-09-30T18:34:48.000Z</time>
</trkpt>
<trkpt lat="41.4158283" lon="2.1678383">
<ele>111.23</ele>
<time>2025-09-30T18:34:58.000Z</time>
</trkpt>
<trkpt lat="41.4157300" lon="2.1676100">
<ele>114.96</ele>
<time>2025-09-30T18:35:10.000Z</time>
</trkpt>
<trkpt lat="41.4156317" lon="2.1674067">
<ele>119.46</ele>
<time>2025-09-30T18:35:23.000Z</time>
</trkpt>
<trkpt lat="41.4155350" lon="2.1672017">
<ele>119.45</ele>
<time>2025-09-30T18:35:34.000Z</time>
</trkpt>
<trkpt lat="41.4154250" lon="2.1669900">
<ele>117.22</ele>
<time>2025-09-30T18:35:49.000Z</time>
</trkpt>
<trkpt lat="41.4153217" lon="2.1667850">
<ele>114.18</ele>
<time>2025-09-30T18:36:00.000Z</time>
</trkpt>
<trkpt lat="41.4152450" lon="2.1665583">
<ele>109.50</ele>
<time>2025-09-30T18:36:13.000Z</time>
</trkpt>
<trkpt lat="41.4152600" lon="2.1663133">
<ele>107.20</ele>
<time>2025-09-30T18:36:26.000Z</time>
</trkpt>
<trkpt lat="41.4151850" lon="2.1660933">
<ele>109.29</ele>
<time>2025-09-30T18:36:40.000Z</time>
</trkpt>
<extensions>
<om:oruxmapsextensions>
<om:ext type="NAME" subtype="0"><![CDATA[Segment: 7]]></om:ext>
</om:oruxmapsextensions>
</extensions>
</trkseg>
<trkseg>
<trkpt lat="41.4236083" lon="2.1433017">
<ele>145.62</ele>
<time>2025-10-01T15:57:06.173Z</time>
</trkpt>
<trkpt lat="41.4236700" lon="2.1435333">
<ele>147.13</ele>
<time>2025-10-01T15:57:28.000Z</time>
</trkpt>
<trkpt lat="41.4236367" lon="2.1437783">
<ele>146.00</ele>
<time>2025-10-01T15:57:40.000Z</time>
</trkpt>
<trkpt lat="41.4236067" lon="2.1440200">
<ele>146.41</ele>
<time>2025-10-01T15:57:51.000Z</time>
</trkpt>
<trkpt lat="41.4235750" lon="2.1442633">
<ele>151.42</ele>
<time>2025-10-01T15:58:06.000Z</time>
</trkpt>
<trkpt lat="41.4235317" lon="2.1444983">
<ele>149.92</ele>
<time>2025-10-01T15:58:19.000Z</time>
</trkpt>
<trkpt lat="41.4235100" lon="2.1447433">
<ele>150.05</ele>
<time>2025-10-01T15:58:34.000Z</time>
</trkpt>
<trkpt lat="41.4235800" lon="2.1450133">
<ele>149.75</ele>
<time>2025-10-01T15:58:46.000Z</time>
</trkpt>
<trkpt lat="41.4236333" lon="2.1452550">
<ele>143.80</ele>
<time>2025-10-01T15:59:02.000Z</time>
</trkpt>
<trkpt lat="41.4236917" lon="2.1455050">
<ele>143.26</ele>
<time>2025-10-01T15:59:16.000Z</time>
</trkpt>
<trkpt lat="41.4236733" lon="2.1457517">
<ele>138.72</ele>
<time>2025-10-01T15:59:34.000Z</time>
</trkpt>
<trkpt lat="41.4236717" lon="2.1459967">
<ele>135.62</ele>
<time>2025-10-01T15:59:46.000Z</time>
</trkpt>
<trkpt lat="41.4237583" lon="2.1462150">
<ele>128.09</ele>
<time>2025-10-01T16:00:00.000Z</time>
</trkpt>
<trkpt lat="41.4238567" lon="2.1464417">
<ele>127.21</ele>
<time>2025-10-01T16:00:15.000Z</time>
</trkpt>
<trkpt lat="41.4239400" lon="2.1466633">
<ele>123.44</ele>
<time>2025-10-01T16:00:31.000Z</time>
</trkpt>
<trkpt lat="41.4240200" lon="2.1468833">
<ele>124.72</ele>
<time>2025-10-01T16:00:44.000Z</time>
</trkpt>
<trkpt lat="41.4241033" lon="2.1471050">
<ele>126.11</ele>
<time>2025-10-01T16:00:59.000Z</time>
</trkpt>
<trkpt lat="41.4241983" lon="2.1473233">
<ele>126.50</ele>
<time>2025-10-01T16:01:11.000Z</time>
</trkpt>
<trkpt lat="41.4242933" lon="2.1475517">
<ele>125.12</ele>
<time>2025-10-01T16:01:27.000Z</time>
</trkpt>
<trkpt lat="41.4243817" lon="2.1477633">
<ele>121.04</ele>
<time>2025-10-01T16:01:40.000Z</time>
</trkpt>
<trkpt lat="41.4244717" lon="2.1479800">
<ele>120.99</ele>
<time>2025-10-01T16:01:53.000Z</time>
</trkpt>
<trkpt lat="41.4245617" lon="2.1481933">
<ele>126.17</ele>
<time>2025-10-01T16:02:06.000Z</time>
</trkpt>
<trkpt lat="41.4246517" lon="2.1484117">
<ele>126.99</ele>
<time>2025-10-01T16:02:19.000Z</time>
</trkpt>
<trkpt lat="41.4247417" lon="2.1486267">
<ele>124.84</ele>
<time>2025-10-01T16:02:33.000Z</time>
</trkpt>
<trkpt lat="41.4248367" lon="2.1488550">
<ele>123.63</ele>
<time>2025-10-01T16:02:47.000Z</time>
</trkpt>
<trkpt lat="41.4249283" lon="2.1490717">
<ele>128.62</ele>
<time>2025-10-01T16:03:00.000Z</time>
</trkpt>
<trkpt lat="41.4250183" lon="2.1492867">
<ele>137.05</ele>
<time>2025-10-01T16:03:14.000Z</time>
</trkpt>
<trkpt lat="41.4248700" lon="2.1494417">
<ele>139.89</ele>
<time>2025-10-01T16:03:51.000Z</time>
</trkpt>
<trkpt lat="41.4249167" lon="2.1496767">
<ele>147.27</ele>
<time>2025-10-01T16:04:06.000Z</time>
</trkpt>
<trkpt lat="41.4250400" lon="2.1498800">
<ele>149.41</ele>
<time>2025-10-01T16:04:16.000Z</time>
</trkpt>
<trkpt lat="41.4251600" lon="2.1500667">
<ele>145.64</ele>
<time>2025-10-01T16:04:30.000Z</time>
</trkpt>
<trkpt lat="41.4252583" lon="2.1502700">
<ele>145.01</ele>
<time>2025-10-01T16:04:44.000Z</time>
</trkpt>
<trkpt lat="41.4253217" lon="2.1504983">
<ele>145.99</ele>
<time>2025-10-01T16:04:56.000Z</time>
</trkpt>
<trkpt lat="41.4253867" lon="2.1507450">
<ele>143.10</ele>
<time>2025-10-01T16:05:10.000Z</time>
</trkpt>
<trkpt lat="41.4254300" lon="2.1509900">
<ele>142.35</ele>
<time>2025-10-01T16:05:21.000Z</time>
</trkpt>
<trkpt lat="41.4254467" lon="2.1512567">
<ele>140.86</ele>
<time>2025-10-01T16:05:36.000Z</time>
</trkpt>
<trkpt lat="41.4254517" lon="2.1515100">
<ele>139.51</ele>
<time>2025-10-01T16:05:49.000Z</time>
</trkpt>
<trkpt lat="41.4253667" lon="2.1517367">
<ele>140.96</ele>
<time>2025-10-01T16:06:01.000Z</time>
</trkpt>
<trkpt lat="41.4253167" lon="2.1519817">
<ele>144.66</ele>
<time>2025-10-01T16:06:14.000Z</time>
</trkpt>
<trkpt lat="41.4252850" lon="2.1522217">
<ele>149.19</ele>
<time>2025-10-01T16:06:24.000Z</time>
</trkpt>
<trkpt lat="41.4250967" lon="2.1522367">
<ele>153.45</ele>
<time>2025-10-01T16:06:41.000Z</time>
</trkpt>
<trkpt lat="41.4249150" lon="2.1521650">
<ele>145.97</ele>
<time>2025-10-01T16:06:58.000Z</time>
</trkpt>
<trkpt lat="41.4247950" lon="2.1519767">
<ele>142.70</ele>
<time>2025-10-01T16:07:11.000Z</time>
</trkpt>
<trkpt lat="41.4246050" lon="2.1519933">
<ele>147.38</ele>
<time>2025-10-01T16:07:29.000Z</time>
</trkpt>
<trkpt lat="41.4244633" lon="2.1521433">
<ele>151.19</ele>
<time>2025-10-01T16:07:42.000Z</time>
</trkpt>
<trkpt lat="41.4243133" lon="2.1522817">
<ele>149.62</ele>
<time>2025-10-01T16:07:54.000Z</time>
</trkpt>
<trkpt lat="41.4241633" lon="2.1524500">
<ele>148.28</ele>
<time>2025-10-01T16:08:09.000Z</time>
</trkpt>
<trkpt lat="41.4240267" lon="2.1526167">
<ele>143.88</ele>
<time>2025-10-01T16:08:22.000Z</time>
</trkpt>
<trkpt lat="41.4238833" lon="2.1527783">
<ele>143.16</ele>
<time>2025-10-01T16:08:39.000Z</time>
</trkpt>
<trkpt lat="41.4237467" lon="2.1529367">
<ele>145.14</ele>
<time>2025-10-01T16:08:52.000Z</time>
</trkpt>
<trkpt lat="41.4236883" lon="2.1531700">
<ele>143.57</ele>
<time>2025-10-01T16:09:05.000Z</time>
</trkpt>
<trkpt lat="41.4237467" lon="2.1534017">
<ele>136.68</ele>
<time>2025-10-01T16:09:14.000Z</time>
</trkpt>
<trkpt lat="41.4238500" lon="2.1536017">
<ele>136.96</ele>
<time>2025-10-01T16:09:26.000Z</time>
</trkpt>
<trkpt lat="41.4239583" lon="2.1538017">
<ele>131.69</ele>
<time>2025-10-01T16:09:39.000Z</time>
</trkpt>
<trkpt lat="41.4240717" lon="2.1540100">
<ele>125.37</ele>
<time>2025-10-01T16:09:55.000Z</time>
</trkpt>
<trkpt lat="41.4241867" lon="2.1542183">
<ele>121.48</ele>
<time>2025-10-01T16:10:08.000Z</time>
</trkpt>
<trkpt lat="41.4243117" lon="2.1543933">
<ele>123.16</ele>
<time>2025-10-01T16:10:22.000Z</time>
</trkpt>
<trkpt lat="41.4244017" lon="2.1546033">
<ele>120.11</ele>
<time>2025-10-01T16:10:34.000Z</time>
</trkpt>
<trkpt lat="41.4242850" lon="2.1547883">
<ele>121.86</ele>
<time>2025-10-01T16:10:51.000Z</time>
</trkpt>
<trkpt lat="41.4241200" lon="2.1549233">
<ele>125.95</ele>
<time>2025-10-01T16:11:01.000Z</time>
</trkpt>
<trkpt lat="41.4239717" lon="2.1550750">
<ele>128.55</ele>
<time>2025-10-01T16:11:14.000Z</time>
</trkpt>
<trkpt lat="41.4238350" lon="2.1552417">
<ele>131.41</ele>
<time>2025-10-01T16:11:34.000Z</time>
</trkpt>
<trkpt lat="41.4236567" lon="2.1553333">
<ele>132.45</ele>
<time>2025-10-01T16:11:48.000Z</time>
</trkpt>
<trkpt lat="41.4235100" lon="2.1554783">
<ele>135.85</ele>
<time>2025-10-01T16:12:00.000Z</time>
</trkpt>
<trkpt lat="41.4233517" lon="2.1556133">
<ele>138.41</ele>
<time>2025-10-01T16:12:16.000Z</time>
</trkpt>
<trkpt lat="41.4231950" lon="2.1557483">
<ele>142.82</ele>
<time>2025-10-01T16:12:28.000Z</time>
</trkpt>
<trkpt lat="41.4230483" lon="2.1559150">
<ele>140.09</ele>
<time>2025-10-01T16:12:42.000Z</time>
</trkpt>
<trkpt lat="41.4229133" lon="2.1560767">
<ele>137.27</ele>
<time>2025-10-01T16:12:53.000Z</time>
</trkpt>
<trkpt lat="41.4227583" lon="2.1562500">
<ele>144.12</ele>
<time>2025-10-01T16:13:10.000Z</time>
</trkpt>
<trkpt lat="41.4225717" lon="2.1563167">
<ele>144.22</ele>
<time>2025-10-01T16:13:23.000Z</time>
</trkpt>
<trkpt lat="41.4224050" lon="2.1564450">
<ele>142.87</ele>
<time>2025-10-01T16:13:35.000Z</time>
</trkpt>
<trkpt lat="41.4222517" lon="2.1565883">
<ele>147.79</ele>
<time>2025-10-01T16:13:49.000Z</time>
</trkpt>
<trkpt lat="41.4220800" lon="2.1567000">
<ele>148.00</ele>
<time>2025-10-01T16:14:05.000Z</time>
</trkpt>
<trkpt lat="41.4218967" lon="2.1567567">
<ele>148.79</ele>
<time>2025-10-01T16:14:17.000Z</time>
</trkpt>
<trkpt lat="41.4217067" lon="2.1568150">
<ele>142.91</ele>
<time>2025-10-01T16:14:33.000Z</time>
</trkpt>
<trkpt lat="41.4215183" lon="2.1568717">
<ele>144.43</ele>
<time>2025-10-01T16:14:49.000Z</time>
</trkpt>
<trkpt lat="41.4213317" lon="2.1569300">
<ele>144.61</ele>
<time>2025-10-01T16:15:00.000Z</time>
</trkpt>
<trkpt lat="41.4212317" lon="2.1571450">
<ele>140.80</ele>
<time>2025-10-01T16:15:14.000Z</time>
</trkpt>
<trkpt lat="41.4211183" lon="2.1573533">
<ele>142.71</ele>
<time>2025-10-01T16:15:24.000Z</time>
</trkpt>
<trkpt lat="41.4209250" lon="2.1573850">
<ele>147.46</ele>
<time>2025-10-01T16:15:40.000Z</time>
</trkpt>
<trkpt lat="41.4207350" lon="2.1574150">
<ele>154.48</ele>
<time>2025-10-01T16:15:54.000Z</time>
</trkpt>
<trkpt lat="41.4205367" lon="2.1574483">
<ele>156.75</ele>
<time>2025-10-01T16:16:07.000Z</time>
</trkpt>
<trkpt lat="41.4203567" lon="2.1574767">
<ele>157.01</ele>
<time>2025-10-01T16:16:23.000Z</time>
</trkpt>
<trkpt lat="41.4201700" lon="2.1575083">
<ele>153.47</ele>
<time>2025-10-01T16:16:38.000Z</time>
</trkpt>
<trkpt lat="41.4199833" lon="2.1575383">
<ele>154.71</ele>
<time>2025-10-01T16:16:51.000Z</time>
</trkpt>
<trkpt lat="41.4198000" lon="2.1575367">
<ele>159.30</ele>
<time>2025-10-01T16:17:06.000Z</time>
</trkpt>
<trkpt lat="41.4196217" lon="2.1576367">
<ele>207.24</ele>
<time>2025-10-01T16:17:30.000Z</time>
</trkpt>
<trkpt lat="41.4194383" lon="2.1576300">
<ele>189.01</ele>
<time>2025-10-01T16:17:41.000Z</time>
</trkpt>
<trkpt lat="41.4192483" lon="2.1576400">
<ele>186.11</ele>
<time>2025-10-01T16:18:00.000Z</time>
</trkpt>
<trkpt lat="41.4190683" lon="2.1576650">
<ele>192.17</ele>
<time>2025-10-01T16:18:17.000Z</time>
</trkpt>
<trkpt lat="41.4188933" lon="2.1575683">
<ele>192.72</ele>
<time>2025-10-01T16:18:39.000Z</time>
</trkpt>
<trkpt lat="41.4187417" lon="2.1574067">
<ele>187.15</ele>
<time>2025-10-01T16:19:01.000Z</time>
</trkpt>
<trkpt lat="41.4185583" lon="2.1573900">
<ele>193.65</ele>
<time>2025-10-01T16:19:13.000Z</time>
</trkpt>
<trkpt lat="41.4183683" lon="2.1574417">
<ele>193.03</ele>
<time>2025-10-01T16:19:26.000Z</time>
</trkpt>
<trkpt lat="41.4181817" lon="2.1575050">
<ele>192.28</ele>
<time>2025-10-01T16:19:42.000Z</time>
</trkpt>
<trkpt lat="41.4180217" lon="2.1576317">
<ele>188.55</ele>
<time>2025-10-01T16:19:55.000Z</time>
</trkpt>
<trkpt lat="41.4178800" lon="2.1577800">
<ele>185.21</ele>
<time>2025-10-01T16:20:08.000Z</time>
</trkpt>
<trkpt lat="41.4177300" lon="2.1579383">
<ele>184.02</ele>
<time>2025-10-01T16:20:22.000Z</time>
</trkpt>
<trkpt lat="41.4175767" lon="2.1580983">
<ele>185.11</ele>
<time>2025-10-01T16:20:35.000Z</time>
</trkpt>
<trkpt lat="41.4174333" lon="2.1582550">
<ele>183.88</ele>
<time>2025-10-01T16:20:49.000Z</time>
</trkpt>
<trkpt lat="41.4172950" lon="2.1584100">
<ele>181.77</ele>
<time>2025-10-01T16:21:04.000Z</time>
</trkpt>
<trkpt lat="41.4171467" lon="2.1585717">
<ele>182.10</ele>
<time>2025-10-01T16:21:17.000Z</time>
</trkpt>
<trkpt lat="41.4170133" lon="2.1587333">
<ele>180.94</ele>
<time>2025-10-01T16:21:30.000Z</time>
</trkpt>
<trkpt lat="41.4169150" lon="2.1589483">
<ele>178.64</ele>
<time>2025-10-01T16:21:43.000Z</time>
</trkpt>
<trkpt lat="41.4168267" lon="2.1591583">
<ele>178.59</ele>
<time>2025-10-01T16:21:58.000Z</time>
</trkpt>
<trkpt lat="41.4166567" lon="2.1592567">
<ele>177.28</ele>
<time>2025-10-01T16:22:11.000Z</time>
</trkpt>
<trkpt lat="41.4165083" lon="2.1591017">
<ele>178.60</ele>
<time>2025-10-01T16:22:41.000Z</time>
</trkpt>
<trkpt lat="41.4165100" lon="2.1593500">
<ele>175.02</ele>
<time>2025-10-01T16:23:38.000Z</time>
</trkpt>
<trkpt lat="41.4163900" lon="2.1595450">
<ele>174.69</ele>
<time>2025-10-01T16:24:18.000Z</time>
</trkpt>
<trkpt lat="41.4162233" lon="2.1596400">
<ele>175.12</ele>
<time>2025-10-01T16:24:28.000Z</time>
</trkpt>
<trkpt lat="41.4160433" lon="2.1597100">
<ele>169.88</ele>
<time>2025-10-01T16:24:40.000Z</time>
</trkpt>
<trkpt lat="41.4158950" lon="2.1598617">
<ele>159.26</ele>
<time>2025-10-01T16:25:06.000Z</time>
</trkpt>
<trkpt lat="41.4157600" lon="2.1600283">
<ele>160.34</ele>
<time>2025-10-01T16:25:20.000Z</time>
</trkpt>
<trkpt lat="41.4156200" lon="2.1601850">
<ele>160.68</ele>
<time>2025-10-01T16:25:32.000Z</time>
</trkpt>
<trkpt lat="41.4155083" lon="2.1603800">
<ele>161.79</ele>
<time>2025-10-01T16:25:44.000Z</time>
</trkpt>
<trkpt lat="41.4153633" lon="2.1605483">
<ele>153.29</ele>
<time>2025-10-01T16:25:59.000Z</time>
</trkpt>
<trkpt lat="41.4152183" lon="2.1607267">
<ele>147.84</ele>
<time>2025-10-01T16:26:12.000Z</time>
</trkpt>
<trkpt lat="41.4151333" lon="2.1609550">
<ele>141.69</ele>
<time>2025-10-01T16:26:31.000Z</time>
</trkpt>
<trkpt lat="41.4151067" lon="2.1612000">
<ele>138.64</ele>
<time>2025-10-01T16:26:46.000Z</time>
</trkpt>
<trkpt lat="41.4151550" lon="2.1614383">
<ele>141.59</ele>
<time>2025-10-01T16:26:59.000Z</time>
</trkpt>
<trkpt lat="41.4152017" lon="2.1616750">
<ele>144.55</ele>
<time>2025-10-01T16:27:13.000Z</time>
</trkpt>
<trkpt lat="41.4152500" lon="2.1619133">
<ele>140.75</ele>
<time>2025-10-01T16:27:28.000Z</time>
</trkpt>
<trkpt lat="41.4153017" lon="2.1621683">
<ele>136.43</ele>
<time>2025-10-01T16:27:42.000Z</time>
</trkpt>
<trkpt lat="41.4153500" lon="2.1624100">
<ele>131.01</ele>
<time>2025-10-01T16:27:55.000Z</time>
</trkpt>
<trkpt lat="41.4154000" lon="2.1626550">
<ele>126.67</ele>
<time>2025-10-01T16:28:07.000Z</time>
</trkpt>
<trkpt lat="41.4154517" lon="2.1628933">
<ele>124.35</ele>
<time>2025-10-01T16:28:19.000Z</time>
</trkpt>
<trkpt lat="41.4155367" lon="2.1631100">
<ele>117.92</ele>
<time>2025-10-01T16:28:34.000Z</time>
</trkpt>
<trkpt lat="41.4155750" lon="2.1633517">
<ele>120.66</ele>
<time>2025-10-01T16:28:45.000Z</time>
</trkpt>
<trkpt lat="41.4154983" lon="2.1635700">
<ele>126.66</ele>
<time>2025-10-01T16:28:57.000Z</time>
</trkpt>
<trkpt lat="41.4154667" lon="2.1638100">
<ele>131.16</ele>
<time>2025-10-01T16:29:14.000Z</time>
</trkpt>
<trkpt lat="41.4154317" lon="2.1640667">
<ele>126.95</ele>
<time>2025-10-01T16:29:28.000Z</time>
</trkpt>
<trkpt lat="41.4154450" lon="2.1643067">
<ele>125.44</ele>
<time>2025-10-01T16:29:43.000Z</time>
</trkpt>
<trkpt lat="41.4153983" lon="2.1645467">
<ele>126.47</ele>
<time>2025-10-01T16:29:57.000Z</time>
</trkpt>
<trkpt lat="41.4153500" lon="2.1647883">
<ele>128.09</ele>
<time>2025-10-01T16:30:15.000Z</time>
</trkpt>
<trkpt lat="41.4153000" lon="2.1650367">
<ele>123.02</ele>
<time>2025-10-01T16:30:30.000Z</time>
</trkpt>
<extensions>
<om:oruxmapsextensions>
<om:ext type="NAME" subtype="0"><![CDATA[Segment: 8]]></om:ext>
</om:oruxmapsextensions>
</extensions>
</trkseg>
<trkseg>
<trkpt lat="41.4142950" lon="2.1651667">
<ele>117.48</ele>
<time>2025-10-01T18:01:44.500Z</time>
</trkpt>
<trkpt lat="41.4144033" lon="2.1654233">
<ele>117.48</ele>
<time>2025-10-01T18:01:45.500Z</time>
</trkpt>
<trkpt lat="41.4142833" lon="2.1651400">
<ele>117.48</ele>
<time>2025-10-01T18:01:47.000Z</time>
</trkpt>
<trkpt lat="41.4142333" lon="2.1648617">
<ele>117.09</ele>
<time>2025-10-01T18:02:00.000Z</time>
</trkpt>
<trkpt lat="41.4140250" lon="2.1646200">
<ele>117.43</ele>
<time>2025-10-01T18:02:03.000Z</time>
</trkpt>
<trkpt lat="41.4139217" lon="2.1643933">
<ele>117.65</ele>
<time>2025-10-01T18:02:05.000Z</time>
</trkpt>
<trkpt lat="41.4138000" lon="2.1641833">
<ele>117.35</ele>
<time>2025-10-01T18:02:08.000Z</time>
</trkpt>
<trkpt lat="41.4136967" lon="2.1639850">
<ele>116.27</ele>
<time>2025-10-01T18:02:11.000Z</time>
</trkpt>
<trkpt lat="41.4135750" lon="2.1637817">
<ele>115.67</ele>
<time>2025-10-01T18:02:15.000Z</time>
</trkpt>
<trkpt lat="41.4134850" lon="2.1635467">
<ele>112.48</ele>
<time>2025-10-01T18:02:19.000Z</time>
</trkpt>
<trkpt lat="41.4133350" lon="2.1633150">
<ele>111.10</ele>
<time>2025-10-01T18:02:24.000Z</time>
</trkpt>
<trkpt lat="41.4132050" lon="2.1630983">
<ele>110.54</ele>
<time>2025-10-01T18:02:28.000Z</time>
</trkpt>
<trkpt lat="41.4130667" lon="2.1629383">
<ele>109.54</ele>
<time>2025-10-01T18:02:31.000Z</time>
</trkpt>
<trkpt lat="41.4128983" lon="2.1627417">
<ele>114.51</ele>
<time>2025-10-01T18:02:35.000Z</time>
</trkpt>
<trkpt lat="41.4127267" lon="2.1625383">
<ele>112.68</ele>
<time>2025-10-01T18:02:39.000Z</time>
</trkpt>
<trkpt lat="41.4126033" lon="2.1622983">
<ele>112.71</ele>
<time>2025-10-01T18:02:43.000Z</time>
</trkpt>
<trkpt lat="41.4124733" lon="2.1620483">
<ele>112.56</ele>
<time>2025-10-01T18:02:47.000Z</time>
</trkpt>
<trkpt lat="41.4123900" lon="2.1617950">
<ele>111.03</ele>
<time>2025-10-01T18:02:51.000Z</time>
</trkpt>
<trkpt lat="41.4123033" lon="2.1615433">
<ele>109.66</ele>
<time>2025-10-01T18:02:55.000Z</time>
</trkpt>
<trkpt lat="41.4122333" lon="2.1613217">
<ele>107.74</ele>
<time>2025-10-01T18:02:58.000Z</time>
</trkpt>
<trkpt lat="41.4121217" lon="2.1611083">
<ele>106.15</ele>
<time>2025-10-01T18:03:01.000Z</time>
</trkpt>
<trkpt lat="41.4120117" lon="2.1609133">
<ele>105.03</ele>
<time>2025-10-01T18:03:04.000Z</time>
</trkpt>
<trkpt lat="41.4118983" lon="2.1607050">
<ele>102.61</ele>
<time>2025-10-01T18:03:11.000Z</time>
</trkpt>
<trkpt lat="41.4117950" lon="2.1604583">
<ele>102.57</ele>
<time>2025-10-01T18:03:30.000Z</time>
</trkpt>
<trkpt lat="41.4116683" lon="2.1602650">
<ele>106.34</ele>
<time>2025-10-01T18:03:34.000Z</time>
</trkpt>
<trkpt lat="41.4115283" lon="2.1600567">
<ele>110.93</ele>
<time>2025-10-01T18:03:38.000Z</time>
</trkpt>
<trkpt lat="41.4113883" lon="2.1598283">
<ele>114.08</ele>
<time>2025-10-01T18:03:42.000Z</time>
</trkpt>
<trkpt lat="41.4112450" lon="2.1596333">
<ele>117.15</ele>
<time>2025-10-01T18:03:46.000Z</time>
</trkpt>
<trkpt lat="41.4110983" lon="2.1594867">
<ele>119.31</ele>
<time>2025-10-01T18:03:52.000Z</time>
</trkpt>
<trkpt lat="41.4109433" lon="2.1596783">
<ele>115.91</ele>
<time>2025-10-01T18:04:03.000Z</time>
</trkpt>
<trkpt lat="41.4107567" lon="2.1598100">
<ele>114.75</ele>
<time>2025-10-01T18:04:07.000Z</time>
</trkpt>
<trkpt lat="41.4105917" lon="2.1599117">
<ele>113.51</ele>
<time>2025-10-01T18:04:11.000Z</time>
</trkpt>
<trkpt lat="41.4104033" lon="2.1599400">
<ele>108.46</ele>
<time>2025-10-01T18:04:16.000Z</time>
</trkpt>
<trkpt lat="41.4102050" lon="2.1600583">
<ele>102.60</ele>
<time>2025-10-01T18:04:31.000Z</time>
</trkpt>
<trkpt lat="41.4100167" lon="2.1602300">
<ele>100.12</ele>
<time>2025-10-01T18:04:37.000Z</time>
</trkpt>
<trkpt lat="41.4098133" lon="2.1603417">
<ele>97.19</ele>
<time>2025-10-01T18:04:41.000Z</time>
</trkpt>
<trkpt lat="41.4096350" lon="2.1604467">
<ele>92.48</ele>
<time>2025-10-01T18:04:46.000Z</time>
</trkpt>
<trkpt lat="41.4094500" lon="2.1606067">
<ele>87.19</ele>
<time>2025-10-01T18:04:51.000Z</time>
</trkpt>
<trkpt lat="41.4092650" lon="2.1607983">
<ele>81.72</ele>
<time>2025-10-01T18:04:55.000Z</time>
</trkpt>
<trkpt lat="41.4091017" lon="2.1609300">
<ele>77.02</ele>
<time>2025-10-01T18:04:59.000Z</time>
</trkpt>
<trkpt lat="41.4089500" lon="2.1611233">
<ele>71.22</ele>
<time>2025-10-01T18:05:06.000Z</time>
</trkpt>
<trkpt lat="41.4087767" lon="2.1613083">
<ele>68.57</ele>
<time>2025-10-01T18:05:10.000Z</time>
</trkpt>
<trkpt lat="41.4086267" lon="2.1614717">
<ele>66.08</ele>
<time>2025-10-01T18:05:14.000Z</time>
</trkpt>
<trkpt lat="41.4084950" lon="2.1616517">
<ele>64.12</ele>
<time>2025-10-01T18:05:18.000Z</time>
</trkpt>
<trkpt lat="41.4083183" lon="2.1618367">
<ele>60.58</ele>
<time>2025-10-01T18:05:22.000Z</time>
</trkpt>
<trkpt lat="41.4081567" lon="2.1619667">
<ele>58.39</ele>
<time>2025-10-01T18:05:25.000Z</time>
</trkpt>
<trkpt lat="41.4079600" lon="2.1621283">
<ele>55.58</ele>
<time>2025-10-01T18:05:29.000Z</time>
</trkpt>
<trkpt lat="41.4077783" lon="2.1623050">
<ele>52.69</ele>
<time>2025-10-01T18:05:33.000Z</time>
</trkpt>
<trkpt lat="41.4076033" lon="2.1624750">
<ele>49.67</ele>
<time>2025-10-01T18:05:37.000Z</time>
</trkpt>
<trkpt lat="41.4074050" lon="2.1626000">
<ele>45.72</ele>
<time>2025-10-01T18:05:42.000Z</time>
</trkpt>
<trkpt lat="41.4072200" lon="2.1626717">
<ele>41.57</ele>
<time>2025-10-01T18:05:47.000Z</time>
</trkpt>
<trkpt lat="41.4070333" lon="2.1626500">
<ele>39.90</ele>
<time>2025-10-01T18:06:03.000Z</time>
</trkpt>
<trkpt lat="41.4068367" lon="2.1624950">
<ele>53.62</ele>
<time>2025-10-01T18:06:18.000Z</time>
</trkpt>
<trkpt lat="41.4066917" lon="2.1622850">
<ele>56.57</ele>
<time>2025-10-01T18:06:23.000Z</time>
</trkpt>
<trkpt lat="41.4065417" lon="2.1621000">
<ele>59.56</ele>
<time>2025-10-01T18:06:30.000Z</time>
</trkpt>
<trkpt lat="41.4064217" lon="2.1618683">
<ele>60.34</ele>
<time>2025-10-01T18:06:37.000Z</time>
</trkpt>
<trkpt lat="41.4062800" lon="2.1616900">
<ele>61.36</ele>
<time>2025-10-01T18:06:41.000Z</time>
</trkpt>
<trkpt lat="41.4061317" lon="2.1615467">
<ele>62.54</ele>
<time>2025-10-01T18:06:45.000Z</time>
</trkpt>
<trkpt lat="41.4060150" lon="2.1613450">
<ele>66.37</ele>
<time>2025-10-01T18:06:49.000Z</time>
</trkpt>
<trkpt lat="41.4058633" lon="2.1611217">
<ele>67.75</ele>
<time>2025-10-01T18:06:53.000Z</time>
</trkpt>
<trkpt lat="41.4057433" lon="2.1608883">
<ele>68.14</ele>
<time>2025-10-01T18:06:58.000Z</time>
</trkpt>
<trkpt lat="41.4055133" lon="2.1609183">
<ele>70.66</ele>
<time>2025-10-01T18:07:07.000Z</time>
</trkpt>
<trkpt lat="41.4053283" lon="2.1610867">
<ele>67.59</ele>
<time>2025-10-01T18:07:11.000Z</time>
</trkpt>
<trkpt lat="41.4051617" lon="2.1612100">
<ele>68.71</ele>
<time>2025-10-01T18:07:16.000Z</time>
</trkpt>
<trkpt lat="41.4049683" lon="2.1611750">
<ele>68.42</ele>
<time>2025-10-01T18:07:23.000Z</time>
</trkpt>
<trkpt lat="41.4048367" lon="2.1609867">
<ele>67.92</ele>
<time>2025-10-01T18:07:28.000Z</time>
</trkpt>
<trkpt lat="41.4047350" lon="2.1607650">
<ele>67.59</ele>
<time>2025-10-01T18:07:35.000Z</time>
</trkpt>
<trkpt lat="41.4046183" lon="2.1605517">
<ele>66.85</ele>
<time>2025-10-01T18:07:40.000Z</time>
</trkpt>
<trkpt lat="41.4044467" lon="2.1603650">
<ele>66.20</ele>
<time>2025-10-01T18:07:45.000Z</time>
</trkpt>
<trkpt lat="41.4042950" lon="2.1602300">
<ele>63.48</ele>
<time>2025-10-01T18:07:51.000Z</time>
</trkpt>
<trkpt lat="41.4040950" lon="2.1603667">
<ele>62.96</ele>
<time>2025-10-01T18:07:57.000Z</time>
</trkpt>
<trkpt lat="41.4039383" lon="2.1605083">
<ele>63.17</ele>
<time>2025-10-01T18:08:01.000Z</time>
</trkpt>
<trkpt lat="41.4037467" lon="2.1604383">
<ele>64.07</ele>
<time>2025-10-01T18:08:11.000Z</time>
</trkpt>
<trkpt lat="41.4035750" lon="2.1602817">
<ele>65.74</ele>
<time>2025-10-01T18:08:16.000Z</time>
</trkpt>
<trkpt lat="41.4033800" lon="2.1602367">
<ele>71.77</ele>
<time>2025-10-01T18:08:32.000Z</time>
</trkpt>
<trkpt lat="41.4032200" lon="2.1603817">
<ele>73.21</ele>
<time>2025-10-01T18:08:36.000Z</time>
</trkpt>
<trkpt lat="41.4031917" lon="2.1606367">
<ele>61.68</ele>
<time>2025-10-01T18:08:48.000Z</time>
</trkpt>
<trkpt lat="41.4033167" lon="2.1608283">
<ele>58.11</ele>
<time>2025-10-01T18:08:52.000Z</time>
</trkpt>
<trkpt lat="41.4034283" lon="2.1610300">
<ele>54.00</ele>
<time>2025-10-01T18:08:56.000Z</time>
</trkpt>
<trkpt lat="41.4033450" lon="2.1613017">
<ele>51.13</ele>
<time>2025-10-01T18:09:37.000Z</time>
</trkpt>
<trkpt lat="41.4031717" lon="2.1614617">
<ele>53.18</ele>
<time>2025-10-01T18:09:48.000Z</time>
</trkpt>
<trkpt lat="41.4029667" lon="2.1615367">
<ele>57.16</ele>
<time>2025-10-01T18:10:25.000Z</time>
</trkpt>
<trkpt lat="41.4027983" lon="2.1614267">
<ele>57.80</ele>
<time>2025-10-01T18:10:38.000Z</time>
</trkpt>
<trkpt lat="41.4026300" lon="2.1613083">
<ele>57.86</ele>
<time>2025-10-01T18:10:53.000Z</time>
</trkpt>
<trkpt lat="41.4025917" lon="2.1610733">
<ele>55.33</ele>
<time>2025-10-01T18:11:11.000Z</time>
</trkpt>
<trkpt lat="41.4026950" lon="2.1608683">
<ele>56.26</ele>
<time>2025-10-01T18:11:18.000Z</time>
</trkpt>
<trkpt lat="41.4028600" lon="2.1607717">
<ele>54.45</ele>
<time>2025-10-01T18:11:32.000Z</time>
</trkpt>
<trkpt lat="41.4028083" lon="2.1605217">
<ele>50.73</ele>
<time>2025-10-01T18:11:58.000Z</time>
</trkpt>
<trkpt lat="41.4026617" lon="2.1603667">
<ele>47.92</ele>
<time>2025-10-01T18:12:08.000Z</time>
</trkpt>
<trkpt lat="41.4025033" lon="2.1602133">
<ele>45.29</ele>
<time>2025-10-01T18:12:18.000Z</time>
</trkpt>
<trkpt lat="41.4023933" lon="2.1600033">
<ele>42.31</ele>
<time>2025-10-01T18:12:33.000Z</time>
</trkpt>
<trkpt lat="41.4025000" lon="2.1598033">
<ele>40.69</ele>
<time>2025-10-01T18:12:51.000Z</time>
</trkpt>
<trkpt lat="41.4026550" lon="2.1596533">
<ele>38.71</ele>
<time>2025-10-01T18:13:01.000Z</time>
</trkpt>
<trkpt lat="41.4028067" lon="2.1595150">
<ele>40.58</ele>
<time>2025-10-01T18:13:15.000Z</time>
</trkpt>
<trkpt lat="41.4028400" lon="2.1592667">
<ele>41.74</ele>
<time>2025-10-01T18:13:32.000Z</time>
</trkpt>
<trkpt lat="41.4027150" lon="2.1589800">
<ele>42.70</ele>
<time>2025-10-01T18:13:53.000Z</time>
</trkpt>
<trkpt lat="41.4026367" lon="2.1587617">
<ele>46.90</ele>
<time>2025-10-01T18:14:07.000Z</time>
</trkpt>
<trkpt lat="41.4024983" lon="2.1585317">
<ele>52.57</ele>
<time>2025-10-01T18:14:27.000Z</time>
</trkpt>
<trkpt lat="41.4026250" lon="2.1582283">
<ele>56.31</ele>
<time>2025-10-01T18:14:52.000Z</time>
</trkpt>
<trkpt lat="41.4027933" lon="2.1580883">
<ele>58.95</ele>
<time>2025-10-01T18:15:03.000Z</time>
</trkpt>
<trkpt lat="41.4029050" lon="2.1578883">
<ele>62.65</ele>
<time>2025-10-01T18:15:18.000Z</time>
</trkpt>
<trkpt lat="41.4030433" lon="2.1577167">
<ele>60.59</ele>
<time>2025-10-01T18:15:35.000Z</time>
</trkpt>
<trkpt lat="41.4032000" lon="2.1575717">
<ele>59.86</ele>
<time>2025-10-01T18:15:49.000Z</time>
</trkpt>
<extensions>
<om:oruxmapsextensions>
<om:ext type="NAME" subtype="0"><![CDATA[Segment: 9]]></om:ext>
</om:oruxmapsextensions>
</extensions>
</trkseg>
<trkseg>
<trkpt lat="41.4133783" lon="2.1631850">
<ele>101.19</ele>
<time>2025-10-02T16:31:03.500Z</time>
</trkpt>
<trkpt lat="41.4133000" lon="2.1629150">
<ele>100.90</ele>
<time>2025-10-02T16:31:24.000Z</time>
</trkpt>
<trkpt lat="41.4131733" lon="2.1627300">
<ele>100.75</ele>
<time>2025-10-02T16:31:27.000Z</time>
</trkpt>
<trkpt lat="41.4130267" lon="2.1624767">
<ele>100.99</ele>
<time>2025-10-02T16:31:31.000Z</time>
</trkpt>
<trkpt lat="41.4129000" lon="2.1622950">
<ele>99.69</ele>
<time>2025-10-02T16:31:34.000Z</time>
</trkpt>
<trkpt lat="41.4127967" lon="2.1620683">
<ele>96.55</ele>
<time>2025-10-02T16:31:39.000Z</time>
</trkpt>
<trkpt lat="41.4126050" lon="2.1620767">
<ele>98.62</ele>
<time>2025-10-02T16:31:48.000Z</time>
</trkpt>
<trkpt lat="41.4124267" lon="2.1621933">
<ele>99.47</ele>
<time>2025-10-02T16:31:52.000Z</time>
</trkpt>
<trkpt lat="41.4122433" lon="2.1623550">
<ele>97.57</ele>
<time>2025-10-02T16:31:59.000Z</time>
</trkpt>
<trkpt lat="41.4120583" lon="2.1624850">
<ele>98.70</ele>
<time>2025-10-02T16:32:03.000Z</time>
</trkpt>
<trkpt lat="41.4118767" lon="2.1626300">
<ele>99.79</ele>
<time>2025-10-02T16:32:06.000Z</time>
</trkpt>
<trkpt lat="41.4116917" lon="2.1627983">
<ele>100.76</ele>
<time>2025-10-02T16:32:09.000Z</time>
</trkpt>
<trkpt lat="41.4114983" lon="2.1629567">
<ele>101.39</ele>
<time>2025-10-02T16:32:12.000Z</time>
</trkpt>
<trkpt lat="41.4112983" lon="2.1631067">
<ele>102.07</ele>
<time>2025-10-02T16:32:15.000Z</time>
</trkpt>
<trkpt lat="41.4111183" lon="2.1632500">
<ele>102.25</ele>
<time>2025-10-02T16:32:18.000Z</time>
</trkpt>
<trkpt lat="41.4109417" lon="2.1633967">
<ele>101.85</ele>
<time>2025-10-02T16:32:21.000Z</time>
</trkpt>
<trkpt lat="41.4107700" lon="2.1635467">
<ele>101.60</ele>
<time>2025-10-02T16:32:24.000Z</time>
</trkpt>
<trkpt lat="41.4106200" lon="2.1637117">
<ele>101.10</ele>
<time>2025-10-02T16:32:27.000Z</time>
</trkpt>
<trkpt lat="41.4104767" lon="2.1638733">
<ele>99.84</ele>
<time>2025-10-02T16:32:30.000Z</time>
</trkpt>
<trkpt lat="41.4103183" lon="2.1640717">
<ele>98.56</ele>
<time>2025-10-02T16:32:34.000Z</time>
</trkpt>
<trkpt lat="41.4101433" lon="2.1642683">
<ele>97.21</ele>
<time>2025-10-02T16:32:39.000Z</time>
</trkpt>
<trkpt lat="41.4100050" lon="2.1644767">
<ele>95.32</ele>
<time>2025-10-02T16:32:43.000Z</time>
</trkpt>
<trkpt lat="41.4098783" lon="2.1646700">
<ele>95.03</ele>
<time>2025-10-02T16:32:46.000Z</time>
</trkpt>
<trkpt lat="41.4097483" lon="2.1648500">
<ele>94.80</ele>
<time>2025-10-02T16:32:49.000Z</time>
</trkpt>
<trkpt lat="41.4095933" lon="2.1650433">
<ele>94.76</ele>
<time>2025-10-02T16:32:53.000Z</time>
</trkpt>
<trkpt lat="41.4094417" lon="2.1652550">
<ele>93.99</ele>
<time>2025-10-02T16:32:57.000Z</time>
</trkpt>
<trkpt lat="41.4092917" lon="2.1654550">
<ele>93.27</ele>
<time>2025-10-02T16:33:00.000Z</time>
</trkpt>
<trkpt lat="41.4091333" lon="2.1656617">
<ele>91.94</ele>
<time>2025-10-02T16:33:03.000Z</time>
</trkpt>
<trkpt lat="41.4089717" lon="2.1658783">
<ele>89.86</ele>
<time>2025-10-02T16:33:06.000Z</time>
</trkpt>
<trkpt lat="41.4087950" lon="2.1661017">
<ele>88.15</ele>
<time>2025-10-02T16:33:09.000Z</time>
</trkpt>
<trkpt lat="41.4086417" lon="2.1663017">
<ele>86.15</ele>
<time>2025-10-02T16:33:12.000Z</time>
</trkpt>
<trkpt lat="41.4084967" lon="2.1664833">
<ele>84.94</ele>
<time>2025-10-02T16:33:15.000Z</time>
</trkpt>
<trkpt lat="41.4083500" lon="2.1666833">
<ele>83.15</ele>
<time>2025-10-02T16:33:18.000Z</time>
</trkpt>
<trkpt lat="41.4082050" lon="2.1668767">
<ele>81.14</ele>
<time>2025-10-02T16:33:21.000Z</time>
</trkpt>
<trkpt lat="41.4080483" lon="2.1670817">
<ele>78.81</ele>
<time>2025-10-02T16:33:24.000Z</time>
</trkpt>
<trkpt lat="41.4078833" lon="2.1672933">
<ele>76.72</ele>
<time>2025-10-02T16:33:27.000Z</time>
</trkpt>
<trkpt lat="41.4077300" lon="2.1674817">
<ele>74.62</ele>
<time>2025-10-02T16:33:30.000Z</time>
</trkpt>
<trkpt lat="41.4075900" lon="2.1676783">
<ele>72.33</ele>
<time>2025-10-02T16:33:35.000Z</time>
</trkpt>
<trkpt lat="41.4074117" lon="2.1678683">
<ele>71.98</ele>
<time>2025-10-02T16:33:40.000Z</time>
</trkpt>
<trkpt lat="41.4072583" lon="2.1680783">
<ele>71.43</ele>
<time>2025-10-02T16:33:44.000Z</time>
</trkpt>
<trkpt lat="41.4071200" lon="2.1682517">
<ele>71.10</ele>
<time>2025-10-02T16:33:47.000Z</time>
</trkpt>
<trkpt lat="41.4069683" lon="2.1684367">
<ele>70.56</ele>
<time>2025-10-02T16:33:50.000Z</time>
</trkpt>
<trkpt lat="41.4068217" lon="2.1686367">
<ele>70.04</ele>
<time>2025-10-02T16:33:53.000Z</time>
</trkpt>
<trkpt lat="41.4066833" lon="2.1688683">
<ele>69.23</ele>
<time>2025-10-02T16:33:56.000Z</time>
</trkpt>
<trkpt lat="41.4065300" lon="2.1691033">
<ele>68.76</ele>
<time>2025-10-02T16:33:59.000Z</time>
</trkpt>
<trkpt lat="41.4063667" lon="2.1693367">
<ele>66.21</ele>
<time>2025-10-02T16:34:02.000Z</time>
</trkpt>
<trkpt lat="41.4062183" lon="2.1695517">
<ele>64.67</ele>
<time>2025-10-02T16:34:05.000Z</time>
</trkpt>
<trkpt lat="41.4060417" lon="2.1697383">
<ele>61.70</ele>
<time>2025-10-02T16:34:10.000Z</time>
</trkpt>
<trkpt lat="41.4058750" lon="2.1698950">
<ele>62.35</ele>
<time>2025-10-02T16:34:14.000Z</time>
</trkpt>
<trkpt lat="41.4057400" lon="2.1700700">
<ele>59.65</ele>
<time>2025-10-02T16:34:18.000Z</time>
</trkpt>
<trkpt lat="41.4056100" lon="2.1702950">
<ele>55.71</ele>
<time>2025-10-02T16:34:23.000Z</time>
</trkpt>
<trkpt lat="41.4054533" lon="2.1704350">
<ele>55.72</ele>
<time>2025-10-02T16:34:28.000Z</time>
</trkpt>
<trkpt lat="41.4053117" lon="2.1706783">
<ele>54.87</ele>
<time>2025-10-02T16:35:10.000Z</time>
</trkpt>
<trkpt lat="41.4051383" lon="2.1708933">
<ele>54.89</ele>
<time>2025-10-02T16:35:15.000Z</time>
</trkpt>
<trkpt lat="41.4049867" lon="2.1710800">
<ele>52.95</ele>
<time>2025-10-02T16:35:17.000Z</time>
</trkpt>
<trkpt lat="41.4048150" lon="2.1713050">
<ele>51.51</ele>
<time>2025-10-02T16:35:20.000Z</time>
</trkpt>
<trkpt lat="41.4046717" lon="2.1714983">
<ele>49.57</ele>
<time>2025-10-02T16:35:23.000Z</time>
</trkpt>
<trkpt lat="41.4045183" lon="2.1717133">
<ele>45.64</ele>
<time>2025-10-02T16:35:26.000Z</time>
</trkpt>
<trkpt lat="41.4043933" lon="2.1718900">
<ele>47.24</ele>
<time>2025-10-02T16:35:29.000Z</time>
</trkpt>
<trkpt lat="41.4042367" lon="2.1720883">
<ele>46.56</ele>
<time>2025-10-02T16:35:33.000Z</time>
</trkpt>
<trkpt lat="41.4040917" lon="2.1722783">
<ele>46.26</ele>
<time>2025-10-02T16:35:36.000Z</time>
</trkpt>
<trkpt lat="41.4039450" lon="2.1724933">
<ele>45.74</ele>
<time>2025-10-02T16:35:39.000Z</time>
</trkpt>
<trkpt lat="41.4038150" lon="2.1727183">
<ele>44.33</ele>
<time>2025-10-02T16:35:42.000Z</time>
</trkpt>
<trkpt lat="41.4036967" lon="2.1729083">
<ele>39.85</ele>
<time>2025-10-02T16:35:46.000Z</time>
</trkpt>
<trkpt lat="41.4035583" lon="2.1731000">
<ele>38.08</ele>
<time>2025-10-02T16:35:55.000Z</time>
</trkpt>
<trkpt lat="41.4034017" lon="2.1732517">
<ele>37.51</ele>
<time>2025-10-02T16:36:01.000Z</time>
</trkpt>
<trkpt lat="41.4032083" lon="2.1733700">
<ele>38.51</ele>
<time>2025-10-02T16:36:06.000Z</time>
</trkpt>
<trkpt lat="41.4030750" lon="2.1735667">
<ele>38.40</ele>
<time>2025-10-02T16:36:09.000Z</time>
</trkpt>
<trkpt lat="41.4029550" lon="2.1738233">
<ele>35.26</ele>
<time>2025-10-02T16:36:13.000Z</time>
</trkpt>
<trkpt lat="41.4028533" lon="2.1740683">
<ele>28.20</ele>
<time>2025-10-02T16:36:17.000Z</time>
</trkpt>
<trkpt lat="41.4026983" lon="2.1742883">
<ele>25.20</ele>
<time>2025-10-02T16:36:21.000Z</time>
</trkpt>
<trkpt lat="41.4025317" lon="2.1744783">
<ele>23.36</ele>
<time>2025-10-02T16:36:25.000Z</time>
</trkpt>
<trkpt lat="41.4023833" lon="2.1746750">
<ele>23.20</ele>
<time>2025-10-02T16:36:30.000Z</time>
</trkpt>
<trkpt lat="41.4022483" lon="2.1748617">
<ele>23.61</ele>
<time>2025-10-02T16:36:34.000Z</time>
</trkpt>
<trkpt lat="41.4021300" lon="2.1750500">
<ele>26.05</ele>
<time>2025-10-02T16:36:43.000Z</time>
</trkpt>
<trkpt lat="41.4019317" lon="2.1751867">
<ele>25.28</ele>
<time>2025-10-02T16:37:10.000Z</time>
</trkpt>
<trkpt lat="41.4017267" lon="2.1752817">
<ele>22.34</ele>
<time>2025-10-02T16:37:14.000Z</time>
</trkpt>
<trkpt lat="41.4015350" lon="2.1754467">
<ele>20.36</ele>
<time>2025-10-02T16:37:17.000Z</time>
</trkpt>
<trkpt lat="41.4013667" lon="2.1756217">
<ele>18.29</ele>
<time>2025-10-02T16:37:20.000Z</time>
</trkpt>
<trkpt lat="41.4012250" lon="2.1758017">
<ele>16.51</ele>
<time>2025-10-02T16:37:23.000Z</time>
</trkpt>
<trkpt lat="41.4010933" lon="2.1759767">
<ele>14.80</ele>
<time>2025-10-02T16:37:26.000Z</time>
</trkpt>
<trkpt lat="41.4010367" lon="2.1762367">
<ele>12.51</ele>
<time>2025-10-02T16:37:30.000Z</time>
</trkpt>
<trkpt lat="41.4009117" lon="2.1764683">
<ele>12.95</ele>
<time>2025-10-02T16:37:35.000Z</time>
</trkpt>
<trkpt lat="41.4008417" lon="2.1767117">
<ele>17.08</ele>
<time>2025-10-02T16:37:59.000Z</time>
</trkpt>
<trkpt lat="41.4006733" lon="2.1768800">
<ele>20.20</ele>
<time>2025-10-02T16:38:04.000Z</time>
</trkpt>
<trkpt lat="41.4004983" lon="2.1770650">
<ele>22.16</ele>
<time>2025-10-02T16:38:08.000Z</time>
</trkpt>
<trkpt lat="41.4003683" lon="2.1772383">
<ele>23.14</ele>
<time>2025-10-02T16:38:11.000Z</time>
</trkpt>
<trkpt lat="41.4002167" lon="2.1773883">
<ele>24.62</ele>
<time>2025-10-02T16:38:15.000Z</time>
</trkpt>
<trkpt lat="41.4000517" lon="2.1775483">
<ele>28.20</ele>
<time>2025-10-02T16:38:26.000Z</time>
</trkpt>
<trkpt lat="41.3998850" lon="2.1776533">
<ele>32.16</ele>
<time>2025-10-02T16:38:31.000Z</time>
</trkpt>
<trkpt lat="41.3997100" lon="2.1777700">
<ele>35.75</ele>
<time>2025-10-02T16:38:37.000Z</time>
</trkpt>
<trkpt lat="41.3995633" lon="2.1779433">
<ele>36.48</ele>
<time>2025-10-02T16:38:40.000Z</time>
</trkpt>
<trkpt lat="41.3994100" lon="2.1781300">
<ele>36.17</ele>
<time>2025-10-02T16:38:43.000Z</time>
</trkpt>
<trkpt lat="41.3992783" lon="2.1783583">
<ele>36.21</ele>
<time>2025-10-02T16:38:47.000Z</time>
</trkpt>
<trkpt lat="41.3992567" lon="2.1786983">
<ele>20.83</ele>
<time>2025-10-02T16:39:06.000Z</time>
</trkpt>
<trkpt lat="41.3990850" lon="2.1788850">
<ele>19.36</ele>
<time>2025-10-02T16:39:12.000Z</time>
</trkpt>
<trkpt lat="41.3989483" lon="2.1790800">
<ele>18.47</ele>
<time>2025-10-02T16:39:15.000Z</time>
</trkpt>
<trkpt lat="41.3987900" lon="2.1792833">
<ele>17.53</ele>
<time>2025-10-02T16:39:18.000Z</time>
</trkpt>
<trkpt lat="41.3986450" lon="2.1794717">
<ele>15.79</ele>
<time>2025-10-02T16:39:21.000Z</time>
</trkpt>
<trkpt lat="41.3984967" lon="2.1796533">
<ele>13.27</ele>
<time>2025-10-02T16:39:25.000Z</time>
</trkpt>
<trkpt lat="41.3983900" lon="2.1798717">
<ele>8.23</ele>
<time>2025-10-02T16:39:35.000Z</time>
</trkpt>
<trkpt lat="41.3982650" lon="2.1801117">
<ele>17.24</ele>
<time>2025-10-02T16:40:07.000Z</time>
</trkpt>
<trkpt lat="41.3981350" lon="2.1802867">
<ele>18.67</ele>
<time>2025-10-02T16:40:10.000Z</time>
</trkpt>
<trkpt lat="41.3979850" lon="2.1804933">
<ele>18.57</ele>
<time>2025-10-02T16:40:13.000Z</time>
</trkpt>
<trkpt lat="41.3978700" lon="2.1806783">
<ele>18.27</ele>
<time>2025-10-02T16:40:16.000Z</time>
</trkpt>
<trkpt lat="41.3977083" lon="2.1809100">
<ele>18.67</ele>
<time>2025-10-02T16:40:20.000Z</time>
</trkpt>
<trkpt lat="41.3975533" lon="2.1810717">
<ele>19.24</ele>
<time>2025-10-02T16:40:23.000Z</time>
</trkpt>
<trkpt lat="41.3973517" lon="2.1812417">
<ele>11.23</ele>
<time>2025-10-02T16:41:11.000Z</time>
</trkpt>
<trkpt lat="41.3971900" lon="2.1813867">
<ele>13.36</ele>
<time>2025-10-02T16:41:17.000Z</time>
</trkpt>
<trkpt lat="41.3970550" lon="2.1816067">
<ele>14.67</ele>
<time>2025-10-02T16:41:21.000Z</time>
</trkpt>
<trkpt lat="41.3968683" lon="2.1818167">
<ele>16.00</ele>
<time>2025-10-02T16:41:25.000Z</time>
</trkpt>
<trkpt lat="41.3967133" lon="2.1819683">
<ele>15.67</ele>
<time>2025-10-02T16:41:27.000Z</time>
</trkpt>
<trkpt lat="41.3965900" lon="2.1821483">
<ele>13.40</ele>
<time>2025-10-02T16:41:37.000Z</time>
</trkpt>
<trkpt lat="41.3965117" lon="2.1823967">
<ele>11.51</ele>
<time>2025-10-02T16:41:44.000Z</time>
</trkpt>
<trkpt lat="41.3964083" lon="2.1826100">
<ele>10.55</ele>
<time>2025-10-02T16:41:48.000Z</time>
</trkpt>
<trkpt lat="41.3962467" lon="2.1828250">
<ele>9.44</ele>
<time>2025-10-02T16:41:52.000Z</time>
</trkpt>
<trkpt lat="41.3960567" lon="2.1830167">
<ele>6.70</ele>
<time>2025-10-02T16:41:56.000Z</time>
</trkpt>
<trkpt lat="41.3959217" lon="2.1831783">
<ele>4.31</ele>
<time>2025-10-02T16:41:59.000Z</time>
</trkpt>
<trkpt lat="41.3957950" lon="2.1833683">
<ele>1.53</ele>
<time>2025-10-02T16:42:03.000Z</time>
</trkpt>
<trkpt lat="41.3956367" lon="2.1835550">
<ele>0.79</ele>
<time>2025-10-02T16:42:07.000Z</time>
</trkpt>
<trkpt lat="41.3954867" lon="2.1837300">
<ele>2.92</ele>
<time>2025-10-02T16:42:10.000Z</time>
</trkpt>
<trkpt lat="41.3953467" lon="2.1838883">
<ele>3.96</ele>
<time>2025-10-02T16:42:13.000Z</time>
</trkpt>
<trkpt lat="41.3952317" lon="2.1840850">
<ele>3.08</ele>
<time>2025-10-02T16:42:16.000Z</time>
</trkpt>
<trkpt lat="41.3951017" lon="2.1842667">
<ele>2.42</ele>
<time>2025-10-02T16:42:19.000Z</time>
</trkpt>
<trkpt lat="41.3949367" lon="2.1845017">
<ele>3.48</ele>
<time>2025-10-02T16:42:23.000Z</time>
</trkpt>
<trkpt lat="41.3948150" lon="2.1846833">
<ele>6.06</ele>
<time>2025-10-02T16:42:26.000Z</time>
</trkpt>
<trkpt lat="41.3946617" lon="2.1849017">
<ele>7.60</ele>
<time>2025-10-02T16:42:30.000Z</time>
</trkpt>
<trkpt lat="41.3945100" lon="2.1851233">
<ele>7.83</ele>
<time>2025-10-02T16:42:34.000Z</time>
</trkpt>
<trkpt lat="41.3943533" lon="2.1853300">
<ele>5.45</ele>
<time>2025-10-02T16:42:38.000Z</time>
</trkpt>
<trkpt lat="41.3941933" lon="2.1855233">
<ele>4.18</ele>
<time>2025-10-02T16:42:43.000Z</time>
</trkpt>
<trkpt lat="41.3940383" lon="2.1857483">
<ele>0.44</ele>
<time>2025-10-02T16:42:48.000Z</time>
</trkpt>
<trkpt lat="41.3938817" lon="2.1859517">
<ele>-2.15</ele>
<time>2025-10-02T16:42:52.000Z</time>
</trkpt>
<trkpt lat="41.3937217" lon="2.1861250">
<ele>-3.62</ele>
<time>2025-10-02T16:42:56.000Z</time>
</trkpt>
<trkpt lat="41.3935433" lon="2.1863133">
<ele>-4.84</ele>
<time>2025-10-02T16:43:00.000Z</time>
</trkpt>
<trkpt lat="41.3933833" lon="2.1864650">
<ele>-5.69</ele>
<time>2025-10-02T16:43:04.000Z</time>
</trkpt>
<trkpt lat="41.3932450" lon="2.1866400">
<ele>-7.11</ele>
<time>2025-10-02T16:43:08.000Z</time>
</trkpt>
<trkpt lat="41.3931433" lon="2.1868683">
<ele>-5.76</ele>
<time>2025-10-02T16:43:14.000Z</time>
</trkpt>
<trkpt lat="41.3930017" lon="2.1871067">
<ele>-4.32</ele>
<time>2025-10-02T16:43:18.000Z</time>
</trkpt>
<trkpt lat="41.3928833" lon="2.1873267">
<ele>-4.21</ele>
<time>2025-10-02T16:43:21.000Z</time>
</trkpt>
<trkpt lat="41.3927467" lon="2.1875700">
<ele>-4.25</ele>
<time>2025-10-02T16:43:25.000Z</time>
</trkpt>
<trkpt lat="41.3926000" lon="2.1877850">
<ele>-3.74</ele>
<time>2025-10-02T16:43:29.000Z</time>
</trkpt>
<trkpt lat="41.3924083" lon="2.1879900">
<ele>-3.42</ele>
<time>2025-10-02T16:43:33.000Z</time>
</trkpt>
<trkpt lat="41.3922400" lon="2.1881350">
<ele>-2.58</ele>
<time>2025-10-02T16:43:36.000Z</time>
</trkpt>
<trkpt lat="41.3920583" lon="2.1883233">
<ele>-1.56</ele>
<time>2025-10-02T16:43:40.000Z</time>
</trkpt>
<trkpt lat="41.3918750" lon="2.1885150">
<ele>-1.20</ele>
<time>2025-10-02T16:43:44.000Z</time>
</trkpt>
<trkpt lat="41.3917050" lon="2.1887050">
<ele>-0.85</ele>
<time>2025-10-02T16:43:48.000Z</time>
</trkpt>
<trkpt lat="41.3915600" lon="2.1888767">
<ele>-4.70</ele>
<time>2025-10-02T16:43:52.000Z</time>
</trkpt>
<trkpt lat="41.3914200" lon="2.1890367">
<ele>-5.40</ele>
<time>2025-10-02T16:43:55.000Z</time>
</trkpt>
<trkpt lat="41.3912817" lon="2.1891917">
<ele>-2.82</ele>
<time>2025-10-02T16:43:58.000Z</time>
</trkpt>
<trkpt lat="41.3911500" lon="2.1894000">
<ele>0.82</ele>
<time>2025-10-02T16:44:01.000Z</time>
</trkpt>
<trkpt lat="41.3910233" lon="2.1895950">
<ele>3.02</ele>
<time>2025-10-02T16:44:04.000Z</time>
</trkpt>
<trkpt lat="41.3908867" lon="2.1897650">
<ele>4.13</ele>
<time>2025-10-02T16:44:07.000Z</time>
</trkpt>
<trkpt lat="41.3907417" lon="2.1899417">
<ele>3.97</ele>
<time>2025-10-02T16:44:10.000Z</time>
</trkpt>
<trkpt lat="41.3906033" lon="2.1901667">
<ele>3.08</ele>
<time>2025-10-02T16:44:14.000Z</time>
</trkpt>
<trkpt lat="41.3904567" lon="2.1904067">
<ele>2.30</ele>
<time>2025-10-02T16:44:18.000Z</time>
</trkpt>
<trkpt lat="41.3902733" lon="2.1906100">
<ele>0.56</ele>
<time>2025-10-02T16:44:22.000Z</time>
</trkpt>
<trkpt lat="41.3901450" lon="2.1908183">
<ele>-1.06</ele>
<time>2025-10-02T16:44:25.000Z</time>
</trkpt>
<trkpt lat="41.3899883" lon="2.1910400">
<ele>-2.02</ele>
<time>2025-10-02T16:44:29.000Z</time>
</trkpt>
<trkpt lat="41.3898233" lon="2.1912400">
<ele>-1.48</ele>
<time>2025-10-02T16:44:33.000Z</time>
</trkpt>
<trkpt lat="41.3896817" lon="2.1914500">
<ele>-2.10</ele>
<time>2025-10-02T16:44:37.000Z</time>
</trkpt>
<trkpt lat="41.3895483" lon="2.1916317">
<ele>-2.47</ele>
<time>2025-10-02T16:44:41.000Z</time>
</trkpt>
<trkpt lat="41.3894017" lon="2.1917883">
<ele>-1.90</ele>
<time>2025-10-02T16:44:45.000Z</time>
</trkpt>
<trkpt lat="41.3892717" lon="2.1919800">
<ele>-0.55</ele>
<time>2025-10-02T16:44:49.000Z</time>
</trkpt>
<trkpt lat="41.3891417" lon="2.1921567">
<ele>7.64</ele>
<time>2025-10-02T16:44:53.000Z</time>
</trkpt>
<trkpt lat="41.3890050" lon="2.1923350">
<ele>23.29</ele>
<time>2025-10-02T16:44:56.000Z</time>
</trkpt>
<trkpt lat="41.3888867" lon="2.1925183">
<ele>29.23</ele>
<time>2025-10-02T16:45:03.000Z</time>
</trkpt>
<trkpt lat="41.3887433" lon="2.1927133">
<ele>19.23</ele>
<time>2025-10-02T16:45:10.000Z</time>
</trkpt>
<trkpt lat="41.3886200" lon="2.1928900">
<ele>11.58</ele>
<time>2025-10-02T16:45:15.000Z</time>
</trkpt>
<trkpt lat="41.3884817" lon="2.1931083">
<ele>1.16</ele>
<time>2025-10-02T16:45:21.000Z</time>
</trkpt>
<trkpt lat="41.3883550" lon="2.1932833">
<ele>-1.29</ele>
<time>2025-10-02T16:45:26.000Z</time>
</trkpt>
<trkpt lat="41.3882017" lon="2.1934150">
<ele>0.46</ele>
<time>2025-10-02T16:45:36.000Z</time>
</trkpt>
<trkpt lat="41.3880750" lon="2.1936350">
<ele>6.53</ele>
<time>2025-10-02T16:45:45.000Z</time>
</trkpt>
<trkpt lat="41.3879533" lon="2.1938117">
<ele>4.70</ele>
<time>2025-10-02T16:45:49.000Z</time>
</trkpt>
<trkpt lat="41.3878150" lon="2.1939900">
<ele>4.12</ele>
<time>2025-10-02T16:45:52.000Z</time>
</trkpt>
<trkpt lat="41.3876533" lon="2.1941917">
<ele>4.69</ele>
<time>2025-10-02T16:45:56.000Z</time>
</trkpt>
<trkpt lat="41.3875017" lon="2.1943950">
<ele>6.69</ele>
<time>2025-10-02T16:46:01.000Z</time>
</trkpt>
<trkpt lat="41.3873600" lon="2.1945933">
<ele>7.60</ele>
<time>2025-10-02T16:46:07.000Z</time>
</trkpt>
<trkpt lat="41.3871683" lon="2.1946600">
<ele>9.95</ele>
<time>2025-10-02T16:46:18.000Z</time>
</trkpt>
<trkpt lat="41.3870217" lon="2.1945083">
<ele>9.07</ele>
<time>2025-10-02T16:46:26.000Z</time>
</trkpt>
<trkpt lat="41.3868967" lon="2.1942883">
<ele>6.78</ele>
<time>2025-10-02T16:46:34.000Z</time>
</trkpt>
<trkpt lat="41.3867517" lon="2.1941200">
<ele>1.85</ele>
<time>2025-10-02T16:46:39.000Z</time>
</trkpt>
<trkpt lat="41.3866483" lon="2.1939083">
<ele>-2.20</ele>
<time>2025-10-02T16:46:55.000Z</time>
</trkpt>
<trkpt lat="41.3865167" lon="2.1937267">
<ele>-1.53</ele>
<time>2025-10-02T16:46:59.000Z</time>
</trkpt>
<trkpt lat="41.3863633" lon="2.1935233">
<ele>-0.84</ele>
<time>2025-10-02T16:47:03.000Z</time>
</trkpt>
<trkpt lat="41.3862050" lon="2.1933217">
<ele>-0.00</ele>
<time>2025-10-02T16:47:07.000Z</time>
</trkpt>
<trkpt lat="41.3860250" lon="2.1931500">
<ele>2.58</ele>
<time>2025-10-02T16:47:11.000Z</time>
</trkpt>
<trkpt lat="41.3858717" lon="2.1929517">
<ele>3.30</ele>
<time>2025-10-02T16:47:15.000Z</time>
</trkpt>
<trkpt lat="41.3857383" lon="2.1927633">
<ele>0.45</ele>
<time>2025-10-02T16:47:19.000Z</time>
</trkpt>
<trkpt lat="41.3856033" lon="2.1925633">
<ele>-1.31</ele>
<time>2025-10-02T16:47:23.000Z</time>
</trkpt>
<trkpt lat="41.3854767" lon="2.1923850">
<ele>-1.20</ele>
<time>2025-10-02T16:47:27.000Z</time>
</trkpt>
<trkpt lat="41.3853317" lon="2.1921583">
<ele>-1.08</ele>
<time>2025-10-02T16:47:31.000Z</time>
</trkpt>
<trkpt lat="41.3852050" lon="2.1919167">
<ele>-1.12</ele>
<time>2025-10-02T16:47:35.000Z</time>
</trkpt>
<trkpt lat="41.3850683" lon="2.1917117">
<ele>-2.33</ele>
<time>2025-10-02T16:47:39.000Z</time>
</trkpt>
<trkpt lat="41.3849900" lon="2.1914650">
<ele>-3.09</ele>
<time>2025-10-02T16:47:42.000Z</time>
</trkpt>
<trkpt lat="41.3848983" lon="2.1912483">
<ele>-4.48</ele>
<time>2025-10-02T16:47:45.000Z</time>
</trkpt>
<trkpt lat="41.3847900" lon="2.1910367">
<ele>-5.51</ele>
<time>2025-10-02T16:47:48.000Z</time>
</trkpt>
<trkpt lat="41.3846900" lon="2.1908367">
<ele>-4.13</ele>
<time>2025-10-02T16:47:51.000Z</time>
</trkpt>
<trkpt lat="41.3845783" lon="2.1906267">
<ele>-3.22</ele>
<time>2025-10-02T16:47:54.000Z</time>
</trkpt>
<trkpt lat="41.3844350" lon="2.1903817">
<ele>-1.17</ele>
<time>2025-10-02T16:47:58.000Z</time>
</trkpt>
<trkpt lat="41.3843167" lon="2.1901417">
<ele>0.28</ele>
<time>2025-10-02T16:48:02.000Z</time>
</trkpt>
<trkpt lat="41.3842067" lon="2.1899017">
<ele>1.25</ele>
<time>2025-10-02T16:48:06.000Z</time>
</trkpt>
<trkpt lat="41.3840633" lon="2.1896517">
<ele>3.05</ele>
<time>2025-10-02T16:48:10.000Z</time>
</trkpt>
<trkpt lat="41.3839550" lon="2.1893833">
<ele>3.08</ele>
<time>2025-10-02T16:48:14.000Z</time>
</trkpt>
<trkpt lat="41.3838600" lon="2.1891167">
<ele>4.16</ele>
<time>2025-10-02T16:48:18.000Z</time>
</trkpt>
<trkpt lat="41.3837517" lon="2.1888783">
<ele>3.29</ele>
<time>2025-10-02T16:48:22.000Z</time>
</trkpt>
<trkpt lat="41.3836400" lon="2.1886567">
<ele>2.84</ele>
<time>2025-10-02T16:48:26.000Z</time>
</trkpt>
<trkpt lat="41.3835150" lon="2.1884567">
<ele>2.43</ele>
<time>2025-10-02T16:48:30.000Z</time>
</trkpt>
<trkpt lat="41.3834083" lon="2.1882600">
<ele>2.12</ele>
<time>2025-10-02T16:48:34.000Z</time>
</trkpt>
<trkpt lat="41.3833083" lon="2.1880383">
<ele>0.49</ele>
<time>2025-10-02T16:48:38.000Z</time>
</trkpt>
<trkpt lat="41.3832033" lon="2.1877950">
<ele>-2.23</ele>
<time>2025-10-02T16:48:42.000Z</time>
</trkpt>
<trkpt lat="41.3831150" lon="2.1875500">
<ele>-4.12</ele>
<time>2025-10-02T16:48:46.000Z</time>
</trkpt>
<trkpt lat="41.3830200" lon="2.1873133">
<ele>-7.44</ele>
<time>2025-10-02T16:48:49.000Z</time>
</trkpt>
<trkpt lat="41.3829200" lon="2.1870933">
<ele>-9.55</ele>
<time>2025-10-02T16:48:52.000Z</time>
</trkpt>
<trkpt lat="41.3828333" lon="2.1868333">
<ele>-10.06</ele>
<time>2025-10-02T16:48:56.000Z</time>
</trkpt>
<trkpt lat="41.3827350" lon="2.1866317">
<ele>-8.28</ele>
<time>2025-10-02T16:49:00.000Z</time>
</trkpt>
<trkpt lat="41.3826767" lon="2.1863500">
<ele>-8.99</ele>
<time>2025-10-02T16:49:04.000Z</time>
</trkpt>
<trkpt lat="41.3825900" lon="2.1861200">
<ele>-10.62</ele>
<time>2025-10-02T16:49:08.000Z</time>
</trkpt>
<trkpt lat="41.3825117" lon="2.1858950">
<ele>-12.70</ele>
<time>2025-10-02T16:49:13.000Z</time>
</trkpt>
<trkpt lat="41.3824350" lon="2.1856533">
<ele>-11.50</ele>
<time>2025-10-02T16:49:20.000Z</time>
</trkpt>
<trkpt lat="41.3823100" lon="2.1854550">
<ele>3.16</ele>
<time>2025-10-02T16:50:20.000Z</time>
</trkpt>
<trkpt lat="41.3821383" lon="2.1852550">
<ele>3.24</ele>
<time>2025-10-02T16:50:25.000Z</time>
</trkpt>
<trkpt lat="41.3820133" lon="2.1850433">
<ele>0.10</ele>
<time>2025-10-02T16:50:32.000Z</time>
</trkpt>
<trkpt lat="41.3819250" lon="2.1848167">
<ele>-2.05</ele>
<time>2025-10-02T16:50:36.000Z</time>
</trkpt>
<trkpt lat="41.3817483" lon="2.1849467">
<ele>-3.63</ele>
<time>2025-10-02T16:50:45.000Z</time>
</trkpt>
<trkpt lat="41.3816350" lon="2.1851750">
<ele>-2.31</ele>
<time>2025-10-02T16:50:55.000Z</time>
</trkpt>
<trkpt lat="41.3815233" lon="2.1853933">
<ele>-2.13</ele>
<time>2025-10-02T16:50:59.000Z</time>
</trkpt>
<trkpt lat="41.3813333" lon="2.1855500">
<ele>-2.71</ele>
<time>2025-10-02T16:51:06.000Z</time>
</trkpt>
<trkpt lat="41.3812250" lon="2.1858050">
<ele>-5.32</ele>
<time>2025-10-02T16:51:10.000Z</time>
</trkpt>
<trkpt lat="41.3812267" lon="2.1860817">
<ele>-4.20</ele>
<time>2025-10-02T16:51:18.000Z</time>
</trkpt>
<trkpt lat="41.3811950" lon="2.1863200">
<ele>-3.48</ele>
<time>2025-10-02T16:51:26.000Z</time>
</trkpt>
<trkpt lat="41.3811583" lon="2.1865650">
<ele>-1.85</ele>
<time>2025-10-02T16:52:00.000Z</time>
</trkpt>
<trkpt lat="41.3812517" lon="2.1867750">
<ele>-4.54</ele>
<time>2025-10-02T16:52:18.000Z</time>
</trkpt>
<trkpt lat="41.3813017" lon="2.1870150">
<ele>-6.36</ele>
<time>2025-10-02T16:52:28.000Z</time>
</trkpt>
<trkpt lat="41.3813483" lon="2.1872467">
<ele>-7.36</ele>
<time>2025-10-02T16:52:40.000Z</time>
</trkpt>
<trkpt lat="41.3813067" lon="2.1874933">
<ele>-5.85</ele>
<time>2025-10-02T16:52:54.000Z</time>
</trkpt>
<trkpt lat="41.3813483" lon="2.1877383">
<ele>-9.58</ele>
<time>2025-10-02T16:53:06.000Z</time>
</trkpt>
<trkpt lat="41.3814917" lon="2.1879350">
<ele>-11.69</ele>
<time>2025-10-02T16:53:19.000Z</time>
</trkpt>
<trkpt lat="41.3816100" lon="2.1882283">
<ele>-14.23</ele>
<time>2025-10-02T16:53:35.000Z</time>
</trkpt>
<trkpt lat="41.3816217" lon="2.1884733">
<ele>-12.59</ele>
<time>2025-10-02T16:53:43.000Z</time>
</trkpt>
<trkpt lat="41.3814700" lon="2.1883367">
<ele>4.43</ele>
<time>2025-10-02T16:54:35.000Z</time>
</trkpt>
<trkpt lat="41.3815367" lon="2.1881067">
<ele>2.92</ele>
<time>2025-10-02T17:04:25.596Z</time>
</trkpt>
<trkpt lat="41.3815433" lon="2.1878500">
<ele>-4.62</ele>
<time>2025-10-02T17:04:40.000Z</time>
</trkpt>
<trkpt lat="41.3814900" lon="2.1876083">
<ele>-4.10</ele>
<time>2025-10-02T17:04:59.000Z</time>
</trkpt>
<trkpt lat="41.3814267" lon="2.1873817">
<ele>-8.52</ele>
<time>2025-10-02T17:05:15.000Z</time>
</trkpt>
<trkpt lat="41.3813317" lon="2.1871683">
<ele>-11.50</ele>
<time>2025-10-02T17:05:29.000Z</time>
</trkpt>
<trkpt lat="41.3812933" lon="2.1869333">
<ele>-19.99</ele>
<time>2025-10-02T17:05:49.000Z</time>
</trkpt>
<trkpt lat="41.3812383" lon="2.1866883">
<ele>-9.96</ele>
<time>2025-10-02T17:06:03.000Z</time>
</trkpt>
<trkpt lat="41.3811983" lon="2.1864450">
<ele>-7.52</ele>
<time>2025-10-02T17:06:16.000Z</time>
</trkpt>
<trkpt lat="41.3812783" lon="2.1862200">
<ele>-7.56</ele>
<time>2025-10-02T17:06:31.000Z</time>
</trkpt>
<trkpt lat="41.3813750" lon="2.1860117">
<ele>-7.64</ele>
<time>2025-10-02T17:06:46.000Z</time>
</trkpt>
<trkpt lat="41.3814733" lon="2.1858050">
<ele>-6.44</ele>
<time>2025-10-02T17:06:58.000Z</time>
</trkpt>
<trkpt lat="41.3814917" lon="2.1855583">
<ele>-4.75</ele>
<time>2025-10-02T17:07:37.000Z</time>
</trkpt>
<trkpt lat="41.3815083" lon="2.1853167">
<ele>-4.02</ele>
<time>2025-10-02T17:07:53.000Z</time>
</trkpt>
<trkpt lat="41.3815683" lon="2.1850783">
<ele>-3.78</ele>
<time>2025-10-02T17:08:55.000Z</time>
</trkpt>
<trkpt lat="41.3816383" lon="2.1848533">
<ele>-4.75</ele>
<time>2025-10-02T17:09:11.000Z</time>
</trkpt>
<trkpt lat="41.3817100" lon="2.1846183">
<ele>-6.18</ele>
<time>2025-10-02T17:09:29.000Z</time>
</trkpt>
<trkpt lat="41.3816033" lon="2.1844200">
<ele>-7.20</ele>
<time>2025-10-02T17:09:46.000Z</time>
</trkpt>
<trkpt lat="41.3816367" lon="2.1841800">
<ele>-2.16</ele>
<time>2025-10-02T17:11:09.000Z</time>
</trkpt>
<trkpt lat="41.3815267" lon="2.1839750">
<ele>-2.35</ele>
<time>2025-10-02T17:11:25.000Z</time>
</trkpt>
<trkpt lat="41.3814017" lon="2.1838017">
<ele>-4.51</ele>
<time>2025-10-02T17:11:39.000Z</time>
</trkpt>
<trkpt lat="41.3813667" lon="2.1835633">
<ele>-3.97</ele>
<time>2025-10-02T17:12:13.000Z</time>
</trkpt>
<trkpt lat="41.3814933" lon="2.1833833">
<ele>-3.66</ele>
<time>2025-10-02T17:12:28.000Z</time>
</trkpt>
<trkpt lat="41.3816150" lon="2.1831817">
<ele>-6.70</ele>
<time>2025-10-02T17:12:44.000Z</time>
</trkpt>
<trkpt lat="41.3817333" lon="2.1829800">
<ele>-6.70</ele>
<time>2025-10-02T17:12:58.000Z</time>
</trkpt>
<trkpt lat="41.3816450" lon="2.1827633">
<ele>-5.46</ele>
<time>2025-10-02T17:14:11.000Z</time>
</trkpt>
<trkpt lat="41.3814917" lon="2.1826367">
<ele>-8.29</ele>
<time>2025-10-02T17:14:24.000Z</time>
</trkpt>
<trkpt lat="41.3814967" lon="2.1823917">
<ele>-6.76</ele>
<time>2025-10-02T17:14:47.000Z</time>
</trkpt>
<trkpt lat="41.3816133" lon="2.1822000">
<ele>2.80</ele>
<time>2025-10-02T17:16:29.000Z</time>
</trkpt>
<trkpt lat="41.3815750" lon="2.1819533">
<ele>-0.92</ele>
<time>2025-10-02T17:16:51.000Z</time>
</trkpt>
<trkpt lat="41.3814800" lon="2.1817300">
<ele>-2.52</ele>
<time>2025-10-02T17:17:06.000Z</time>
</trkpt>
<trkpt lat="41.3815150" lon="2.1814917">
<ele>4.31</ele>
<time>2025-10-02T17:17:54.000Z</time>
</trkpt>
<trkpt lat="41.3815983" lon="2.1812717">
<ele>4.21</ele>
<time>2025-10-02T17:18:23.000Z</time>
</trkpt>
<trkpt lat="41.3817533" lon="2.1811467">
<ele>19.01</ele>
<time>2025-10-02T17:21:01.000Z</time>
</trkpt>
<trkpt lat="41.3815450" lon="2.1811117">
<ele>11.98</ele>
<time>2025-10-02T17:22:20.000Z</time>
</trkpt>
<trkpt lat="41.3817217" lon="2.1810617">
<ele>13.24</ele>
<time>2025-10-02T17:22:38.000Z</time>
</trkpt>
<trkpt lat="41.3816217" lon="2.1812683">
<ele>5.09</ele>
<time>2025-10-02T17:23:26.000Z</time>
</trkpt>
<trkpt lat="41.3817300" lon="2.1810517">
<ele>13.71</ele>
<time>2025-10-02T17:24:51.000Z</time>
</trkpt>
<trkpt lat="41.3815717" lon="2.1825083">
<ele>-6.50</ele>
<time>2025-10-02T17:40:34.749Z</time>
</trkpt>
<trkpt lat="41.3814800" lon="2.1819900">
<ele>-5.66</ele>
<time>2025-10-02T17:40:35.249Z</time>
</trkpt>
<trkpt lat="41.3817967" lon="2.1822383">
<ele>-16.32</ele>
<time>2025-10-02T17:40:35.746Z</time>
</trkpt>
<trkpt lat="41.3816133" lon="2.1823150">
<ele>15.19</ele>
<time>2025-10-02T17:40:47.243Z</time>
</trkpt>
<trkpt lat="41.3814383" lon="2.1824050">
<ele>7.13</ele>
<time>2025-10-02T17:40:54.000Z</time>
</trkpt>
<trkpt lat="41.3812533" lon="2.1824017">
<ele>-1.65</ele>
<time>2025-10-02T17:41:30.000Z</time>
</trkpt>
<trkpt lat="41.3810800" lon="2.1823017">
<ele>-5.07</ele>
<time>2025-10-02T17:41:46.000Z</time>
</trkpt>
<trkpt lat="41.3809000" lon="2.1822500">
<ele>-3.25</ele>
<time>2025-10-02T17:41:56.000Z</time>
</trkpt>
<trkpt lat="41.3807217" lon="2.1821633">
<ele>-2.38</ele>
<time>2025-10-02T17:42:16.000Z</time>
</trkpt>
<trkpt lat="41.3806533" lon="2.1823867">
<ele>-0.44</ele>
<time>2025-10-02T17:45:02.000Z</time>
</trkpt>
<trkpt lat="41.3808183" lon="2.1822633">
<ele>-2.43</ele>
<time>2025-10-02T17:45:50.000Z</time>
</trkpt>
<trkpt lat="41.3809967" lon="2.1823317">
<ele>-2.85</ele>
<time>2025-10-02T17:46:02.000Z</time>
</trkpt>
<trkpt lat="41.3811833" lon="2.1824033">
<ele>-5.89</ele>
<time>2025-10-02T17:46:37.000Z</time>
</trkpt>
<trkpt lat="41.3813583" lon="2.1825017">
<ele>-5.25</ele>
<time>2025-10-02T17:46:49.000Z</time>
</trkpt>
<trkpt lat="41.3815150" lon="2.1826367">
<ele>-4.55</ele>
<time>2025-10-02T17:47:05.000Z</time>
</trkpt>
<trkpt lat="41.3816683" lon="2.1827650">
<ele>-1.67</ele>
<time>2025-10-02T17:47:20.000Z</time>
</trkpt>
<trkpt lat="41.3818400" lon="2.1829083">
<ele>1.78</ele>
<time>2025-10-02T17:47:33.000Z</time>
</trkpt>
<trkpt lat="41.3820033" lon="2.1830533">
<ele>-1.58</ele>
<time>2025-10-02T17:47:43.000Z</time>
</trkpt>
<trkpt lat="41.3821567" lon="2.1831917">
<ele>0.07</ele>
<time>2025-10-02T17:47:55.000Z</time>
</trkpt>
<trkpt lat="41.3823167" lon="2.1833333">
<ele>-1.18</ele>
<time>2025-10-02T17:48:07.000Z</time>
</trkpt>
<trkpt lat="41.3824717" lon="2.1834733">
<ele>-0.15</ele>
<time>2025-10-02T17:48:26.000Z</time>
</trkpt>
<trkpt lat="41.3823883" lon="2.1837133">
<ele>4.52</ele>
<time>2025-10-02T17:48:38.000Z</time>
</trkpt>
<trkpt lat="41.3825900" lon="2.1836567">
<ele>1.96</ele>
<time>2025-10-02T17:49:36.000Z</time>
</trkpt>
<trkpt lat="41.3827583" lon="2.1837933">
<ele>6.85</ele>
<time>2025-10-02T17:49:39.000Z</time>
</trkpt>
<trkpt lat="41.3828817" lon="2.1839717">
<ele>4.14</ele>
<time>2025-10-02T17:49:53.000Z</time>
</trkpt>
<trkpt lat="41.3830633" lon="2.1839533">
<ele>-0.66</ele>
<time>2025-10-02T17:50:05.000Z</time>
</trkpt>
<trkpt lat="41.3832500" lon="2.1840333">
<ele>-4.01</ele>
<time>2025-10-02T17:50:16.000Z</time>
</trkpt>
<trkpt lat="41.3834267" lon="2.1841600">
<ele>-2.35</ele>
<time>2025-10-02T17:50:22.000Z</time>
</trkpt>
<trkpt lat="41.3835867" lon="2.1842917">
<ele>1.93</ele>
<time>2025-10-02T17:50:30.000Z</time>
</trkpt>
<trkpt lat="41.3837633" lon="2.1844383">
<ele>3.28</ele>
<time>2025-10-02T17:50:35.000Z</time>
</trkpt>
<trkpt lat="41.3839283" lon="2.1845950">
<ele>4.63</ele>
<time>2025-10-02T17:50:40.000Z</time>
</trkpt>
<trkpt lat="41.3840533" lon="2.1847883">
<ele>4.93</ele>
<time>2025-10-02T17:50:44.000Z</time>
</trkpt>
<trkpt lat="41.3841917" lon="2.1849733">
<ele>4.10</ele>
<time>2025-10-02T17:50:49.000Z</time>
</trkpt>
<trkpt lat="41.3843483" lon="2.1851067">
<ele>-3.12</ele>
<time>2025-10-02T17:50:56.000Z</time>
</trkpt>
<trkpt lat="41.3845050" lon="2.1849717">
<ele>-1.27</ele>
<time>2025-10-02T17:51:10.000Z</time>
</trkpt>
<trkpt lat="41.3847000" lon="2.1849883">
<ele>1.72</ele>
<time>2025-10-02T17:51:14.000Z</time>
</trkpt>
<trkpt lat="41.3849117" lon="2.1851667">
<ele>7.19</ele>
<time>2025-10-02T17:51:18.000Z</time>
</trkpt>
<trkpt lat="41.3850933" lon="2.1853333">
<ele>11.29</ele>
<time>2025-10-02T17:51:22.000Z</time>
</trkpt>
<trkpt lat="41.3852600" lon="2.1854767">
<ele>12.34</ele>
<time>2025-10-02T17:51:26.000Z</time>
</trkpt>
<trkpt lat="41.3854700" lon="2.1855767">
<ele>10.38</ele>
<time>2025-10-02T17:51:30.000Z</time>
</trkpt>
<trkpt lat="41.3856483" lon="2.1856350">
<ele>8.97</ele>
<time>2025-10-02T17:51:52.000Z</time>
</trkpt>
<trkpt lat="41.3858350" lon="2.1857483">
<ele>8.18</ele>
<time>2025-10-02T17:52:11.000Z</time>
</trkpt>
<trkpt lat="41.3860017" lon="2.1855517">
<ele>9.11</ele>
<time>2025-10-02T17:52:17.000Z</time>
</trkpt>
<trkpt lat="41.3861483" lon="2.1853550">
<ele>10.53</ele>
<time>2025-10-02T17:52:21.000Z</time>
</trkpt>
<trkpt lat="41.3863117" lon="2.1851567">
<ele>12.26</ele>
<time>2025-10-02T17:52:25.000Z</time>
</trkpt>
<trkpt lat="41.3864533" lon="2.1849500">
<ele>8.95</ele>
<time>2025-10-02T17:52:29.000Z</time>
</trkpt>
<trkpt lat="41.3865433" lon="2.1847183">
<ele>5.21</ele>
<time>2025-10-02T17:52:34.000Z</time>
</trkpt>
<trkpt lat="41.3866800" lon="2.1845600">
<ele>1.24</ele>
<time>2025-10-02T17:52:38.000Z</time>
</trkpt>
<trkpt lat="41.3868100" lon="2.1843433">
<ele>0.14</ele>
<time>2025-10-02T17:52:42.000Z</time>
</trkpt>
<trkpt lat="41.3869417" lon="2.1841767">
<ele>1.29</ele>
<time>2025-10-02T17:52:45.000Z</time>
</trkpt>
<trkpt lat="41.3871117" lon="2.1839600">
<ele>1.12</ele>
<time>2025-10-02T17:52:49.000Z</time>
</trkpt>
<trkpt lat="41.3872883" lon="2.1837450">
<ele>0.64</ele>
<time>2025-10-02T17:52:53.000Z</time>
</trkpt>
<trkpt lat="41.3874467" lon="2.1835683">
<ele>-1.08</ele>
<time>2025-10-02T17:52:56.000Z</time>
</trkpt>
<trkpt lat="41.3876133" lon="2.1833917">
<ele>-2.60</ele>
<time>2025-10-02T17:53:00.000Z</time>
</trkpt>
<trkpt lat="41.3878067" lon="2.1832950">
<ele>-4.62</ele>
<time>2025-10-02T17:53:05.000Z</time>
</trkpt>
<trkpt lat="41.3879583" lon="2.1831450">
<ele>-5.70</ele>
<time>2025-10-02T17:53:09.000Z</time>
</trkpt>
<trkpt lat="41.3881083" lon="2.1829267">
<ele>-4.10</ele>
<time>2025-10-02T17:53:13.000Z</time>
</trkpt>
<trkpt lat="41.3882433" lon="2.1827633">
<ele>-1.85</ele>
<time>2025-10-02T17:53:19.000Z</time>
</trkpt>
<trkpt lat="41.3883783" lon="2.1829483">
<ele>-2.88</ele>
<time>2025-10-02T17:53:28.000Z</time>
</trkpt>
<trkpt lat="41.3885083" lon="2.1831233">
<ele>-0.24</ele>
<time>2025-10-02T17:53:35.000Z</time>
</trkpt>
<trkpt lat="41.3886567" lon="2.1833117">
<ele>-1.47</ele>
<time>2025-10-02T17:53:41.000Z</time>
</trkpt>
<trkpt lat="41.3887783" lon="2.1835233">
<ele>3.89</ele>
<time>2025-10-02T17:53:48.000Z</time>
</trkpt>
<trkpt lat="41.3889367" lon="2.1836983">
<ele>9.30</ele>
<time>2025-10-02T17:53:55.000Z</time>
</trkpt>
<trkpt lat="41.3891000" lon="2.1838700">
<ele>12.77</ele>
<time>2025-10-02T17:54:00.000Z</time>
</trkpt>
<trkpt lat="41.3892567" lon="2.1840083">
<ele>11.14</ele>
<time>2025-10-02T17:54:06.000Z</time>
</trkpt>
<trkpt lat="41.3894433" lon="2.1840517">
<ele>11.50</ele>
<time>2025-10-02T17:54:15.000Z</time>
</trkpt>
<trkpt lat="41.3895933" lon="2.1842583">
<ele>10.52</ele>
<time>2025-10-02T17:54:20.000Z</time>
</trkpt>
<trkpt lat="41.3897233" lon="2.1844467">
<ele>7.74</ele>
<time>2025-10-02T17:54:25.000Z</time>
</trkpt>
<trkpt lat="41.3898500" lon="2.1846183">
<ele>6.03</ele>
<time>2025-10-02T17:54:30.000Z</time>
</trkpt>
<trkpt lat="41.3899967" lon="2.1847850">
<ele>6.62</ele>
<time>2025-10-02T17:54:36.000Z</time>
</trkpt>
<trkpt lat="41.3901283" lon="2.1849550">
<ele>6.92</ele>
<time>2025-10-02T17:54:41.000Z</time>
</trkpt>
<trkpt lat="41.3902567" lon="2.1851533">
<ele>11.73</ele>
<time>2025-10-02T17:54:47.000Z</time>
</trkpt>
<trkpt lat="41.3903867" lon="2.1853333">
<ele>8.24</ele>
<time>2025-10-02T17:54:53.000Z</time>
</trkpt>
<trkpt lat="41.3905250" lon="2.1855133">
<ele>6.04</ele>
<time>2025-10-02T17:54:59.000Z</time>
</trkpt>
<trkpt lat="41.3906717" lon="2.1856667">
<ele>4.48</ele>
<time>2025-10-02T17:55:04.000Z</time>
</trkpt>
<trkpt lat="41.3908050" lon="2.1858383">
<ele>6.32</ele>
<time>2025-10-02T17:55:10.000Z</time>
</trkpt>
<trkpt lat="41.3909800" lon="2.1860383">
<ele>7.78</ele>
<time>2025-10-02T17:55:15.000Z</time>
</trkpt>
<trkpt lat="41.3911383" lon="2.1862283">
<ele>8.12</ele>
<time>2025-10-02T17:55:18.000Z</time>
</trkpt>
<trkpt lat="41.3912767" lon="2.1864450">
<ele>9.33</ele>
<time>2025-10-02T17:55:21.000Z</time>
</trkpt>
<trkpt lat="41.3914267" lon="2.1866717">
<ele>7.35</ele>
<time>2025-10-02T17:55:25.000Z</time>
</trkpt>
<trkpt lat="41.3915533" lon="2.1868467">
<ele>4.53</ele>
<time>2025-10-02T17:55:29.000Z</time>
</trkpt>
<trkpt lat="41.3917017" lon="2.1869867">
<ele>0.97</ele>
<time>2025-10-02T17:55:34.000Z</time>
</trkpt>
<trkpt lat="41.3918983" lon="2.1870000">
<ele>0.12</ele>
<time>2025-10-02T17:55:38.000Z</time>
</trkpt>
<trkpt lat="41.3920867" lon="2.1870200">
<ele>-0.38</ele>
<time>2025-10-02T17:55:41.000Z</time>
</trkpt>
<trkpt lat="41.3922883" lon="2.1870467">
<ele>-1.14</ele>
<time>2025-10-02T17:55:44.000Z</time>
</trkpt>
<trkpt lat="41.3924800" lon="2.1870583">
<ele>-1.95</ele>
<time>2025-10-02T17:55:47.000Z</time>
</trkpt>
<trkpt lat="41.3927017" lon="2.1870917">
<ele>-2.61</ele>
<time>2025-10-02T17:55:51.000Z</time>
</trkpt>
<trkpt lat="41.3928833" lon="2.1870633">
<ele>0.62</ele>
<time>2025-10-02T17:55:55.000Z</time>
</trkpt>
<trkpt lat="41.3931067" lon="2.1870100">
<ele>2.29</ele>
<time>2025-10-02T17:55:59.000Z</time>
</trkpt>
<trkpt lat="41.3933217" lon="2.1869933">
<ele>1.12</ele>
<time>2025-10-02T17:56:03.000Z</time>
</trkpt>
<trkpt lat="41.3935050" lon="2.1870050">
<ele>4.09</ele>
<time>2025-10-02T17:56:07.000Z</time>
</trkpt>
<trkpt lat="41.3937467" lon="2.1870133">
<ele>6.18</ele>
<time>2025-10-02T17:56:11.000Z</time>
</trkpt>
<trkpt lat="41.3939783" lon="2.1870000">
<ele>5.73</ele>
<time>2025-10-02T17:56:14.000Z</time>
</trkpt>
<trkpt lat="41.3941683" lon="2.1870133">
<ele>5.08</ele>
<time>2025-10-02T17:56:17.000Z</time>
</trkpt>
<trkpt lat="41.3943533" lon="2.1870083">
<ele>6.04</ele>
<time>2025-10-02T17:56:25.000Z</time>
</trkpt>
<trkpt lat="41.3945367" lon="2.1869667">
<ele>7.26</ele>
<time>2025-10-02T17:56:30.000Z</time>
</trkpt>
<trkpt lat="41.3947450" lon="2.1870300">
<ele>8.80</ele>
<time>2025-10-02T17:56:36.000Z</time>
</trkpt>
<trkpt lat="41.3949350" lon="2.1870000">
<ele>8.91</ele>
<time>2025-10-02T17:56:42.000Z</time>
</trkpt>
<trkpt lat="41.3950383" lon="2.1867450">
<ele>16.41</ele>
<time>2025-10-02T17:56:53.000Z</time>
</trkpt>
<trkpt lat="41.3951583" lon="2.1865100">
<ele>16.26</ele>
<time>2025-10-02T17:56:58.000Z</time>
</trkpt>
<trkpt lat="41.3953050" lon="2.1862517">
<ele>15.51</ele>
<time>2025-10-02T17:57:03.000Z</time>
</trkpt>
<trkpt lat="41.3954350" lon="2.1860483">
<ele>13.49</ele>
<time>2025-10-02T17:57:06.000Z</time>
</trkpt>
<trkpt lat="41.3955683" lon="2.1858683">
<ele>11.61</ele>
<time>2025-10-02T17:57:09.000Z</time>
</trkpt>
<trkpt lat="41.3956933" lon="2.1856933">
<ele>10.63</ele>
<time>2025-10-02T17:57:12.000Z</time>
</trkpt>
<trkpt lat="41.3958167" lon="2.1855083">
<ele>8.16</ele>
<time>2025-10-02T17:57:15.000Z</time>
</trkpt>
<trkpt lat="41.3959567" lon="2.1853367">
<ele>7.95</ele>
<time>2025-10-02T17:57:18.000Z</time>
</trkpt>
<trkpt lat="41.3961033" lon="2.1851750">
<ele>7.12</ele>
<time>2025-10-02T17:57:21.000Z</time>
</trkpt>
<trkpt lat="41.3962617" lon="2.1849817">
<ele>5.56</ele>
<time>2025-10-02T17:57:25.000Z</time>
</trkpt>
<trkpt lat="41.3964183" lon="2.1848167">
<ele>5.35</ele>
<time>2025-10-02T17:57:28.000Z</time>
</trkpt>
<trkpt lat="41.3965667" lon="2.1846217">
<ele>6.47</ele>
<time>2025-10-02T17:57:31.000Z</time>
</trkpt>
<trkpt lat="41.3967150" lon="2.1844317">
<ele>6.27</ele>
<time>2025-10-02T17:57:34.000Z</time>
</trkpt>
<trkpt lat="41.3968550" lon="2.1842633">
<ele>6.44</ele>
<time>2025-10-02T17:57:37.000Z</time>
</trkpt>
<trkpt lat="41.3970250" lon="2.1840633">
<ele>8.23</ele>
<time>2025-10-02T17:57:41.000Z</time>
</trkpt>
<trkpt lat="41.3971667" lon="2.1838600">
<ele>9.56</ele>
<time>2025-10-02T17:57:45.000Z</time>
</trkpt>
<trkpt lat="41.3973150" lon="2.1836883">
<ele>11.97</ele>
<time>2025-10-02T17:57:55.000Z</time>
</trkpt>
<trkpt lat="41.3974333" lon="2.1834467">
<ele>11.84</ele>
<time>2025-10-02T17:57:59.000Z</time>
</trkpt>
<trkpt lat="41.3974900" lon="2.1831683">
<ele>12.00</ele>
<time>2025-10-02T17:58:05.000Z</time>
</trkpt>
<trkpt lat="41.3976067" lon="2.1829833">
<ele>12.00</ele>
<time>2025-10-02T17:58:09.000Z</time>
</trkpt>
<trkpt lat="41.3977900" lon="2.1828200">
<ele>12.58</ele>
<time>2025-10-02T17:58:14.000Z</time>
</trkpt>
<trkpt lat="41.3979217" lon="2.1826367">
<ele>13.51</ele>
<time>2025-10-02T17:58:19.000Z</time>
</trkpt>
<trkpt lat="41.3980817" lon="2.1824433">
<ele>11.89</ele>
<time>2025-10-02T17:58:24.000Z</time>
</trkpt>
<trkpt lat="41.3982217" lon="2.1822550">
<ele>11.68</ele>
<time>2025-10-02T17:58:28.000Z</time>
</trkpt>
<trkpt lat="41.3983350" lon="2.1820467">
<ele>12.40</ele>
<time>2025-10-02T17:58:32.000Z</time>
</trkpt>
<trkpt lat="41.3984867" lon="2.1818333">
<ele>13.18</ele>
<time>2025-10-02T17:58:36.000Z</time>
</trkpt>
<trkpt lat="41.3986533" lon="2.1816483">
<ele>12.24</ele>
<time>2025-10-02T17:58:40.000Z</time>
</trkpt>
<trkpt lat="41.3988133" lon="2.1814633">
<ele>12.32</ele>
<time>2025-10-02T17:58:45.000Z</time>
</trkpt>
<trkpt lat="41.3989667" lon="2.1812733">
<ele>13.61</ele>
<time>2025-10-02T17:58:50.000Z</time>
</trkpt>
<trkpt lat="41.3990950" lon="2.1811033">
<ele>14.16</ele>
<time>2025-10-02T17:58:55.000Z</time>
</trkpt>
<trkpt lat="41.3992267" lon="2.1809200">
<ele>10.36</ele>
<time>2025-10-02T17:59:02.000Z</time>
</trkpt>
<trkpt lat="41.3993767" lon="2.1807067">
<ele>9.62</ele>
<time>2025-10-02T17:59:07.000Z</time>
</trkpt>
<trkpt lat="41.3995333" lon="2.1805017">
<ele>11.03</ele>
<time>2025-10-02T17:59:11.000Z</time>
</trkpt>
<trkpt lat="41.3997067" lon="2.1802867">
<ele>12.03</ele>
<time>2025-10-02T17:59:15.000Z</time>
</trkpt>
<trkpt lat="41.3998433" lon="2.1800967">
<ele>13.00</ele>
<time>2025-10-02T17:59:19.000Z</time>
</trkpt>
<trkpt lat="41.3999950" lon="2.1799267">
<ele>14.26</ele>
<time>2025-10-02T17:59:25.000Z</time>
</trkpt>
<trkpt lat="41.4001517" lon="2.1797883">
<ele>13.71</ele>
<time>2025-10-02T17:59:31.000Z</time>
</trkpt>
<trkpt lat="41.4002783" lon="2.1796083">
<ele>15.68</ele>
<time>2025-10-02T17:59:34.000Z</time>
</trkpt>
<trkpt lat="41.4004350" lon="2.1794333">
<ele>15.83</ele>
<time>2025-10-02T17:59:37.000Z</time>
</trkpt>
<trkpt lat="41.4006100" lon="2.1792367">
<ele>17.17</ele>
<time>2025-10-02T17:59:41.000Z</time>
</trkpt>
<trkpt lat="41.4007600" lon="2.1790583">
<ele>18.07</ele>
<time>2025-10-02T17:59:46.000Z</time>
</trkpt>
<trkpt lat="41.4008900" lon="2.1788867">
<ele>20.75</ele>
<time>2025-10-02T17:59:54.000Z</time>
</trkpt>
<trkpt lat="41.4010367" lon="2.1787067">
<ele>22.13</ele>
<time>2025-10-02T17:59:58.000Z</time>
</trkpt>
<trkpt lat="41.4011850" lon="2.1785583">
<ele>24.20</ele>
<time>2025-10-02T18:00:01.000Z</time>
</trkpt>
<trkpt lat="41.4013500" lon="2.1783567">
<ele>24.65</ele>
<time>2025-10-02T18:00:05.000Z</time>
</trkpt>
<trkpt lat="41.4015033" lon="2.1781917">
<ele>23.02</ele>
<time>2025-10-02T18:00:08.000Z</time>
</trkpt>
<trkpt lat="41.4016667" lon="2.1780267">
<ele>20.95</ele>
<time>2025-10-02T18:00:11.000Z</time>
</trkpt>
<trkpt lat="41.4018083" lon="2.1778633">
<ele>18.28</ele>
<time>2025-10-02T18:00:14.000Z</time>
</trkpt>
<trkpt lat="41.4019700" lon="2.1776950">
<ele>14.89</ele>
<time>2025-10-02T18:00:17.000Z</time>
</trkpt>
<trkpt lat="41.4021250" lon="2.1775150">
<ele>15.22</ele>
<time>2025-10-02T18:00:20.000Z</time>
</trkpt>
<trkpt lat="41.4022850" lon="2.1773800">
<ele>15.70</ele>
<time>2025-10-02T18:00:23.000Z</time>
</trkpt>
<trkpt lat="41.4024767" lon="2.1772967">
<ele>15.76</ele>
<time>2025-10-02T18:00:26.000Z</time>
</trkpt>
<trkpt lat="41.4026300" lon="2.1771450">
<ele>17.09</ele>
<time>2025-10-02T18:00:29.000Z</time>
</trkpt>
<trkpt lat="41.4027567" lon="2.1769533">
<ele>17.06</ele>
<time>2025-10-02T18:00:34.000Z</time>
</trkpt>
<trkpt lat="41.4028067" lon="2.1766983">
<ele>25.76</ele>
<time>2025-10-02T18:01:14.000Z</time>
</trkpt>
<trkpt lat="41.4029367" lon="2.1764783">
<ele>27.31</ele>
<time>2025-10-02T18:01:19.000Z</time>
</trkpt>
<trkpt lat="41.4030983" lon="2.1763317">
<ele>27.58</ele>
<time>2025-10-02T18:01:23.000Z</time>
</trkpt>
<trkpt lat="41.4033433" lon="2.1763000">
<ele>30.31</ele>
<time>2025-10-02T18:01:27.000Z</time>
</trkpt>
<trkpt lat="41.4035167" lon="2.1761783">
<ele>30.37</ele>
<time>2025-10-02T18:01:32.000Z</time>
</trkpt>
<trkpt lat="41.4036150" lon="2.1759517">
<ele>30.12</ele>
<time>2025-10-02T18:01:39.000Z</time>
</trkpt>
<trkpt lat="41.4035667" lon="2.1757183">
<ele>33.73</ele>
<time>2025-10-02T18:01:43.000Z</time>
</trkpt>
<trkpt lat="41.4035400" lon="2.1754700">
<ele>30.29</ele>
<time>2025-10-02T18:01:49.000Z</time>
</trkpt>
<trkpt lat="41.4037217" lon="2.1754017">
<ele>33.05</ele>
<time>2025-10-02T18:02:01.000Z</time>
</trkpt>
<trkpt lat="41.4039033" lon="2.1752417">
<ele>31.30</ele>
<time>2025-10-02T18:02:06.000Z</time>
</trkpt>
<trkpt lat="41.4040650" lon="2.1749967">
<ele>26.45</ele>
<time>2025-10-02T18:02:10.000Z</time>
</trkpt>
<trkpt lat="41.4041917" lon="2.1748117">
<ele>25.31</ele>
<time>2025-10-02T18:02:13.000Z</time>
</trkpt>
<trkpt lat="41.4043333" lon="2.1746133">
<ele>24.88</ele>
<time>2025-10-02T18:02:17.000Z</time>
</trkpt>
<trkpt lat="41.4043783" lon="2.1743733">
<ele>28.47</ele>
<time>2025-10-02T18:02:23.000Z</time>
</trkpt>
<trkpt lat="41.4045800" lon="2.1743200">
<ele>32.15</ele>
<time>2025-10-02T18:02:33.000Z</time>
</trkpt>
<trkpt lat="41.4047433" lon="2.1741400">
<ele>32.75</ele>
<time>2025-10-02T18:02:39.000Z</time>
</trkpt>
<trkpt lat="41.4049150" lon="2.1739517">
<ele>33.03</ele>
<time>2025-10-02T18:02:43.000Z</time>
</trkpt>
<trkpt lat="41.4050733" lon="2.1738067">
<ele>32.86</ele>
<time>2025-10-02T18:02:46.000Z</time>
</trkpt>
<trkpt lat="41.4052550" lon="2.1737183">
<ele>32.07</ele>
<time>2025-10-02T18:02:51.000Z</time>
</trkpt>
<trkpt lat="41.4052917" lon="2.1734650">
<ele>32.33</ele>
<time>2025-10-02T18:03:00.000Z</time>
</trkpt>
<trkpt lat="41.4054150" lon="2.1732417">
<ele>37.14</ele>
<time>2025-10-02T18:03:31.000Z</time>
</trkpt>
<trkpt lat="41.4055650" lon="2.1730600">
<ele>38.96</ele>
<time>2025-10-02T18:03:35.000Z</time>
</trkpt>
<trkpt lat="41.4057717" lon="2.1728900">
<ele>41.42</ele>
<time>2025-10-02T18:03:39.000Z</time>
</trkpt>
<trkpt lat="41.4059433" lon="2.1727600">
<ele>42.55</ele>
<time>2025-10-02T18:03:42.000Z</time>
</trkpt>
<trkpt lat="41.4061017" lon="2.1726100">
<ele>43.12</ele>
<time>2025-10-02T18:03:46.000Z</time>
</trkpt>
<trkpt lat="41.4061583" lon="2.1723800">
<ele>43.20</ele>
<time>2025-10-02T18:03:51.000Z</time>
</trkpt>
<trkpt lat="41.4062917" lon="2.1721833">
<ele>38.85</ele>
<time>2025-10-02T18:04:19.000Z</time>
</trkpt>
<trkpt lat="41.4064250" lon="2.1719717">
<ele>39.12</ele>
<time>2025-10-02T18:04:23.000Z</time>
</trkpt>
<trkpt lat="41.4065700" lon="2.1718200">
<ele>39.46</ele>
<time>2025-10-02T18:04:26.000Z</time>
</trkpt>
<trkpt lat="41.4067267" lon="2.1716750">
<ele>40.29</ele>
<time>2025-10-02T18:04:29.000Z</time>
</trkpt>
<trkpt lat="41.4069267" lon="2.1715100">
<ele>40.93</ele>
<time>2025-10-02T18:04:33.000Z</time>
</trkpt>
<trkpt lat="41.4070533" lon="2.1713233">
<ele>41.16</ele>
<time>2025-10-02T18:04:38.000Z</time>
</trkpt>
<trkpt lat="41.4071050" lon="2.1710850">
<ele>42.45</ele>
<time>2025-10-02T18:04:43.000Z</time>
</trkpt>
<trkpt lat="41.4072517" lon="2.1708450">
<ele>44.55</ele>
<time>2025-10-02T18:04:47.000Z</time>
</trkpt>
<trkpt lat="41.4074117" lon="2.1706083">
<ele>46.77</ele>
<time>2025-10-02T18:04:51.000Z</time>
</trkpt>
<trkpt lat="41.4075300" lon="2.1704217">
<ele>47.85</ele>
<time>2025-10-02T18:04:54.000Z</time>
</trkpt>
<trkpt lat="41.4076783" lon="2.1702700">
<ele>48.94</ele>
<time>2025-10-02T18:04:57.000Z</time>
</trkpt>
<trkpt lat="41.4078183" lon="2.1701067">
<ele>50.53</ele>
<time>2025-10-02T18:05:03.000Z</time>
</trkpt>
<trkpt lat="41.4079350" lon="2.1699050">
<ele>51.24</ele>
<time>2025-10-02T18:05:25.000Z</time>
</trkpt>
<trkpt lat="41.4080850" lon="2.1697200">
<ele>53.62</ele>
<time>2025-10-02T18:05:29.000Z</time>
</trkpt>
<trkpt lat="41.4082683" lon="2.1695633">
<ele>56.81</ele>
<time>2025-10-02T18:05:33.000Z</time>
</trkpt>
<trkpt lat="41.4084183" lon="2.1693750">
<ele>56.72</ele>
<time>2025-10-02T18:05:37.000Z</time>
</trkpt>
<trkpt lat="41.4085750" lon="2.1692100">
<ele>56.99</ele>
<time>2025-10-02T18:05:42.000Z</time>
</trkpt>
<trkpt lat="41.4087217" lon="2.1690067">
<ele>59.52</ele>
<time>2025-10-02T18:05:46.000Z</time>
</trkpt>
<trkpt lat="41.4088183" lon="2.1687867">
<ele>60.80</ele>
<time>2025-10-02T18:05:49.000Z</time>
</trkpt>
<trkpt lat="41.4089767" lon="2.1685417">
<ele>61.29</ele>
<time>2025-10-02T18:05:53.000Z</time>
</trkpt>
<trkpt lat="41.4091333" lon="2.1683017">
<ele>61.36</ele>
<time>2025-10-02T18:05:57.000Z</time>
</trkpt>
<trkpt lat="41.4093017" lon="2.1680867">
<ele>63.09</ele>
<time>2025-10-02T18:06:01.000Z</time>
</trkpt>
<trkpt lat="41.4094467" lon="2.1678750">
<ele>64.75</ele>
<time>2025-10-02T18:06:05.000Z</time>
</trkpt>
<trkpt lat="41.4096083" lon="2.1676917">
<ele>65.37</ele>
<time>2025-10-02T18:06:09.000Z</time>
</trkpt>
<trkpt lat="41.4097767" lon="2.1674950">
<ele>67.75</ele>
<time>2025-10-02T18:06:13.000Z</time>
</trkpt>
<trkpt lat="41.4099333" lon="2.1673233">
<ele>68.82</ele>
<time>2025-10-02T18:06:16.000Z</time>
</trkpt>
<trkpt lat="41.4100917" lon="2.1670867">
<ele>69.90</ele>
<time>2025-10-02T18:06:20.000Z</time>
</trkpt>
<trkpt lat="41.4103083" lon="2.1669333">
<ele>74.38</ele>
<time>2025-10-02T18:06:24.000Z</time>
</trkpt>
<trkpt lat="41.4104700" lon="2.1667867">
<ele>76.99</ele>
<time>2025-10-02T18:06:28.000Z</time>
</trkpt>
<trkpt lat="41.4105950" lon="2.1665783">
<ele>83.93</ele>
<time>2025-10-02T18:06:35.000Z</time>
</trkpt>
<trkpt lat="41.4107167" lon="2.1663817">
<ele>85.63</ele>
<time>2025-10-02T18:06:39.000Z</time>
</trkpt>
<trkpt lat="41.4108717" lon="2.1661500">
<ele>86.81</ele>
<time>2025-10-02T18:06:43.000Z</time>
</trkpt>
<trkpt lat="41.4110217" lon="2.1659450">
<ele>88.75</ele>
<time>2025-10-02T18:06:47.000Z</time>
</trkpt>
<trkpt lat="41.4111850" lon="2.1657250">
<ele>91.56</ele>
<time>2025-10-02T18:06:51.000Z</time>
</trkpt>
<trkpt lat="41.4113967" lon="2.1655917">
<ele>94.18</ele>
<time>2025-10-02T18:06:54.000Z</time>
</trkpt>
<trkpt lat="41.4115433" lon="2.1653967">
<ele>93.30</ele>
<time>2025-10-02T18:06:57.000Z</time>
</trkpt>
<trkpt lat="41.4116700" lon="2.1652050">
<ele>91.76</ele>
<time>2025-10-02T18:07:03.000Z</time>
</trkpt>
<trkpt lat="41.4118533" lon="2.1650917">
<ele>95.27</ele>
<time>2025-10-02T18:07:46.000Z</time>
</trkpt>
<trkpt lat="41.4120283" lon="2.1649117">
<ele>98.73</ele>
<time>2025-10-02T18:07:51.000Z</time>
</trkpt>
<trkpt lat="41.4122333" lon="2.1648317">
<ele>99.71</ele>
<time>2025-10-02T18:07:55.000Z</time>
</trkpt>
<trkpt lat="41.4124033" lon="2.1647167">
<ele>101.64</ele>
<time>2025-10-02T18:07:59.000Z</time>
</trkpt>
<trkpt lat="41.4125700" lon="2.1646083">
<ele>102.60</ele>
<time>2025-10-02T18:08:02.000Z</time>
</trkpt>
<trkpt lat="41.4127500" lon="2.1645167">
<ele>102.84</ele>
<time>2025-10-02T18:08:05.000Z</time>
</trkpt>
<trkpt lat="41.4129350" lon="2.1644467">
<ele>103.57</ele>
<time>2025-10-02T18:08:08.000Z</time>
</trkpt>
<trkpt lat="41.4131433" lon="2.1643250">
<ele>104.00</ele>
<time>2025-10-02T18:08:12.000Z</time>
</trkpt>
<trkpt lat="41.4133183" lon="2.1642000">
<ele>104.12</ele>
<time>2025-10-02T18:08:15.000Z</time>
</trkpt>
<trkpt lat="41.4134800" lon="2.1640717">
<ele>103.27</ele>
<time>2025-10-02T18:08:18.000Z</time>
</trkpt>
<trkpt lat="41.4136450" lon="2.1639433">
<ele>101.89</ele>
<time>2025-10-02T18:08:24.000Z</time>
</trkpt>
<trkpt lat="41.4137950" lon="2.1641367">
<ele>103.43</ele>
<time>2025-10-02T18:08:29.000Z</time>
</trkpt>
<trkpt lat="41.4139183" lon="2.1643367">
<ele>103.67</ele>
<time>2025-10-02T18:08:32.000Z</time>
</trkpt>
<trkpt lat="41.4140600" lon="2.1645767">
<ele>103.23</ele>
<time>2025-10-02T18:08:36.000Z</time>
</trkpt>
<trkpt lat="41.4142017" lon="2.1648217">
<ele>102.96</ele>
<time>2025-10-02T18:08:40.000Z</time>
</trkpt>
<trkpt lat="41.4143000" lon="2.1650767">
<ele>102.40</ele>
<time>2025-10-02T18:08:44.000Z</time>
</trkpt>
<trkpt lat="41.4144283" lon="2.1653200">
<ele>102.69</ele>
<time>2025-10-02T18:08:48.000Z</time>
</trkpt>
<trkpt lat="41.4145250" lon="2.1655467">
<ele>102.62</ele>
<time>2025-10-02T18:08:53.000Z</time>
</trkpt>
<extensions>
<om:oruxmapsextensions>
<om:ext type="NAME" subtype="0"><![CDATA[Segment: 10]]></om:ext>
</om:oruxmapsextensions>
</extensions>
</trkseg>
<trkseg>
<trkpt lat="41.4235267" lon="2.1433817">
<ele>172.58</ele>
<time>2025-10-03T15:49:29.518Z</time>
</trkpt>
<trkpt lat="41.4233517" lon="2.1433100">
<ele>145.05</ele>
<time>2025-10-03T15:49:39.527Z</time>
</trkpt>
<trkpt lat="41.4231717" lon="2.1433650">
<ele>156.09</ele>
<time>2025-10-03T15:50:00.000Z</time>
</trkpt>
<trkpt lat="41.4231233" lon="2.1431133">
<ele>152.91</ele>
<time>2025-10-03T15:50:20.000Z</time>
</trkpt>
<trkpt lat="41.4229450" lon="2.1430500">
<ele>157.79</ele>
<time>2025-10-03T15:50:36.000Z</time>
</trkpt>
<trkpt lat="41.4227800" lon="2.1431633">
<ele>160.46</ele>
<time>2025-10-03T15:50:49.000Z</time>
</trkpt>
<trkpt lat="41.4226033" lon="2.1432517">
<ele>156.62</ele>
<time>2025-10-03T15:51:04.000Z</time>
</trkpt>
<trkpt lat="41.4226550" lon="2.1434867">
<ele>152.83</ele>
<time>2025-10-03T15:51:21.000Z</time>
</trkpt>
<trkpt lat="41.4227300" lon="2.1437133">
<ele>149.75</ele>
<time>2025-10-03T15:51:34.000Z</time>
</trkpt>
<trkpt lat="41.4228267" lon="2.1439250">
<ele>146.23</ele>
<time>2025-10-03T15:51:47.000Z</time>
</trkpt>
<trkpt lat="41.4228800" lon="2.1441567">
<ele>142.02</ele>
<time>2025-10-03T15:52:02.000Z</time>
</trkpt>
<trkpt lat="41.4229533" lon="2.1443883">
<ele>139.37</ele>
<time>2025-10-03T15:52:14.000Z</time>
</trkpt>
<trkpt lat="41.4230250" lon="2.1446117">
<ele>140.43</ele>
<time>2025-10-03T15:52:27.000Z</time>
</trkpt>
<trkpt lat="41.4231000" lon="2.1448350">
<ele>137.97</ele>
<time>2025-10-03T15:52:37.000Z</time>
</trkpt>
<trkpt lat="41.4231917" lon="2.1450683">
<ele>131.95</ele>
<time>2025-10-03T15:52:50.000Z</time>
</trkpt>
<trkpt lat="41.4232933" lon="2.1452850">
<ele>125.96</ele>
<time>2025-10-03T15:53:01.000Z</time>
</trkpt>
<trkpt lat="41.4233867" lon="2.1455017">
<ele>122.45</ele>
<time>2025-10-03T15:53:16.000Z</time>
</trkpt>
<trkpt lat="41.4234767" lon="2.1457183">
<ele>128.34</ele>
<time>2025-10-03T15:53:28.000Z</time>
</trkpt>
<trkpt lat="41.4234417" lon="2.1459550">
<ele>131.25</ele>
<time>2025-10-03T15:53:46.000Z</time>
</trkpt>
<trkpt lat="41.4234283" lon="2.1462183">
<ele>129.18</ele>
<time>2025-10-03T15:53:56.000Z</time>
</trkpt>
<trkpt lat="41.4234217" lon="2.1464683">
<ele>126.61</ele>
<time>2025-10-03T15:54:07.000Z</time>
</trkpt>
<trkpt lat="41.4234150" lon="2.1467200">
<ele>125.56</ele>
<time>2025-10-03T15:54:22.000Z</time>
</trkpt>
<trkpt lat="41.4234083" lon="2.1469633">
<ele>129.43</ele>
<time>2025-10-03T15:54:38.000Z</time>
</trkpt>
<trkpt lat="41.4234033" lon="2.1472050">
<ele>141.18</ele>
<time>2025-10-03T15:54:53.000Z</time>
</trkpt>
<trkpt lat="41.4233967" lon="2.1474483">
<ele>145.65</ele>
<time>2025-10-03T15:55:06.000Z</time>
</trkpt>
<trkpt lat="41.4234633" lon="2.1476867">
<ele>147.01</ele>
<time>2025-10-03T15:55:18.000Z</time>
</trkpt>
<trkpt lat="41.4235300" lon="2.1479233">
<ele>149.92</ele>
<time>2025-10-03T15:55:33.000Z</time>
</trkpt>
<trkpt lat="41.4233750" lon="2.1480600">
<ele>150.10</ele>
<time>2025-10-03T15:55:54.000Z</time>
</trkpt>
<trkpt lat="41.4231950" lon="2.1480283">
<ele>150.68</ele>
<time>2025-10-03T15:56:04.000Z</time>
</trkpt>
<trkpt lat="41.4230350" lon="2.1478917">
<ele>156.47</ele>
<time>2025-10-03T15:56:17.000Z</time>
</trkpt>
<trkpt lat="41.4230050" lon="2.1481417">
<ele>158.36</ele>
<time>2025-10-03T15:56:36.000Z</time>
</trkpt>
<trkpt lat="41.4230483" lon="2.1483817">
<ele>161.23</ele>
<time>2025-10-03T15:56:47.000Z</time>
</trkpt>
<trkpt lat="41.4230683" lon="2.1486283">
<ele>163.46</ele>
<time>2025-10-03T15:57:04.000Z</time>
</trkpt>
<trkpt lat="41.4230167" lon="2.1488683">
<ele>166.19</ele>
<time>2025-10-03T15:57:19.000Z</time>
</trkpt>
<trkpt lat="41.4230250" lon="2.1491200">
<ele>169.70</ele>
<time>2025-10-03T15:57:38.000Z</time>
</trkpt>
<trkpt lat="41.4229450" lon="2.1493467">
<ele>173.16</ele>
<time>2025-10-03T15:57:49.000Z</time>
</trkpt>
<trkpt lat="41.4228717" lon="2.1495683">
<ele>179.44</ele>
<time>2025-10-03T15:58:02.000Z</time>
</trkpt>
<trkpt lat="41.4227700" lon="2.1497750">
<ele>189.65</ele>
<time>2025-10-03T15:58:23.000Z</time>
</trkpt>
<trkpt lat="41.4226617" lon="2.1499717">
<ele>189.42</ele>
<time>2025-10-03T15:58:35.000Z</time>
</trkpt>
<trkpt lat="41.4225117" lon="2.1501217">
<ele>185.32</ele>
<time>2025-10-03T15:58:52.000Z</time>
</trkpt>
<trkpt lat="41.4223283" lon="2.1502250">
<ele>183.34</ele>
<time>2025-10-03T15:59:03.000Z</time>
</trkpt>
<trkpt lat="41.4221400" lon="2.1502883">
<ele>182.25</ele>
<time>2025-10-03T15:59:20.000Z</time>
</trkpt>
<trkpt lat="41.4219650" lon="2.1503950">
<ele>183.09</ele>
<time>2025-10-03T15:59:34.000Z</time>
</trkpt>
<trkpt lat="41.4218600" lon="2.1506150">
<ele>179.34</ele>
<time>2025-10-03T15:59:44.000Z</time>
</trkpt>
<trkpt lat="41.4217483" lon="2.1508033">
<ele>176.80</ele>
<time>2025-10-03T15:59:56.000Z</time>
</trkpt>
<trkpt lat="41.4216500" lon="2.1510150">
<ele>172.80</ele>
<time>2025-10-03T16:00:11.000Z</time>
</trkpt>
<trkpt lat="41.4215850" lon="2.1512450">
<ele>169.71</ele>
<time>2025-10-03T16:00:22.000Z</time>
</trkpt>
<trkpt lat="41.4216017" lon="2.1514850">
<ele>175.75</ele>
<time>2025-10-03T16:00:35.000Z</time>
</trkpt>
<trkpt lat="41.4216217" lon="2.1517250">
<ele>169.79</ele>
<time>2025-10-03T16:00:49.000Z</time>
</trkpt>
<trkpt lat="41.4216433" lon="2.1519733">
<ele>168.02</ele>
<time>2025-10-03T16:01:03.000Z</time>
</trkpt>
<trkpt lat="41.4216900" lon="2.1522050">
<ele>177.00</ele>
<time>2025-10-03T16:01:14.000Z</time>
</trkpt>
<trkpt lat="41.4217667" lon="2.1524250">
<ele>182.19</ele>
<time>2025-10-03T16:01:26.000Z</time>
</trkpt>
<trkpt lat="41.4218433" lon="2.1526550">
<ele>186.57</ele>
<time>2025-10-03T16:01:41.000Z</time>
</trkpt>
<trkpt lat="41.4219183" lon="2.1528767">
<ele>187.73</ele>
<time>2025-10-03T16:01:52.000Z</time>
</trkpt>
<trkpt lat="41.4219750" lon="2.1531083">
<ele>185.46</ele>
<time>2025-10-03T16:02:02.000Z</time>
</trkpt>
<trkpt lat="41.4219950" lon="2.1533483">
<ele>181.97</ele>
<time>2025-10-03T16:02:18.000Z</time>
</trkpt>
<trkpt lat="41.4219950" lon="2.1535983">
<ele>179.10</ele>
<time>2025-10-03T16:02:33.000Z</time>
</trkpt>
<trkpt lat="41.4219350" lon="2.1538367">
<ele>179.08</ele>
<time>2025-10-03T16:02:48.000Z</time>
</trkpt>
<trkpt lat="41.4217783" lon="2.1539950">
<ele>180.17</ele>
<time>2025-10-03T16:03:00.000Z</time>
</trkpt>
<trkpt lat="41.4216367" lon="2.1541567">
<ele>181.14</ele>
<time>2025-10-03T16:03:13.000Z</time>
</trkpt>
<trkpt lat="41.4214967" lon="2.1543183">
<ele>180.08</ele>
<time>2025-10-03T16:03:25.000Z</time>
</trkpt>
<trkpt lat="41.4213600" lon="2.1544817">
<ele>179.64</ele>
<time>2025-10-03T16:03:39.000Z</time>
</trkpt>
<trkpt lat="41.4212250" lon="2.1546483">
<ele>177.92</ele>
<time>2025-10-03T16:03:50.000Z</time>
</trkpt>
<trkpt lat="41.4210833" lon="2.1548167">
<ele>177.51</ele>
<time>2025-10-03T16:04:00.000Z</time>
</trkpt>
<trkpt lat="41.4209417" lon="2.1549767">
<ele>178.17</ele>
<time>2025-10-03T16:04:15.000Z</time>
</trkpt>
<trkpt lat="41.4208017" lon="2.1551433">
<ele>179.87</ele>
<time>2025-10-03T16:04:25.000Z</time>
</trkpt>
<trkpt lat="41.4207167" lon="2.1553750">
<ele>177.78</ele>
<time>2025-10-03T16:04:39.000Z</time>
</trkpt>
<trkpt lat="41.4207017" lon="2.1556283">
<ele>177.02</ele>
<time>2025-10-03T16:04:51.000Z</time>
</trkpt>
<trkpt lat="41.4207100" lon="2.1558700">
<ele>173.56</ele>
<time>2025-10-03T16:05:05.000Z</time>
</trkpt>
<trkpt lat="41.4206900" lon="2.1561100">
<ele>170.15</ele>
<time>2025-10-03T16:05:17.000Z</time>
</trkpt>
<trkpt lat="41.4206467" lon="2.1563517">
<ele>168.80</ele>
<time>2025-10-03T16:05:30.000Z</time>
</trkpt>
<trkpt lat="41.4206083" lon="2.1565900">
<ele>171.54</ele>
<time>2025-10-03T16:05:41.000Z</time>
</trkpt>
<trkpt lat="41.4205533" lon="2.1568267">
<ele>176.26</ele>
<time>2025-10-03T16:05:55.000Z</time>
</trkpt>
<trkpt lat="41.4203850" lon="2.1569217">
<ele>177.20</ele>
<time>2025-10-03T16:06:07.000Z</time>
</trkpt>
<trkpt lat="41.4202117" lon="2.1570133">
<ele>178.28</ele>
<time>2025-10-03T16:06:19.000Z</time>
</trkpt>
<trkpt lat="41.4200333" lon="2.1570667">
<ele>183.07</ele>
<time>2025-10-03T16:06:33.000Z</time>
</trkpt>
<trkpt lat="41.4198533" lon="2.1571117">
<ele>188.22</ele>
<time>2025-10-03T16:06:45.000Z</time>
</trkpt>
<trkpt lat="41.4196700" lon="2.1571517">
<ele>191.52</ele>
<time>2025-10-03T16:06:58.000Z</time>
</trkpt>
<trkpt lat="41.4194817" lon="2.1571833">
<ele>190.24</ele>
<time>2025-10-03T16:07:12.000Z</time>
</trkpt>
<trkpt lat="41.4192883" lon="2.1571917">
<ele>193.34</ele>
<time>2025-10-03T16:07:23.000Z</time>
</trkpt>
<trkpt lat="41.4191017" lon="2.1572217">
<ele>200.62</ele>
<time>2025-10-03T16:07:37.000Z</time>
</trkpt>
<trkpt lat="41.4189150" lon="2.1572433">
<ele>202.80</ele>
<time>2025-10-03T16:07:51.000Z</time>
</trkpt>
<trkpt lat="41.4187500" lon="2.1573483">
<ele>202.59</ele>
<time>2025-10-03T16:08:04.000Z</time>
</trkpt>
<trkpt lat="41.4185633" lon="2.1574067">
<ele>195.67</ele>
<time>2025-10-03T16:08:18.000Z</time>
</trkpt>
<trkpt lat="41.4183700" lon="2.1574583">
<ele>189.72</ele>
<time>2025-10-03T16:08:30.000Z</time>
</trkpt>
<trkpt lat="41.4181850" lon="2.1574150">
<ele>190.41</ele>
<time>2025-10-03T16:08:43.000Z</time>
</trkpt>
<trkpt lat="41.4180183" lon="2.1575133">
<ele>186.02</ele>
<time>2025-10-03T16:08:52.000Z</time>
</trkpt>
<trkpt lat="41.4178667" lon="2.1576667">
<ele>181.88</ele>
<time>2025-10-03T16:09:04.000Z</time>
</trkpt>
<trkpt lat="41.4177217" lon="2.1578217">
<ele>179.60</ele>
<time>2025-10-03T16:09:18.000Z</time>
</trkpt>
<trkpt lat="41.4175733" lon="2.1579750">
<ele>179.02</ele>
<time>2025-10-03T16:09:30.000Z</time>
</trkpt>
<trkpt lat="41.4174317" lon="2.1581333">
<ele>179.91</ele>
<time>2025-10-03T16:09:43.000Z</time>
</trkpt>
<trkpt lat="41.4172933" lon="2.1582883">
<ele>181.47</ele>
<time>2025-10-03T16:09:56.000Z</time>
</trkpt>
<trkpt lat="41.4171550" lon="2.1584417">
<ele>180.16</ele>
<time>2025-10-03T16:10:07.000Z</time>
</trkpt>
<trkpt lat="41.4170117" lon="2.1586117">
<ele>177.41</ele>
<time>2025-10-03T16:10:17.000Z</time>
</trkpt>
<trkpt lat="41.4168867" lon="2.1587967">
<ele>174.04</ele>
<time>2025-10-03T16:10:34.000Z</time>
</trkpt>
<trkpt lat="41.4167033" lon="2.1587200">
<ele>171.75</ele>
<time>2025-10-03T16:10:49.000Z</time>
</trkpt>
<trkpt lat="41.4165217" lon="2.1588033">
<ele>170.71</ele>
<time>2025-10-03T16:10:59.000Z</time>
</trkpt>
<trkpt lat="41.4164300" lon="2.1590183">
<ele>168.82</ele>
<time>2025-10-03T16:11:12.000Z</time>
</trkpt>
<trkpt lat="41.4164950" lon="2.1592467">
<ele>168.58</ele>
<time>2025-10-03T16:11:24.000Z</time>
</trkpt>
<trkpt lat="41.4165583" lon="2.1594750">
<ele>158.64</ele>
<time>2025-10-03T16:12:30.000Z</time>
</trkpt>
<trkpt lat="41.4167467" lon="2.1594933">
<ele>158.57</ele>
<time>2025-10-03T16:12:42.000Z</time>
</trkpt>
<trkpt lat="41.4169283" lon="2.1595800">
<ele>157.32</ele>
<time>2025-10-03T16:12:53.000Z</time>
</trkpt>
<trkpt lat="41.4170433" lon="2.1597767">
<ele>152.17</ele>
<time>2025-10-03T16:13:07.000Z</time>
</trkpt>
<trkpt lat="41.4171717" lon="2.1599750">
<ele>150.17</ele>
<time>2025-10-03T16:13:19.000Z</time>
</trkpt>
<trkpt lat="41.4170717" lon="2.1602083">
<ele>154.65</ele>
<time>2025-10-03T16:13:28.000Z</time>
</trkpt>
<trkpt lat="41.4169500" lon="2.1604067">
<ele>154.07</ele>
<time>2025-10-03T16:13:42.000Z</time>
</trkpt>
<trkpt lat="41.4167967" lon="2.1605483">
<ele>149.43</ele>
<time>2025-10-03T16:13:57.000Z</time>
</trkpt>
<trkpt lat="41.4166900" lon="2.1607683">
<ele>149.22</ele>
<time>2025-10-03T16:14:07.000Z</time>
</trkpt>
<trkpt lat="41.4166450" lon="2.1610250">
<ele>145.14</ele>
<time>2025-10-03T16:14:16.000Z</time>
</trkpt>
<trkpt lat="41.4167633" lon="2.1612083">
<ele>133.74</ele>
<time>2025-10-03T16:14:30.000Z</time>
</trkpt>
<trkpt lat="41.4168283" lon="2.1614367">
<ele>128.75</ele>
<time>2025-10-03T16:14:43.000Z</time>
</trkpt>
<trkpt lat="41.4169050" lon="2.1616683">
<ele>137.30</ele>
<time>2025-10-03T16:14:56.000Z</time>
</trkpt>
<trkpt lat="41.4170267" lon="2.1618600">
<ele>141.79</ele>
<time>2025-10-03T16:15:08.000Z</time>
</trkpt>
<trkpt lat="41.4171100" lon="2.1620850">
<ele>143.75</ele>
<time>2025-10-03T16:15:20.000Z</time>
</trkpt>
<trkpt lat="41.4171667" lon="2.1623233">
<ele>143.42</ele>
<time>2025-10-03T16:15:33.000Z</time>
</trkpt>
<trkpt lat="41.4170750" lon="2.1625383">
<ele>144.59</ele>
<time>2025-10-03T16:15:44.000Z</time>
</trkpt>
<trkpt lat="41.4168983" lon="2.1626283">
<ele>143.12</ele>
<time>2025-10-03T16:15:57.000Z</time>
</trkpt>
<trkpt lat="41.4167600" lon="2.1627850">
<ele>141.80</ele>
<time>2025-10-03T16:16:07.000Z</time>
</trkpt>
<trkpt lat="41.4166450" lon="2.1629750">
<ele>138.06</ele>
<time>2025-10-03T16:16:20.000Z</time>
</trkpt>
<trkpt lat="41.4164933" lon="2.1631317">
<ele>137.05</ele>
<time>2025-10-03T16:16:36.000Z</time>
</trkpt>
<trkpt lat="41.4163750" lon="2.1633133">
<ele>136.07</ele>
<time>2025-10-03T16:16:49.000Z</time>
</trkpt>
<trkpt lat="41.4162000" lon="2.1634367">
<ele>141.19</ele>
<time>2025-10-03T16:17:01.000Z</time>
</trkpt>
<trkpt lat="41.4160667" lon="2.1636283">
<ele>141.06</ele>
<time>2025-10-03T16:17:12.000Z</time>
</trkpt>
<trkpt lat="41.4159283" lon="2.1637983">
<ele>136.99</ele>
<time>2025-10-03T16:17:25.000Z</time>
</trkpt>
<trkpt lat="41.4157917" lon="2.1639683">
<ele>135.07</ele>
<time>2025-10-03T16:17:38.000Z</time>
</trkpt>
<trkpt lat="41.4156550" lon="2.1641383">
<ele>128.78</ele>
<time>2025-10-03T16:17:55.000Z</time>
</trkpt>
<trkpt lat="41.4155183" lon="2.1643067">
<ele>125.60</ele>
<time>2025-10-03T16:18:08.000Z</time>
</trkpt>
<trkpt lat="41.4154017" lon="2.1645000">
<ele>125.66</ele>
<time>2025-10-03T16:18:23.000Z</time>
</trkpt>
<trkpt lat="41.4153000" lon="2.1647117">
<ele>121.11</ele>
<time>2025-10-03T16:18:38.000Z</time>
</trkpt>
<extensions>
<om:oruxmapsextensions>
<om:ext type="NAME" subtype="0"><![CDATA[Segment: 11]]></om:ext>
</om:oruxmapsextensions>
</extensions>
</trkseg>
<trkseg>
<trkpt lat="41.4121667" lon="2.1652017">
<ele>78.37</ele>
<time>2025-10-03T16:48:04.000Z</time>
</trkpt>
<trkpt lat="41.4120933" lon="2.1649417">
<ele>75.09</ele>
<time>2025-10-03T16:48:23.000Z</time>
</trkpt>
<trkpt lat="41.4119133" lon="2.1650100">
<ele>74.70</ele>
<time>2025-10-03T16:48:33.000Z</time>
</trkpt>
<trkpt lat="41.4117900" lon="2.1652150">
<ele>75.15</ele>
<time>2025-10-03T16:48:52.000Z</time>
</trkpt>
<trkpt lat="41.4118033" lon="2.1654733">
<ele>75.17</ele>
<time>2025-10-03T16:48:55.000Z</time>
</trkpt>
<trkpt lat="41.4118517" lon="2.1657450">
<ele>75.17</ele>
<time>2025-10-03T16:48:58.000Z</time>
</trkpt>
<trkpt lat="41.4118950" lon="2.1660000">
<ele>75.25</ele>
<time>2025-10-03T16:49:01.000Z</time>
</trkpt>
<trkpt lat="41.4119267" lon="2.1662467">
<ele>74.99</ele>
<time>2025-10-03T16:49:04.000Z</time>
</trkpt>
<trkpt lat="41.4119800" lon="2.1664967">
<ele>75.33</ele>
<time>2025-10-03T16:49:10.000Z</time>
</trkpt>
<trkpt lat="41.4119817" lon="2.1667500">
<ele>74.76</ele>
<time>2025-10-03T16:49:15.000Z</time>
</trkpt>
<trkpt lat="41.4118117" lon="2.1669867">
<ele>74.66</ele>
<time>2025-10-03T16:49:19.000Z</time>
</trkpt>
<trkpt lat="41.4116450" lon="2.1671900">
<ele>73.89</ele>
<time>2025-10-03T16:49:22.000Z</time>
</trkpt>
<trkpt lat="41.4114650" lon="2.1674067">
<ele>73.02</ele>
<time>2025-10-03T16:49:25.000Z</time>
</trkpt>
<trkpt lat="41.4112933" lon="2.1676067">
<ele>72.89</ele>
<time>2025-10-03T16:49:28.000Z</time>
</trkpt>
<trkpt lat="41.4111250" lon="2.1677967">
<ele>72.36</ele>
<time>2025-10-03T16:49:31.000Z</time>
</trkpt>
<trkpt lat="41.4109733" lon="2.1679750">
<ele>71.92</ele>
<time>2025-10-03T16:49:34.000Z</time>
</trkpt>
<trkpt lat="41.4107967" lon="2.1681850">
<ele>71.32</ele>
<time>2025-10-03T16:49:38.000Z</time>
</trkpt>
<trkpt lat="41.4106700" lon="2.1684133">
<ele>66.40</ele>
<time>2025-10-03T16:49:50.000Z</time>
</trkpt>
<trkpt lat="41.4105317" lon="2.1686300">
<ele>64.01</ele>
<time>2025-10-03T16:49:54.000Z</time>
</trkpt>
<trkpt lat="41.4103617" lon="2.1688533">
<ele>64.12</ele>
<time>2025-10-03T16:49:57.000Z</time>
</trkpt>
<trkpt lat="41.4102200" lon="2.1691333">
<ele>64.42</ele>
<time>2025-10-03T16:50:00.000Z</time>
</trkpt>
<trkpt lat="41.4100200" lon="2.1693500">
<ele>64.21</ele>
<time>2025-10-03T16:50:03.000Z</time>
</trkpt>
<trkpt lat="41.4098183" lon="2.1695350">
<ele>62.13</ele>
<time>2025-10-03T16:50:06.000Z</time>
</trkpt>
<trkpt lat="41.4096533" lon="2.1697217">
<ele>59.90</ele>
<time>2025-10-03T16:50:09.000Z</time>
</trkpt>
<trkpt lat="41.4094817" lon="2.1698883">
<ele>57.25</ele>
<time>2025-10-03T16:50:13.000Z</time>
</trkpt>
<trkpt lat="41.4093633" lon="2.1701583">
<ele>53.87</ele>
<time>2025-10-03T16:50:46.000Z</time>
</trkpt>
<trkpt lat="41.4092067" lon="2.1703233">
<ele>55.18</ele>
<time>2025-10-03T16:50:49.000Z</time>
</trkpt>
<trkpt lat="41.4090350" lon="2.1705067">
<ele>54.78</ele>
<time>2025-10-03T16:50:52.000Z</time>
</trkpt>
<trkpt lat="41.4088367" lon="2.1706900">
<ele>53.12</ele>
<time>2025-10-03T16:50:55.000Z</time>
</trkpt>
<trkpt lat="41.4086533" lon="2.1708083">
<ele>55.97</ele>
<time>2025-10-03T16:50:58.000Z</time>
</trkpt>
<trkpt lat="41.4084483" lon="2.1710000">
<ele>56.83</ele>
<time>2025-10-03T16:51:02.000Z</time>
</trkpt>
<trkpt lat="41.4082533" lon="2.1712133">
<ele>56.81</ele>
<time>2025-10-03T16:51:05.000Z</time>
</trkpt>
<trkpt lat="41.4081567" lon="2.1714883">
<ele>56.23</ele>
<time>2025-10-03T16:51:08.000Z</time>
</trkpt>
<trkpt lat="41.4081467" lon="2.1717450">
<ele>54.64</ele>
<time>2025-10-03T16:51:11.000Z</time>
</trkpt>
<trkpt lat="41.4081100" lon="2.1719883">
<ele>44.28</ele>
<time>2025-10-03T16:51:19.000Z</time>
</trkpt>
<trkpt lat="41.4079067" lon="2.1722117">
<ele>45.49</ele>
<time>2025-10-03T16:51:23.000Z</time>
</trkpt>
<trkpt lat="41.4077233" lon="2.1723583">
<ele>45.02</ele>
<time>2025-10-03T16:51:26.000Z</time>
</trkpt>
<trkpt lat="41.4075450" lon="2.1725567">
<ele>46.06</ele>
<time>2025-10-03T16:51:29.000Z</time>
</trkpt>
<trkpt lat="41.4073050" lon="2.1727150">
<ele>45.88</ele>
<time>2025-10-03T16:51:32.000Z</time>
</trkpt>
<trkpt lat="41.4071033" lon="2.1728350">
<ele>46.43</ele>
<time>2025-10-03T16:51:35.000Z</time>
</trkpt>
<trkpt lat="41.4069117" lon="2.1730267">
<ele>45.64</ele>
<time>2025-10-03T16:51:38.000Z</time>
</trkpt>
<trkpt lat="41.4067450" lon="2.1732167">
<ele>45.23</ele>
<time>2025-10-03T16:51:41.000Z</time>
</trkpt>
<trkpt lat="41.4065800" lon="2.1734150">
<ele>46.25</ele>
<time>2025-10-03T16:51:44.000Z</time>
</trkpt>
<trkpt lat="41.4064167" lon="2.1735767">
<ele>47.45</ele>
<time>2025-10-03T16:51:47.000Z</time>
</trkpt>
<trkpt lat="41.4063667" lon="2.1739383">
<ele>44.06</ele>
<time>2025-10-03T16:51:50.000Z</time>
</trkpt>
<trkpt lat="41.4062600" lon="2.1741983">
<ele>39.02</ele>
<time>2025-10-03T16:52:27.000Z</time>
</trkpt>
<trkpt lat="41.4060767" lon="2.1741900">
<ele>38.90</ele>
<time>2025-10-03T16:52:31.000Z</time>
</trkpt>
<trkpt lat="41.4058683" lon="2.1742550">
<ele>39.52</ele>
<time>2025-10-03T16:52:34.000Z</time>
</trkpt>
<trkpt lat="41.4056617" lon="2.1743917">
<ele>42.23</ele>
<time>2025-10-03T16:52:37.000Z</time>
</trkpt>
<trkpt lat="41.4055417" lon="2.1746050">
<ele>43.62</ele>
<time>2025-10-03T16:52:40.000Z</time>
</trkpt>
<trkpt lat="41.4054533" lon="2.1748250">
<ele>45.65</ele>
<time>2025-10-03T16:52:46.000Z</time>
</trkpt>
<trkpt lat="41.4053833" lon="2.1750500">
<ele>41.12</ele>
<time>2025-10-03T16:52:52.000Z</time>
</trkpt>
<trkpt lat="41.4052750" lon="2.1752533">
<ele>32.69</ele>
<time>2025-10-03T16:52:57.000Z</time>
</trkpt>
<trkpt lat="41.4050617" lon="2.1752500">
<ele>33.61</ele>
<time>2025-10-03T16:53:03.000Z</time>
</trkpt>
<trkpt lat="41.4048450" lon="2.1753650">
<ele>33.97</ele>
<time>2025-10-03T16:53:07.000Z</time>
</trkpt>
<trkpt lat="41.4047167" lon="2.1756467">
<ele>31.29</ele>
<time>2025-10-03T16:53:10.000Z</time>
</trkpt>
<trkpt lat="41.4046117" lon="2.1758433">
<ele>27.19</ele>
<time>2025-10-03T16:53:14.000Z</time>
</trkpt>
<trkpt lat="41.4046083" lon="2.1761017">
<ele>17.72</ele>
<time>2025-10-03T16:53:18.000Z</time>
</trkpt>
<trkpt lat="41.4046833" lon="2.1763700">
<ele>9.03</ele>
<time>2025-10-03T16:53:26.000Z</time>
</trkpt>
<trkpt lat="41.4045000" lon="2.1764817">
<ele>9.36</ele>
<time>2025-10-03T16:53:32.000Z</time>
</trkpt>
<trkpt lat="41.4043117" lon="2.1765700">
<ele>7.65</ele>
<time>2025-10-03T16:53:41.000Z</time>
</trkpt>
<trkpt lat="41.4041200" lon="2.1765967">
<ele>10.68</ele>
<time>2025-10-03T16:53:46.000Z</time>
</trkpt>
<trkpt lat="41.4039683" lon="2.1767617">
<ele>12.14</ele>
<time>2025-10-03T16:53:49.000Z</time>
</trkpt>
<trkpt lat="41.4038067" lon="2.1769600">
<ele>14.81</ele>
<time>2025-10-03T16:53:52.000Z</time>
</trkpt>
<trkpt lat="41.4036667" lon="2.1772200">
<ele>15.93</ele>
<time>2025-10-03T16:53:55.000Z</time>
</trkpt>
<trkpt lat="41.4035550" lon="2.1775000">
<ele>15.26</ele>
<time>2025-10-03T16:53:58.000Z</time>
</trkpt>
<trkpt lat="41.4034100" lon="2.1777067">
<ele>15.81</ele>
<time>2025-10-03T16:54:01.000Z</time>
</trkpt>
<trkpt lat="41.4032617" lon="2.1779250">
<ele>15.60</ele>
<time>2025-10-03T16:54:04.000Z</time>
</trkpt>
<trkpt lat="41.4031067" lon="2.1781717">
<ele>15.00</ele>
<time>2025-10-03T16:54:07.000Z</time>
</trkpt>
<trkpt lat="41.4029633" lon="2.1784533">
<ele>15.93</ele>
<time>2025-10-03T16:54:09.000Z</time>
</trkpt>
<trkpt lat="41.4028367" lon="2.1786500">
<ele>17.14</ele>
<time>2025-10-03T16:54:11.000Z</time>
</trkpt>
<trkpt lat="41.4026850" lon="2.1788750">
<ele>16.15</ele>
<time>2025-10-03T16:54:14.000Z</time>
</trkpt>
<trkpt lat="41.4025550" lon="2.1790900">
<ele>14.20</ele>
<time>2025-10-03T16:54:17.000Z</time>
</trkpt>
<trkpt lat="41.4023817" lon="2.1792667">
<ele>20.09</ele>
<time>2025-10-03T16:54:20.000Z</time>
</trkpt>
<trkpt lat="41.4022050" lon="2.1794400">
<ele>20.41</ele>
<time>2025-10-03T16:54:23.000Z</time>
</trkpt>
<trkpt lat="41.4020517" lon="2.1796367">
<ele>20.32</ele>
<time>2025-10-03T16:54:26.000Z</time>
</trkpt>
<trkpt lat="41.4019167" lon="2.1798650">
<ele>19.51</ele>
<time>2025-10-03T16:54:29.000Z</time>
</trkpt>
<trkpt lat="41.4017700" lon="2.1800950">
<ele>18.11</ele>
<time>2025-10-03T16:54:32.000Z</time>
</trkpt>
<trkpt lat="41.4016383" lon="2.1803183">
<ele>15.85</ele>
<time>2025-10-03T16:54:35.000Z</time>
</trkpt>
<trkpt lat="41.4014883" lon="2.1805300">
<ele>11.51</ele>
<time>2025-10-03T16:54:38.000Z</time>
</trkpt>
<trkpt lat="41.4013267" lon="2.1806833">
<ele>12.50</ele>
<time>2025-10-03T16:54:41.000Z</time>
</trkpt>
<trkpt lat="41.4011350" lon="2.1808183">
<ele>13.92</ele>
<time>2025-10-03T16:54:44.000Z</time>
</trkpt>
<trkpt lat="41.4009817" lon="2.1809700">
<ele>12.53</ele>
<time>2025-10-03T16:54:47.000Z</time>
</trkpt>
<trkpt lat="41.4008567" lon="2.1811633">
<ele>11.72</ele>
<time>2025-10-03T16:54:50.000Z</time>
</trkpt>
<trkpt lat="41.4007283" lon="2.1813350">
<ele>11.60</ele>
<time>2025-10-03T16:54:53.000Z</time>
</trkpt>
<trkpt lat="41.4005517" lon="2.1814583">
<ele>12.75</ele>
<time>2025-10-03T16:54:56.000Z</time>
</trkpt>
<trkpt lat="41.4004717" lon="2.1817100">
<ele>14.27</ele>
<time>2025-10-03T16:55:00.000Z</time>
</trkpt>
<trkpt lat="41.4004383" lon="2.1819783">
<ele>11.58</ele>
<time>2025-10-03T16:55:07.000Z</time>
</trkpt>
<trkpt lat="41.4002967" lon="2.1821583">
<ele>10.74</ele>
<time>2025-10-03T16:55:11.000Z</time>
</trkpt>
<trkpt lat="41.4001500" lon="2.1823617">
<ele>9.60</ele>
<time>2025-10-03T16:55:14.000Z</time>
</trkpt>
<trkpt lat="41.3999617" lon="2.1825617">
<ele>8.49</ele>
<time>2025-10-03T16:55:17.000Z</time>
</trkpt>
<trkpt lat="41.3998033" lon="2.1827717">
<ele>8.33</ele>
<time>2025-10-03T16:55:20.000Z</time>
</trkpt>
<trkpt lat="41.3996750" lon="2.1829883">
<ele>8.44</ele>
<time>2025-10-03T16:55:23.000Z</time>
</trkpt>
<trkpt lat="41.3995400" lon="2.1831900">
<ele>7.69</ele>
<time>2025-10-03T16:55:27.000Z</time>
</trkpt>
<trkpt lat="41.3993700" lon="2.1833067">
<ele>6.70</ele>
<time>2025-10-03T16:55:33.000Z</time>
</trkpt>
<trkpt lat="41.3992650" lon="2.1835283">
<ele>6.38</ele>
<time>2025-10-03T16:56:01.000Z</time>
</trkpt>
<trkpt lat="41.3990400" lon="2.1834967">
<ele>7.92</ele>
<time>2025-10-03T16:56:06.000Z</time>
</trkpt>
<trkpt lat="41.3988650" lon="2.1833817">
<ele>8.08</ele>
<time>2025-10-03T16:56:09.000Z</time>
</trkpt>
<trkpt lat="41.3987067" lon="2.1832383">
<ele>7.33</ele>
<time>2025-10-03T16:56:12.000Z</time>
</trkpt>
<trkpt lat="41.3985033" lon="2.1830817">
<ele>5.33</ele>
<time>2025-10-03T16:56:17.000Z</time>
</trkpt>
<trkpt lat="41.3983333" lon="2.1829767">
<ele>5.25</ele>
<time>2025-10-03T16:56:20.000Z</time>
</trkpt>
<trkpt lat="41.3981383" lon="2.1828833">
<ele>6.21</ele>
<time>2025-10-03T16:56:24.000Z</time>
</trkpt>
<trkpt lat="41.3979500" lon="2.1827683">
<ele>9.01</ele>
<time>2025-10-03T16:56:47.000Z</time>
</trkpt>
<trkpt lat="41.3977350" lon="2.1827483">
<ele>10.53</ele>
<time>2025-10-03T16:56:52.000Z</time>
</trkpt>
<trkpt lat="41.3975533" lon="2.1825117">
<ele>10.10</ele>
<time>2025-10-03T16:56:56.000Z</time>
</trkpt>
<trkpt lat="41.3975067" lon="2.1822650">
<ele>9.99</ele>
<time>2025-10-03T16:56:59.000Z</time>
</trkpt>
<trkpt lat="41.3973783" lon="2.1820583">
<ele>10.30</ele>
<time>2025-10-03T16:57:03.000Z</time>
</trkpt>
<trkpt lat="41.3972050" lon="2.1819500">
<ele>7.92</ele>
<time>2025-10-03T16:57:06.000Z</time>
</trkpt>
<trkpt lat="41.3969567" lon="2.1820383">
<ele>4.76</ele>
<time>2025-10-03T16:57:09.000Z</time>
</trkpt>
<trkpt lat="41.3967333" lon="2.1821967">
<ele>4.41</ele>
<time>2025-10-03T16:57:11.000Z</time>
</trkpt>
<trkpt lat="41.3965150" lon="2.1822700">
<ele>0.91</ele>
<time>2025-10-03T16:57:17.000Z</time>
</trkpt>
<trkpt lat="41.3963083" lon="2.1822317">
<ele>-3.53</ele>
<time>2025-10-03T16:57:23.000Z</time>
</trkpt>
<trkpt lat="41.3961133" lon="2.1821483">
<ele>-1.86</ele>
<time>2025-10-03T16:57:29.000Z</time>
</trkpt>
<trkpt lat="41.3958967" lon="2.1820983">
<ele>-0.68</ele>
<time>2025-10-03T16:57:36.000Z</time>
</trkpt>
<trkpt lat="41.3957117" lon="2.1820350">
<ele>0.27</ele>
<time>2025-10-03T16:57:41.000Z</time>
</trkpt>
<trkpt lat="41.3955650" lon="2.1818700">
<ele>0.40</ele>
<time>2025-10-03T16:57:47.000Z</time>
</trkpt>
<trkpt lat="41.3953750" lon="2.1817733">
<ele>-5.89</ele>
<time>2025-10-03T16:57:54.000Z</time>
</trkpt>
<trkpt lat="41.3951700" lon="2.1818400">
<ele>-6.46</ele>
<time>2025-10-03T16:57:59.000Z</time>
</trkpt>
<trkpt lat="41.3949950" lon="2.1817600">
<ele>-5.76</ele>
<time>2025-10-03T16:58:04.000Z</time>
</trkpt>
<trkpt lat="41.3947850" lon="2.1817033">
<ele>-4.25</ele>
<time>2025-10-03T16:58:09.000Z</time>
</trkpt>
<trkpt lat="41.3946017" lon="2.1816450">
<ele>-3.17</ele>
<time>2025-10-03T16:58:16.000Z</time>
</trkpt>
<trkpt lat="41.3944167" lon="2.1815750">
<ele>-2.91</ele>
<time>2025-10-03T16:58:23.000Z</time>
</trkpt>
<trkpt lat="41.3942450" lon="2.1813983">
<ele>-10.47</ele>
<time>2025-10-03T16:58:28.000Z</time>
</trkpt>
<trkpt lat="41.3940233" lon="2.1813533">
<ele>-13.95</ele>
<time>2025-10-03T16:58:32.000Z</time>
</trkpt>
<trkpt lat="41.3938133" lon="2.1814067">
<ele>-7.25</ele>
<time>2025-10-03T16:58:50.000Z</time>
</trkpt>
<trkpt lat="41.3936033" lon="2.1813833">
<ele>-3.60</ele>
<time>2025-10-03T16:58:58.000Z</time>
</trkpt>
<trkpt lat="41.3934217" lon="2.1813250">
<ele>-2.72</ele>
<time>2025-10-03T16:59:01.000Z</time>
</trkpt>
<trkpt lat="41.3932000" lon="2.1812283">
<ele>-2.03</ele>
<time>2025-10-03T16:59:04.000Z</time>
</trkpt>
<trkpt lat="41.3930350" lon="2.1809800">
<ele>-3.85</ele>
<time>2025-10-03T16:59:07.000Z</time>
</trkpt>
<trkpt lat="41.3928533" lon="2.1808800">
<ele>-4.44</ele>
<time>2025-10-03T16:59:10.000Z</time>
</trkpt>
<trkpt lat="41.3926367" lon="2.1808800">
<ele>-6.37</ele>
<time>2025-10-03T16:59:14.000Z</time>
</trkpt>
<trkpt lat="41.3924667" lon="2.1809833">
<ele>-6.73</ele>
<time>2025-10-03T16:59:22.000Z</time>
</trkpt>
<trkpt lat="41.3922650" lon="2.1809900">
<ele>-6.48</ele>
<time>2025-10-03T16:59:29.000Z</time>
</trkpt>
<trkpt lat="41.3920967" lon="2.1808400">
<ele>-5.64</ele>
<time>2025-10-03T16:59:33.000Z</time>
</trkpt>
<trkpt lat="41.3919350" lon="2.1806567">
<ele>-3.71</ele>
<time>2025-10-03T16:59:37.000Z</time>
</trkpt>
<trkpt lat="41.3917950" lon="2.1804650">
<ele>0.31</ele>
<time>2025-10-03T16:59:43.000Z</time>
</trkpt>
<trkpt lat="41.3916033" lon="2.1805383">
<ele>4.09</ele>
<time>2025-10-03T16:59:49.000Z</time>
</trkpt>
<trkpt lat="41.3914567" lon="2.1807083">
<ele>6.37</ele>
<time>2025-10-03T16:59:53.000Z</time>
</trkpt>
<trkpt lat="41.3912717" lon="2.1808617">
<ele>6.30</ele>
<time>2025-10-03T16:59:57.000Z</time>
</trkpt>
<trkpt lat="41.3911267" lon="2.1810417">
<ele>5.02</ele>
<time>2025-10-03T17:00:01.000Z</time>
</trkpt>
<trkpt lat="41.3910500" lon="2.1812667">
<ele>5.19</ele>
<time>2025-10-03T17:00:08.000Z</time>
</trkpt>
<trkpt lat="41.3908583" lon="2.1814467">
<ele>5.59</ele>
<time>2025-10-03T17:00:12.000Z</time>
</trkpt>
<trkpt lat="41.3907033" lon="2.1816250">
<ele>5.60</ele>
<time>2025-10-03T17:00:15.000Z</time>
</trkpt>
<trkpt lat="41.3905633" lon="2.1817833">
<ele>5.61</ele>
<time>2025-10-03T17:00:18.000Z</time>
</trkpt>
<trkpt lat="41.3904217" lon="2.1819400">
<ele>5.91</ele>
<time>2025-10-03T17:00:21.000Z</time>
</trkpt>
<trkpt lat="41.3902733" lon="2.1821317">
<ele>6.34</ele>
<time>2025-10-03T17:00:24.000Z</time>
</trkpt>
<trkpt lat="41.3901350" lon="2.1823300">
<ele>5.62</ele>
<time>2025-10-03T17:00:27.000Z</time>
</trkpt>
<trkpt lat="41.3899850" lon="2.1825083">
<ele>7.75</ele>
<time>2025-10-03T17:00:31.000Z</time>
</trkpt>
<trkpt lat="41.3897917" lon="2.1826717">
<ele>8.98</ele>
<time>2025-10-03T17:00:36.000Z</time>
</trkpt>
<trkpt lat="41.3896333" lon="2.1828567">
<ele>10.48</ele>
<time>2025-10-03T17:00:39.000Z</time>
</trkpt>
<trkpt lat="41.3894883" lon="2.1831117">
<ele>10.22</ele>
<time>2025-10-03T17:00:42.000Z</time>
</trkpt>
<trkpt lat="41.3893433" lon="2.1832950">
<ele>8.16</ele>
<time>2025-10-03T17:00:45.000Z</time>
</trkpt>
<trkpt lat="41.3892183" lon="2.1835300">
<ele>6.92</ele>
<time>2025-10-03T17:00:49.000Z</time>
</trkpt>
<trkpt lat="41.3890367" lon="2.1834350">
<ele>-0.21</ele>
<time>2025-10-03T17:01:07.000Z</time>
</trkpt>
<trkpt lat="41.3888600" lon="2.1835283">
<ele>1.34</ele>
<time>2025-10-03T17:01:18.000Z</time>
</trkpt>
<trkpt lat="41.3887283" lon="2.1833567">
<ele>-2.11</ele>
<time>2025-10-03T17:01:30.000Z</time>
</trkpt>
<trkpt lat="41.3885750" lon="2.1831867">
<ele>-4.22</ele>
<time>2025-10-03T17:01:42.000Z</time>
</trkpt>
<trkpt lat="41.3884383" lon="2.1830233">
<ele>-4.19</ele>
<time>2025-10-03T17:01:53.000Z</time>
</trkpt>
<trkpt lat="41.3882867" lon="2.1828850">
<ele>-1.77</ele>
<time>2025-10-03T17:02:05.000Z</time>
</trkpt>
<trkpt lat="41.3881317" lon="2.1827433">
<ele>-0.07</ele>
<time>2025-10-03T17:02:18.000Z</time>
</trkpt>
<trkpt lat="41.3879900" lon="2.1825750">
<ele>-2.36</ele>
<time>2025-10-03T17:02:35.000Z</time>
</trkpt>
<trkpt lat="41.3878217" lon="2.1826767">
<ele>3.78</ele>
<time>2025-10-03T17:02:47.000Z</time>
</trkpt>
<trkpt lat="41.3877200" lon="2.1828833">
<ele>8.55</ele>
<time>2025-10-03T17:02:59.000Z</time>
</trkpt>
<trkpt lat="41.3875233" lon="2.1828483">
<ele>13.28</ele>
<time>2025-10-03T17:03:19.000Z</time>
</trkpt>
<trkpt lat="41.3873633" lon="2.1827150">
<ele>13.19</ele>
<time>2025-10-03T17:03:30.000Z</time>
</trkpt>
<trkpt lat="41.3872133" lon="2.1825633">
<ele>12.86</ele>
<time>2025-10-03T17:03:42.000Z</time>
</trkpt>
<trkpt lat="41.3870317" lon="2.1824600">
<ele>12.05</ele>
<time>2025-10-03T17:03:54.000Z</time>
</trkpt>
<trkpt lat="41.3868183" lon="2.1823233">
<ele>9.40</ele>
<time>2025-10-03T17:04:07.000Z</time>
</trkpt>
<trkpt lat="41.3866750" lon="2.1821667">
<ele>6.97</ele>
<time>2025-10-03T17:04:19.000Z</time>
</trkpt>
<trkpt lat="41.3865183" lon="2.1820033">
<ele>3.80</ele>
<time>2025-10-03T17:04:33.000Z</time>
</trkpt>
<trkpt lat="41.3863633" lon="2.1818717">
<ele>0.69</ele>
<time>2025-10-03T17:04:40.000Z</time>
</trkpt>
<trkpt lat="41.3862233" lon="2.1816883">
<ele>-0.91</ele>
<time>2025-10-03T17:04:48.000Z</time>
</trkpt>
<trkpt lat="41.3861033" lon="2.1814900">
<ele>-5.98</ele>
<time>2025-10-03T17:05:01.000Z</time>
</trkpt>
<trkpt lat="41.3859683" lon="2.1813200">
<ele>-8.51</ele>
<time>2025-10-03T17:05:11.000Z</time>
</trkpt>
<trkpt lat="41.3857983" lon="2.1812333">
<ele>-11.28</ele>
<time>2025-10-03T17:05:22.000Z</time>
</trkpt>
<trkpt lat="41.3856117" lon="2.1811400">
<ele>-14.53</ele>
<time>2025-10-03T17:05:32.000Z</time>
</trkpt>
<trkpt lat="41.3854717" lon="2.1809883">
<ele>-17.95</ele>
<time>2025-10-03T17:05:43.000Z</time>
</trkpt>
<trkpt lat="41.3853017" lon="2.1808800">
<ele>-20.83</ele>
<time>2025-10-03T17:05:53.000Z</time>
</trkpt>
<trkpt lat="41.3850367" lon="2.1807700">
<ele>-3.42</ele>
<time>2025-10-03T17:06:26.000Z</time>
</trkpt>
<trkpt lat="41.3848533" lon="2.1808817">
<ele>-9.45</ele>
<time>2025-10-03T17:06:34.000Z</time>
</trkpt>
<trkpt lat="41.3848567" lon="2.1811617">
<ele>-4.10</ele>
<time>2025-10-03T17:06:49.000Z</time>
</trkpt>
<trkpt lat="41.3846733" lon="2.1812450">
<ele>-11.92</ele>
<time>2025-10-03T17:06:57.000Z</time>
</trkpt>
<trkpt lat="41.3845533" lon="2.1814250">
<ele>-15.82</ele>
<time>2025-10-03T17:07:13.000Z</time>
</trkpt>
<trkpt lat="41.3846900" lon="2.1816200">
<ele>-19.49</ele>
<time>2025-10-03T17:08:05.000Z</time>
</trkpt>
<trkpt lat="41.3847383" lon="2.1813733">
<ele>-22.65</ele>
<time>2025-10-03T17:08:29.000Z</time>
</trkpt>
<trkpt lat="41.3848633" lon="2.1811683">
<ele>-21.54</ele>
<time>2025-10-03T17:08:47.000Z</time>
</trkpt>
<trkpt lat="41.3850183" lon="2.1810267">
<ele>-10.45</ele>
<time>2025-10-03T17:09:11.000Z</time>
</trkpt>
<trkpt lat="41.3851383" lon="2.1808400">
<ele>-6.48</ele>
<time>2025-10-03T17:09:25.000Z</time>
</trkpt>
<trkpt lat="41.3852967" lon="2.1807100">
<ele>-5.44</ele>
<time>2025-10-03T17:09:43.000Z</time>
</trkpt>
<trkpt lat="41.3854500" lon="2.1808383">
<ele>-3.64</ele>
<time>2025-10-03T17:09:58.000Z</time>
</trkpt>
<trkpt lat="41.3855967" lon="2.1809983">
<ele>-2.60</ele>
<time>2025-10-03T17:10:13.000Z</time>
</trkpt>
<trkpt lat="41.3857300" lon="2.1811733">
<ele>-1.04</ele>
<time>2025-10-03T17:10:37.000Z</time>
</trkpt>
<trkpt lat="41.3858050" lon="2.1814033">
<ele>-0.58</ele>
<time>2025-10-03T17:11:05.000Z</time>
</trkpt>
<trkpt lat="41.3859083" lon="2.1816033">
<ele>-1.06</ele>
<time>2025-10-03T17:11:09.000Z</time>
</trkpt>
<trkpt lat="41.3859750" lon="2.1813750">
<ele>-3.46</ele>
<time>2025-10-03T17:11:22.000Z</time>
</trkpt>
<trkpt lat="41.3860417" lon="2.1816517">
<ele>-6.75</ele>
<time>2025-10-03T17:11:56.000Z</time>
</trkpt>
<trkpt lat="41.3862667" lon="2.1816483">
<ele>-6.39</ele>
<time>2025-10-03T17:13:23.000Z</time>
</trkpt>
<trkpt lat="41.3864517" lon="2.1815383">
<ele>-2.07</ele>
<time>2025-10-03T17:13:29.000Z</time>
</trkpt>
<trkpt lat="41.3865900" lon="2.1813633">
<ele>-4.34</ele>
<time>2025-10-03T17:13:49.000Z</time>
</trkpt>
<trkpt lat="41.3867333" lon="2.1812083">
<ele>1.68</ele>
<time>2025-10-03T17:14:29.000Z</time>
</trkpt>
<trkpt lat="41.3868733" lon="2.1810533">
<ele>-1.61</ele>
<time>2025-10-03T17:14:56.000Z</time>
</trkpt>
<trkpt lat="41.3869550" lon="2.1808283">
<ele>3.21</ele>
<time>2025-10-03T17:16:10.000Z</time>
</trkpt>
<extensions>
<om:oruxmapsextensions>
<om:ext type="NAME" subtype="0"><![CDATA[Segment: 12]]></om:ext>
</om:oruxmapsextensions>
</extensions>
</trkseg>
<trkseg>
<trkpt lat="41.3860600" lon="2.1813317">
<ele>0.62</ele>
<time>2025-10-03T20:46:27.237Z</time>
</trkpt>
<trkpt lat="41.3863983" lon="2.1816500">
<ele>0.62</ele>
<time>2025-10-03T20:46:27.725Z</time>
</trkpt>
<trkpt lat="41.3864550" lon="2.1819533">
<ele>1.17</ele>
<time>2025-10-03T20:46:31.231Z</time>
</trkpt>
<trkpt lat="41.3865750" lon="2.1821433">
<ele>0.56</ele>
<time>2025-10-03T20:46:43.000Z</time>
</trkpt>
<trkpt lat="41.3867183" lon="2.1822967">
<ele>0.02</ele>
<time>2025-10-03T20:46:58.000Z</time>
</trkpt>
<trkpt lat="41.3868567" lon="2.1824617">
<ele>-0.22</ele>
<time>2025-10-03T20:47:17.000Z</time>
</trkpt>
<trkpt lat="41.3869950" lon="2.1826267">
<ele>-0.67</ele>
<time>2025-10-03T20:47:29.000Z</time>
</trkpt>
<trkpt lat="41.3871400" lon="2.1828000">
<ele>-3.98</ele>
<time>2025-10-03T20:47:44.000Z</time>
</trkpt>
<trkpt lat="41.3872783" lon="2.1829667">
<ele>-4.43</ele>
<time>2025-10-03T20:47:56.000Z</time>
</trkpt>
<trkpt lat="41.3874500" lon="2.1830433">
<ele>-0.96</ele>
<time>2025-10-03T20:48:11.000Z</time>
</trkpt>
<trkpt lat="41.3876450" lon="2.1831017">
<ele>-2.54</ele>
<time>2025-10-03T20:48:21.000Z</time>
</trkpt>
<trkpt lat="41.3878233" lon="2.1829950">
<ele>-1.43</ele>
<time>2025-10-03T20:48:35.000Z</time>
</trkpt>
<trkpt lat="41.3879517" lon="2.1828233">
<ele>-1.52</ele>
<time>2025-10-03T20:48:46.000Z</time>
</trkpt>
<trkpt lat="41.3880800" lon="2.1826533">
<ele>2.05</ele>
<time>2025-10-03T20:48:59.000Z</time>
</trkpt>
<trkpt lat="41.3882533" lon="2.1827750">
<ele>1.87</ele>
<time>2025-10-03T20:49:10.000Z</time>
</trkpt>
<trkpt lat="41.3883883" lon="2.1829450">
<ele>-1.55</ele>
<time>2025-10-03T20:49:20.000Z</time>
</trkpt>
<trkpt lat="41.3885150" lon="2.1831183">
<ele>2.43</ele>
<time>2025-10-03T20:49:32.000Z</time>
</trkpt>
<trkpt lat="41.3886517" lon="2.1832867">
<ele>4.13</ele>
<time>2025-10-03T20:49:48.000Z</time>
</trkpt>
<trkpt lat="41.3887900" lon="2.1834650">
<ele>5.20</ele>
<time>2025-10-03T20:50:03.000Z</time>
</trkpt>
<trkpt lat="41.3889767" lon="2.1833933">
<ele>6.70</ele>
<time>2025-10-03T20:50:13.000Z</time>
</trkpt>
<trkpt lat="41.3891450" lon="2.1835150">
<ele>3.21</ele>
<time>2025-10-03T20:50:50.000Z</time>
</trkpt>
<trkpt lat="41.3892817" lon="2.1836717">
<ele>3.55</ele>
<time>2025-10-03T20:51:12.000Z</time>
</trkpt>
<trkpt lat="41.3894417" lon="2.1835250">
<ele>5.80</ele>
<time>2025-10-03T20:51:18.000Z</time>
</trkpt>
<trkpt lat="41.3896183" lon="2.1833367">
<ele>7.52</ele>
<time>2025-10-03T20:51:22.000Z</time>
</trkpt>
<trkpt lat="41.3897567" lon="2.1831583">
<ele>9.79</ele>
<time>2025-10-03T20:51:25.000Z</time>
</trkpt>
<trkpt lat="41.3899250" lon="2.1829633">
<ele>12.31</ele>
<time>2025-10-03T20:51:29.000Z</time>
</trkpt>
<trkpt lat="41.3900700" lon="2.1828017">
<ele>10.79</ele>
<time>2025-10-03T20:51:35.000Z</time>
</trkpt>
<trkpt lat="41.3902133" lon="2.1826167">
<ele>9.96</ele>
<time>2025-10-03T20:51:40.000Z</time>
</trkpt>
<trkpt lat="41.3903600" lon="2.1824417">
<ele>10.26</ele>
<time>2025-10-03T20:51:43.000Z</time>
</trkpt>
<trkpt lat="41.3905133" lon="2.1822700">
<ele>10.01</ele>
<time>2025-10-03T20:51:46.000Z</time>
</trkpt>
<trkpt lat="41.3906583" lon="2.1821167">
<ele>9.63</ele>
<time>2025-10-03T20:51:49.000Z</time>
</trkpt>
<trkpt lat="41.3908000" lon="2.1819650">
<ele>8.68</ele>
<time>2025-10-03T20:51:52.000Z</time>
</trkpt>
<trkpt lat="41.3909483" lon="2.1817433">
<ele>7.09</ele>
<time>2025-10-03T20:51:56.000Z</time>
</trkpt>
<trkpt lat="41.3910800" lon="2.1815733">
<ele>6.76</ele>
<time>2025-10-03T20:51:59.000Z</time>
</trkpt>
<trkpt lat="41.3912100" lon="2.1813117">
<ele>7.52</ele>
<time>2025-10-03T20:52:02.000Z</time>
</trkpt>
<trkpt lat="41.3913233" lon="2.1811150">
<ele>8.95</ele>
<time>2025-10-03T20:52:05.000Z</time>
</trkpt>
<trkpt lat="41.3914533" lon="2.1809200">
<ele>11.06</ele>
<time>2025-10-03T20:52:09.000Z</time>
</trkpt>
<trkpt lat="41.3916000" lon="2.1806867">
<ele>8.79</ele>
<time>2025-10-03T20:52:14.000Z</time>
</trkpt>
<trkpt lat="41.3916383" lon="2.1804050">
<ele>8.29</ele>
<time>2025-10-03T20:52:18.000Z</time>
</trkpt>
<trkpt lat="41.3916367" lon="2.1801383">
<ele>10.00</ele>
<time>2025-10-03T20:52:21.000Z</time>
</trkpt>
<trkpt lat="41.3916867" lon="2.1799050">
<ele>12.95</ele>
<time>2025-10-03T20:52:24.000Z</time>
</trkpt>
<trkpt lat="41.3918067" lon="2.1797200">
<ele>12.90</ele>
<time>2025-10-03T20:52:27.000Z</time>
</trkpt>
<trkpt lat="41.3919600" lon="2.1794883">
<ele>12.29</ele>
<time>2025-10-03T20:52:31.000Z</time>
</trkpt>
<trkpt lat="41.3921150" lon="2.1792533">
<ele>11.72</ele>
<time>2025-10-03T20:52:35.000Z</time>
</trkpt>
<trkpt lat="41.3922617" lon="2.1790317">
<ele>12.99</ele>
<time>2025-10-03T20:52:39.000Z</time>
</trkpt>
<trkpt lat="41.3923650" lon="2.1787867">
<ele>13.68</ele>
<time>2025-10-03T20:52:43.000Z</time>
</trkpt>
<trkpt lat="41.3925083" lon="2.1785933">
<ele>12.40</ele>
<time>2025-10-03T20:52:47.000Z</time>
</trkpt>
<trkpt lat="41.3926750" lon="2.1783900">
<ele>10.75</ele>
<time>2025-10-03T20:52:51.000Z</time>
</trkpt>
<trkpt lat="41.3928567" lon="2.1782050">
<ele>9.38</ele>
<time>2025-10-03T20:52:55.000Z</time>
</trkpt>
<trkpt lat="41.3929883" lon="2.1780233">
<ele>6.86</ele>
<time>2025-10-03T20:52:59.000Z</time>
</trkpt>
<trkpt lat="41.3931267" lon="2.1778233">
<ele>2.40</ele>
<time>2025-10-03T20:53:03.000Z</time>
</trkpt>
<trkpt lat="41.3932933" lon="2.1776000">
<ele>-0.55</ele>
<time>2025-10-03T20:53:07.000Z</time>
</trkpt>
<trkpt lat="41.3934617" lon="2.1773933">
<ele>-1.78</ele>
<time>2025-10-03T20:53:11.000Z</time>
</trkpt>
<trkpt lat="41.3936117" lon="2.1771933">
<ele>-0.88</ele>
<time>2025-10-03T20:53:15.000Z</time>
</trkpt>
<trkpt lat="41.3937733" lon="2.1770100">
<ele>-2.18</ele>
<time>2025-10-03T20:53:19.000Z</time>
</trkpt>
<trkpt lat="41.3939283" lon="2.1768267">
<ele>-1.81</ele>
<time>2025-10-03T20:53:23.000Z</time>
</trkpt>
<trkpt lat="41.3940950" lon="2.1766083">
<ele>-0.27</ele>
<time>2025-10-03T20:53:27.000Z</time>
</trkpt>
<trkpt lat="41.3942233" lon="2.1763983">
<ele>0.38</ele>
<time>2025-10-03T20:53:31.000Z</time>
</trkpt>
<trkpt lat="41.3943833" lon="2.1762200">
<ele>3.27</ele>
<time>2025-10-03T20:53:36.000Z</time>
</trkpt>
<trkpt lat="41.3945250" lon="2.1760533">
<ele>7.80</ele>
<time>2025-10-03T20:53:44.000Z</time>
</trkpt>
<trkpt lat="41.3946750" lon="2.1758750">
<ele>11.41</ele>
<time>2025-10-03T20:53:50.000Z</time>
</trkpt>
<trkpt lat="41.3948933" lon="2.1758350">
<ele>14.88</ele>
<time>2025-10-03T20:53:56.000Z</time>
</trkpt>
<trkpt lat="41.3950233" lon="2.1756533">
<ele>17.37</ele>
<time>2025-10-03T20:54:00.000Z</time>
</trkpt>
<trkpt lat="41.3951450" lon="2.1753900">
<ele>19.27</ele>
<time>2025-10-03T20:54:04.000Z</time>
</trkpt>
<trkpt lat="41.3952300" lon="2.1751350">
<ele>19.70</ele>
<time>2025-10-03T20:54:10.000Z</time>
</trkpt>
<trkpt lat="41.3953300" lon="2.1749267">
<ele>16.52</ele>
<time>2025-10-03T20:54:14.000Z</time>
</trkpt>
<trkpt lat="41.3954850" lon="2.1747200">
<ele>12.69</ele>
<time>2025-10-03T20:54:18.000Z</time>
</trkpt>
<trkpt lat="41.3956700" lon="2.1745450">
<ele>10.68</ele>
<time>2025-10-03T20:54:22.000Z</time>
</trkpt>
<trkpt lat="41.3958267" lon="2.1743700">
<ele>10.27</ele>
<time>2025-10-03T20:54:26.000Z</time>
</trkpt>
<trkpt lat="41.3959717" lon="2.1741717">
<ele>10.36</ele>
<time>2025-10-03T20:54:30.000Z</time>
</trkpt>
<trkpt lat="41.3961400" lon="2.1739667">
<ele>9.91</ele>
<time>2025-10-03T20:54:34.000Z</time>
</trkpt>
<trkpt lat="41.3962967" lon="2.1737650">
<ele>10.56</ele>
<time>2025-10-03T20:54:38.000Z</time>
</trkpt>
<trkpt lat="41.3964633" lon="2.1735300">
<ele>10.79</ele>
<time>2025-10-03T20:54:42.000Z</time>
</trkpt>
<trkpt lat="41.3966200" lon="2.1733100">
<ele>11.26</ele>
<time>2025-10-03T20:54:46.000Z</time>
</trkpt>
<trkpt lat="41.3967700" lon="2.1730883">
<ele>9.99</ele>
<time>2025-10-03T20:54:50.000Z</time>
</trkpt>
<trkpt lat="41.3969267" lon="2.1728567">
<ele>8.82</ele>
<time>2025-10-03T20:54:54.000Z</time>
</trkpt>
<trkpt lat="41.3970700" lon="2.1726117">
<ele>9.23</ele>
<time>2025-10-03T20:54:58.000Z</time>
</trkpt>
<trkpt lat="41.3972317" lon="2.1724233">
<ele>10.49</ele>
<time>2025-10-03T20:55:02.000Z</time>
</trkpt>
<trkpt lat="41.3973783" lon="2.1722717">
<ele>10.21</ele>
<time>2025-10-03T20:55:06.000Z</time>
</trkpt>
<trkpt lat="41.3975100" lon="2.1721000">
<ele>10.44</ele>
<time>2025-10-03T20:55:11.000Z</time>
</trkpt>
<trkpt lat="41.3976733" lon="2.1719000">
<ele>11.77</ele>
<time>2025-10-03T20:55:15.000Z</time>
</trkpt>
<trkpt lat="41.3978067" lon="2.1717367">
<ele>13.25</ele>
<time>2025-10-03T20:55:18.000Z</time>
</trkpt>
<trkpt lat="41.3979767" lon="2.1715150">
<ele>14.61</ele>
<time>2025-10-03T20:55:22.000Z</time>
</trkpt>
<trkpt lat="41.3981417" lon="2.1712983">
<ele>14.09</ele>
<time>2025-10-03T20:55:26.000Z</time>
</trkpt>
<trkpt lat="41.3982583" lon="2.1711017">
<ele>15.77</ele>
<time>2025-10-03T20:55:30.000Z</time>
</trkpt>
<trkpt lat="41.3984000" lon="2.1709017">
<ele>16.76</ele>
<time>2025-10-03T20:55:38.000Z</time>
</trkpt>
<trkpt lat="41.3985217" lon="2.1706867">
<ele>15.11</ele>
<time>2025-10-03T20:55:43.000Z</time>
</trkpt>
<trkpt lat="41.3987083" lon="2.1704900">
<ele>14.52</ele>
<time>2025-10-03T20:55:47.000Z</time>
</trkpt>
<trkpt lat="41.3988650" lon="2.1702900">
<ele>13.63</ele>
<time>2025-10-03T20:55:51.000Z</time>
</trkpt>
<trkpt lat="41.3990517" lon="2.1701517">
<ele>15.58</ele>
<time>2025-10-03T20:55:55.000Z</time>
</trkpt>
<trkpt lat="41.3992400" lon="2.1699917">
<ele>18.40</ele>
<time>2025-10-03T20:55:59.000Z</time>
</trkpt>
<trkpt lat="41.3993967" lon="2.1697917">
<ele>21.37</ele>
<time>2025-10-03T20:56:03.000Z</time>
</trkpt>
<trkpt lat="41.3994983" lon="2.1695567">
<ele>24.47</ele>
<time>2025-10-03T20:56:07.000Z</time>
</trkpt>
<trkpt lat="41.3996183" lon="2.1693267">
<ele>26.25</ele>
<time>2025-10-03T20:56:11.000Z</time>
</trkpt>
<trkpt lat="41.3997700" lon="2.1691283">
<ele>26.62</ele>
<time>2025-10-03T20:56:15.000Z</time>
</trkpt>
<trkpt lat="41.3999050" lon="2.1688983">
<ele>28.54</ele>
<time>2025-10-03T20:56:19.000Z</time>
</trkpt>
<trkpt lat="41.4000800" lon="2.1687533">
<ele>28.67</ele>
<time>2025-10-03T20:56:23.000Z</time>
</trkpt>
<trkpt lat="41.4002800" lon="2.1686000">
<ele>30.97</ele>
<time>2025-10-03T20:56:27.000Z</time>
</trkpt>
<trkpt lat="41.4004850" lon="2.1685017">
<ele>33.80</ele>
<time>2025-10-03T20:56:31.000Z</time>
</trkpt>
<trkpt lat="41.4006850" lon="2.1683617">
<ele>36.20</ele>
<time>2025-10-03T20:56:35.000Z</time>
</trkpt>
<trkpt lat="41.4008383" lon="2.1681567">
<ele>39.96</ele>
<time>2025-10-03T20:56:39.000Z</time>
</trkpt>
<trkpt lat="41.4009533" lon="2.1679483">
<ele>44.04</ele>
<time>2025-10-03T20:56:44.000Z</time>
</trkpt>
<trkpt lat="41.4010817" lon="2.1677800">
<ele>51.82</ele>
<time>2025-10-03T20:57:00.000Z</time>
</trkpt>
<trkpt lat="41.4012017" lon="2.1675967">
<ele>55.48</ele>
<time>2025-10-03T20:57:07.000Z</time>
</trkpt>
<trkpt lat="41.4013217" lon="2.1673700">
<ele>56.26</ele>
<time>2025-10-03T20:57:11.000Z</time>
</trkpt>
<trkpt lat="41.4014417" lon="2.1671667">
<ele>57.19</ele>
<time>2025-10-03T20:57:14.000Z</time>
</trkpt>
<trkpt lat="41.4015850" lon="2.1669800">
<ele>58.35</ele>
<time>2025-10-03T20:57:17.000Z</time>
</trkpt>
<trkpt lat="41.4017333" lon="2.1668083">
<ele>59.73</ele>
<time>2025-10-03T20:57:20.000Z</time>
</trkpt>
<trkpt lat="41.4018667" lon="2.1666117">
<ele>59.56</ele>
<time>2025-10-03T20:57:23.000Z</time>
</trkpt>
<trkpt lat="41.4019767" lon="2.1663767">
<ele>55.74</ele>
<time>2025-10-03T20:57:26.000Z</time>
</trkpt>
<trkpt lat="41.4020983" lon="2.1661933">
<ele>53.43</ele>
<time>2025-10-03T20:57:29.000Z</time>
</trkpt>
<trkpt lat="41.4022733" lon="2.1660083">
<ele>51.21</ele>
<time>2025-10-03T20:57:33.000Z</time>
</trkpt>
<trkpt lat="41.4024567" lon="2.1658600">
<ele>49.49</ele>
<time>2025-10-03T20:57:37.000Z</time>
</trkpt>
<trkpt lat="41.4026383" lon="2.1657333">
<ele>49.17</ele>
<time>2025-10-03T20:57:41.000Z</time>
</trkpt>
<trkpt lat="41.4028067" lon="2.1656133">
<ele>48.67</ele>
<time>2025-10-03T20:57:45.000Z</time>
</trkpt>
<trkpt lat="41.4029717" lon="2.1654183">
<ele>49.86</ele>
<time>2025-10-03T20:57:49.000Z</time>
</trkpt>
<trkpt lat="41.4030767" lon="2.1651533">
<ele>47.87</ele>
<time>2025-10-03T20:57:53.000Z</time>
</trkpt>
<trkpt lat="41.4032167" lon="2.1649250">
<ele>46.74</ele>
<time>2025-10-03T20:57:57.000Z</time>
</trkpt>
<trkpt lat="41.4033433" lon="2.1646983">
<ele>44.06</ele>
<time>2025-10-03T20:58:01.000Z</time>
</trkpt>
<trkpt lat="41.4033983" lon="2.1644067">
<ele>42.65</ele>
<time>2025-10-03T20:58:05.000Z</time>
</trkpt>
<trkpt lat="41.4034867" lon="2.1641717">
<ele>40.42</ele>
<time>2025-10-03T20:58:08.000Z</time>
</trkpt>
<trkpt lat="41.4035900" lon="2.1639683">
<ele>39.43</ele>
<time>2025-10-03T20:58:11.000Z</time>
</trkpt>
<trkpt lat="41.4037183" lon="2.1637167">
<ele>38.77</ele>
<time>2025-10-03T20:58:15.000Z</time>
</trkpt>
<trkpt lat="41.4038683" lon="2.1635267">
<ele>36.86</ele>
<time>2025-10-03T20:58:19.000Z</time>
</trkpt>
<trkpt lat="41.4040550" lon="2.1633667">
<ele>34.37</ele>
<time>2025-10-03T20:58:23.000Z</time>
</trkpt>
<trkpt lat="41.4042317" lon="2.1632000">
<ele>35.48</ele>
<time>2025-10-03T20:58:28.000Z</time>
</trkpt>
<trkpt lat="41.4044350" lon="2.1630917">
<ele>36.46</ele>
<time>2025-10-03T20:58:33.000Z</time>
</trkpt>
<trkpt lat="41.4046117" lon="2.1631783">
<ele>38.63</ele>
<time>2025-10-03T20:58:36.000Z</time>
</trkpt>
<trkpt lat="41.4047533" lon="2.1633633">
<ele>38.45</ele>
<time>2025-10-03T20:58:39.000Z</time>
</trkpt>
<trkpt lat="41.4049433" lon="2.1633767">
<ele>45.28</ele>
<time>2025-10-03T20:58:43.000Z</time>
</trkpt>
<trkpt lat="41.4050983" lon="2.1632283">
<ele>53.72</ele>
<time>2025-10-03T20:58:48.000Z</time>
</trkpt>
<trkpt lat="41.4052583" lon="2.1630650">
<ele>58.83</ele>
<time>2025-10-03T20:58:52.000Z</time>
</trkpt>
<trkpt lat="41.4054450" lon="2.1629117">
<ele>63.24</ele>
<time>2025-10-03T20:58:56.000Z</time>
</trkpt>
<trkpt lat="41.4056800" lon="2.1628933">
<ele>67.95</ele>
<time>2025-10-03T20:59:00.000Z</time>
</trkpt>
<trkpt lat="41.4058783" lon="2.1630133">
<ele>69.28</ele>
<time>2025-10-03T20:59:03.000Z</time>
</trkpt>
<trkpt lat="41.4060483" lon="2.1631433">
<ele>69.90</ele>
<time>2025-10-03T20:59:06.000Z</time>
</trkpt>
<trkpt lat="41.4062667" lon="2.1632267">
<ele>73.37</ele>
<time>2025-10-03T20:59:10.000Z</time>
</trkpt>
<trkpt lat="41.4064550" lon="2.1632900">
<ele>75.67</ele>
<time>2025-10-03T20:59:14.000Z</time>
</trkpt>
<trkpt lat="41.4066400" lon="2.1633733">
<ele>80.32</ele>
<time>2025-10-03T20:59:18.000Z</time>
</trkpt>
<trkpt lat="41.4068250" lon="2.1634433">
<ele>86.70</ele>
<time>2025-10-03T20:59:22.000Z</time>
</trkpt>
<trkpt lat="41.4070667" lon="2.1635533">
<ele>91.38</ele>
<time>2025-10-03T20:59:26.000Z</time>
</trkpt>
<trkpt lat="41.4072450" lon="2.1636417">
<ele>96.60</ele>
<time>2025-10-03T20:59:30.000Z</time>
</trkpt>
<trkpt lat="41.4074600" lon="2.1636467">
<ele>99.40</ele>
<time>2025-10-03T20:59:34.000Z</time>
</trkpt>
<trkpt lat="41.4076583" lon="2.1636733">
<ele>101.42</ele>
<time>2025-10-03T20:59:38.000Z</time>
</trkpt>
<trkpt lat="41.4078717" lon="2.1637033">
<ele>102.88</ele>
<time>2025-10-03T20:59:42.000Z</time>
</trkpt>
<trkpt lat="41.4080800" lon="2.1637367">
<ele>104.12</ele>
<time>2025-10-03T20:59:46.000Z</time>
</trkpt>
<trkpt lat="41.4082717" lon="2.1637917">
<ele>104.73</ele>
<time>2025-10-03T20:59:50.000Z</time>
</trkpt>
<trkpt lat="41.4084983" lon="2.1638133">
<ele>103.53</ele>
<time>2025-10-03T20:59:54.000Z</time>
</trkpt>
<trkpt lat="41.4086833" lon="2.1638917">
<ele>104.17</ele>
<time>2025-10-03T20:59:57.000Z</time>
</trkpt>
<trkpt lat="41.4088850" lon="2.1639967">
<ele>104.45</ele>
<time>2025-10-03T21:00:01.000Z</time>
</trkpt>
<trkpt lat="41.4090967" lon="2.1640450">
<ele>111.57</ele>
<time>2025-10-03T21:00:06.000Z</time>
</trkpt>
<trkpt lat="41.4092783" lon="2.1640833">
<ele>116.30</ele>
<time>2025-10-03T21:00:10.000Z</time>
</trkpt>
<trkpt lat="41.4094900" lon="2.1641050">
<ele>120.03</ele>
<time>2025-10-03T21:00:14.000Z</time>
</trkpt>
<trkpt lat="41.4097000" lon="2.1641533">
<ele>124.88</ele>
<time>2025-10-03T21:00:18.000Z</time>
</trkpt>
<trkpt lat="41.4099150" lon="2.1641950">
<ele>128.45</ele>
<time>2025-10-03T21:00:22.000Z</time>
</trkpt>
<trkpt lat="41.4101517" lon="2.1642233">
<ele>132.49</ele>
<time>2025-10-03T21:00:26.000Z</time>
</trkpt>
<trkpt lat="41.4103617" lon="2.1642917">
<ele>136.16</ele>
<time>2025-10-03T21:00:30.000Z</time>
</trkpt>
<trkpt lat="41.4105483" lon="2.1643433">
<ele>140.12</ele>
<time>2025-10-03T21:00:34.000Z</time>
</trkpt>
<trkpt lat="41.4107267" lon="2.1644517">
<ele>145.05</ele>
<time>2025-10-03T21:00:39.000Z</time>
</trkpt>
<trkpt lat="41.4109033" lon="2.1645483">
<ele>151.63</ele>
<time>2025-10-03T21:00:45.000Z</time>
</trkpt>
<trkpt lat="41.4111267" lon="2.1645717">
<ele>153.04</ele>
<time>2025-10-03T21:00:50.000Z</time>
</trkpt>
<trkpt lat="41.4112967" lon="2.1647067">
<ele>150.86</ele>
<time>2025-10-03T21:00:54.000Z</time>
</trkpt>
<trkpt lat="41.4114717" lon="2.1648650">
<ele>147.20</ele>
<time>2025-10-03T21:00:57.000Z</time>
</trkpt>
<trkpt lat="41.4116700" lon="2.1649100">
<ele>142.90</ele>
<time>2025-10-03T21:01:00.000Z</time>
</trkpt>
<trkpt lat="41.4118567" lon="2.1648167">
<ele>143.38</ele>
<time>2025-10-03T21:01:05.000Z</time>
</trkpt>
<trkpt lat="41.4120417" lon="2.1647467">
<ele>140.29</ele>
<time>2025-10-03T21:01:10.000Z</time>
</trkpt>
<trkpt lat="41.4122283" lon="2.1646300">
<ele>139.50</ele>
<time>2025-10-03T21:01:16.000Z</time>
</trkpt>
<trkpt lat="41.4124167" lon="2.1646083">
<ele>137.42</ele>
<time>2025-10-03T21:01:21.000Z</time>
</trkpt>
<trkpt lat="41.4126283" lon="2.1645483">
<ele>137.74</ele>
<time>2025-10-03T21:01:25.000Z</time>
</trkpt>
<trkpt lat="41.4129050" lon="2.1644933">
<ele>136.28</ele>
<time>2025-10-03T21:01:29.000Z</time>
</trkpt>
<trkpt lat="41.4130950" lon="2.1644300">
<ele>132.83</ele>
<time>2025-10-03T21:01:32.000Z</time>
</trkpt>
<trkpt lat="41.4132667" lon="2.1643450">
<ele>128.69</ele>
<time>2025-10-03T21:01:35.000Z</time>
</trkpt>
<trkpt lat="41.4134650" lon="2.1641900">
<ele>122.53</ele>
<time>2025-10-03T21:01:39.000Z</time>
</trkpt>
<trkpt lat="41.4136467" lon="2.1640950">
<ele>116.37</ele>
<time>2025-10-03T21:01:43.000Z</time>
</trkpt>
<trkpt lat="41.4138167" lon="2.1642850">
<ele>110.92</ele>
<time>2025-10-03T21:01:51.000Z</time>
</trkpt>
<trkpt lat="41.4139333" lon="2.1645100">
<ele>107.94</ele>
<time>2025-10-03T21:01:55.000Z</time>
</trkpt>
<trkpt lat="41.4140383" lon="2.1647217">
<ele>109.07</ele>
<time>2025-10-03T21:01:59.000Z</time>
</trkpt>
<trkpt lat="41.4141600" lon="2.1649133">
<ele>109.70</ele>
<time>2025-10-03T21:02:03.000Z</time>
</trkpt>
<trkpt lat="41.4142883" lon="2.1651350">
<ele>110.28</ele>
<time>2025-10-03T21:02:07.000Z</time>
</trkpt>
<trkpt lat="41.4143900" lon="2.1653767">
<ele>111.43</ele>
<time>2025-10-03T21:02:11.000Z</time>
</trkpt>
<trkpt lat="41.4145100" lon="2.1655667">
<ele>112.31</ele>
<time>2025-10-03T21:02:18.000Z</time>
</trkpt>
<trkpt lat="41.4146683" lon="2.1657133">
<ele>118.75</ele>
<time>2025-10-03T21:02:49.000Z</time>
</trkpt>
<trkpt lat="41.4148517" lon="2.1657367">
<ele>118.77</ele>
<time>2025-10-03T21:03:10.000Z</time>
</trkpt>
<trkpt lat="41.4150350" lon="2.1657533">
<ele>122.41</ele>
<time>2025-10-03T21:03:35.000Z</time>
</trkpt>
<extensions>
<om:oruxmapsextensions>
<om:ext type="NAME" subtype="0"><![CDATA[Segment: 13]]></om:ext>
</om:oruxmapsextensions>
</extensions>
</trkseg>
</trk>
</gpx>
