<?xml version="1.0" encoding="UTF-8" standalone="no" ?>
<gpx xmlns="http://www.topografix.com/GPX/1/1" creator="OruxMaps v.10.7.4 GP" version="1.1" xmlns:gpxtpx="http://www.garmin.com/xmlschemas/TrackPointExtension/v2" xmlns:xsi="http://www.w3.org/2001/XMLSchema-instance" xmlns:om="http://www.oruxmaps.com/oruxmapsextensions/1/0" xsi:schemaLocation="http://www.topografix.com/GPX/1/1 http://www.topografix.com/GPX/1/1/gpx.xsd">
<!-- owner: b49bea777b57f5 -->
<metadata>
<name><![CDATA[2025-09-22 18:44:24]]></name>
<link href="https://www.oruxmaps.com">
<text>OruxMaps GP</text>
</link>
<time>2025-09-22T16:44:24.426Z</time><bounds maxlat="41.4270183" maxlon="2.1862067" minlat="41.3956033" minlon="2.1301133"/>
</metadata>
<wpt lat="41.4153567" lon="2.1648117">
<ele>143.60</ele>
<time>2025-09-25T16:30:02.698Z</time>
<name><![CDATA[]]></name>
<desc><![CDATA[<p><br /><h3>Name: Segment: 4</h3><br />Type: Road biking<br/>Start time: 18:00 Sep 25, 2025<br/>Finish time: 18:29 Sep 25, 2025<br/>Distance: 2.6km (00:29)<br/>Moving time: 00:29<br/>Average speed: 5.33 km/h<br/>Speed in Movement: 5.33 km/h<br/>Maximum Speed: 7.85 km/h<br/>Minimum altitude: 125 m<br/>Maximum altitude: 188 m<br/>Ascent speed: 458.9 m/h<br/>Descent speed: 473.3 m/h<br/>Elevation gain: 90 m<br/>Elevation loss: 121 m<br/>Ascent time: 00:11<br/>Descent time: 00:15<br/></p>]]></desc>
<sym>Waypoint</sym>
<type>Finishing Point</type>
<extensions>
<om:oruxmapsextensions>
<om:ext type="ICON" subtype="0">15</om:ext>
</om:oruxmapsextensions>
</extensions>
</wpt>
<trk>
<name><![CDATA[2025-09-22 18:44:24]]></name>
<desc><![CDATA[<p>Type: Walking<br/>Start time: 18:44 Sep 22, 2025<br/>Finish time: 18:29 Sep 25, 2025<br/>Distance: 24.2 km (49:35)<br/>Moving time: 02:30<br/>Average speed: 0.49 km/h<br/>Speed in Movement: 9.63 km/h<br/>Maximum Speed: 38.37 km/h<br/>Minimum altitude: 32 m<br/>Maximum altitude: 213 m<br/>Ascent speed: 719.1 m/h<br/>Descent speed: 654.3 m/h<br/>Elevation gain: 800 m<br/>Elevation loss: 817 m<br/>Ascent time: 01:06<br/>Descent time: 01:14<br/></p><hr align="center" width="480" style="height: 2px; width: 517px"/>]]></desc>
<type>Walking</type>
<extensions>
<om:oruxmapsextensions>
<om:ext type="TYPE" subtype="0">13</om:ext>
<om:ext type="DIFFICULTY">0</om:ext>
</om:oruxmapsextensions>
</extensions>
<trkseg>
<trkpt lat="41.4150317" lon="2.1651450">
<ele>121.18</ele>
<time>2025-09-22T16:44:28.576Z</time>
</trkpt>
<trkpt lat="41.4149350" lon="2.1653650">
<ele>117.58</ele>
<time>2025-09-22T16:44:50.000Z</time>
</trkpt>
<trkpt lat="41.4149600" lon="2.1656317">
<ele>119.10</ele>
<time>2025-09-22T16:44:57.000Z</time>
</trkpt>
<trkpt lat="41.4149017" lon="2.1653867">
<ele>118.06</ele>
<time>2025-09-22T16:45:11.000Z</time>
</trkpt>
<trkpt lat="41.4148883" lon="2.1651183">
<ele>116.63</ele>
<time>2025-09-22T16:45:14.000Z</time>
</trkpt>
<trkpt lat="41.4148650" lon="2.1648550">
<ele>115.99</ele>
<time>2025-09-22T16:45:17.000Z</time>
</trkpt>
<trkpt lat="41.4148333" lon="2.1645900">
<ele>114.52</ele>
<time>2025-09-22T16:45:20.000Z</time>
</trkpt>
<trkpt lat="41.4147867" lon="2.1643533">
<ele>113.35</ele>
<time>2025-09-22T16:45:23.000Z</time>
</trkpt>
<trkpt lat="41.4147333" lon="2.1640950">
<ele>112.24</ele>
<time>2025-09-22T16:45:26.000Z</time>
</trkpt>
<trkpt lat="41.4146750" lon="2.1638450">
<ele>111.14</ele>
<time>2025-09-22T16:45:29.000Z</time>
</trkpt>
<trkpt lat="41.4146217" lon="2.1635933">
<ele>109.69</ele>
<time>2025-09-22T16:45:32.000Z</time>
</trkpt>
<trkpt lat="41.4145500" lon="2.1633383">
<ele>108.44</ele>
<time>2025-09-22T16:45:35.000Z</time>
</trkpt>
<trkpt lat="41.4144717" lon="2.1631200">
<ele>106.77</ele>
<time>2025-09-22T16:45:41.000Z</time>
</trkpt>
<trkpt lat="41.4144000" lon="2.1628850">
<ele>107.29</ele>
<time>2025-09-22T16:46:09.000Z</time>
</trkpt>
<trkpt lat="41.4142817" lon="2.1627000">
<ele>107.76</ele>
<time>2025-09-22T16:46:13.000Z</time>
</trkpt>
<trkpt lat="41.4142033" lon="2.1624267">
<ele>107.64</ele>
<time>2025-09-22T16:46:17.000Z</time>
</trkpt>
<trkpt lat="41.4141550" lon="2.1621367">
<ele>106.97</ele>
<time>2025-09-22T16:46:21.000Z</time>
</trkpt>
<trkpt lat="41.4140667" lon="2.1618983">
<ele>107.34</ele>
<time>2025-09-22T16:46:25.000Z</time>
</trkpt>
<trkpt lat="41.4139650" lon="2.1616867">
<ele>107.38</ele>
<time>2025-09-22T16:46:30.000Z</time>
</trkpt>
<trkpt lat="41.4138683" lon="2.1614233">
<ele>108.41</ele>
<time>2025-09-22T16:46:34.000Z</time>
</trkpt>
<trkpt lat="41.4137450" lon="2.1612483">
<ele>109.40</ele>
<time>2025-09-22T16:46:37.000Z</time>
</trkpt>
<trkpt lat="41.4136183" lon="2.1610400">
<ele>109.98</ele>
<time>2025-09-22T16:46:40.000Z</time>
</trkpt>
<trkpt lat="41.4134717" lon="2.1608150">
<ele>109.97</ele>
<time>2025-09-22T16:46:43.000Z</time>
</trkpt>
<trkpt lat="41.4132767" lon="2.1605917">
<ele>108.54</ele>
<time>2025-09-22T16:46:46.000Z</time>
</trkpt>
<trkpt lat="41.4131233" lon="2.1603717">
<ele>109.40</ele>
<time>2025-09-22T16:46:49.000Z</time>
</trkpt>
<trkpt lat="41.4130000" lon="2.1601750">
<ele>109.35</ele>
<time>2025-09-22T16:46:52.000Z</time>
</trkpt>
<trkpt lat="41.4128467" lon="2.1599683">
<ele>107.63</ele>
<time>2025-09-22T16:46:57.000Z</time>
</trkpt>
<trkpt lat="41.4127450" lon="2.1597450">
<ele>104.07</ele>
<time>2025-09-22T16:47:04.000Z</time>
</trkpt>
<trkpt lat="41.4126100" lon="2.1595483">
<ele>102.27</ele>
<time>2025-09-22T16:47:12.000Z</time>
</trkpt>
<trkpt lat="41.4124900" lon="2.1593400">
<ele>100.49</ele>
<time>2025-09-22T16:47:16.000Z</time>
</trkpt>
<trkpt lat="41.4123317" lon="2.1591067">
<ele>97.17</ele>
<time>2025-09-22T16:47:20.000Z</time>
</trkpt>
<trkpt lat="41.4122033" lon="2.1588817">
<ele>94.31</ele>
<time>2025-09-22T16:47:24.000Z</time>
</trkpt>
<trkpt lat="41.4120850" lon="2.1586917">
<ele>91.22</ele>
<time>2025-09-22T16:47:31.000Z</time>
</trkpt>
<trkpt lat="41.4119467" lon="2.1584550">
<ele>90.25</ele>
<time>2025-09-22T16:47:36.000Z</time>
</trkpt>
<trkpt lat="41.4118167" lon="2.1582650">
<ele>89.31</ele>
<time>2025-09-22T16:47:39.000Z</time>
</trkpt>
<trkpt lat="41.4116933" lon="2.1580750">
<ele>87.92</ele>
<time>2025-09-22T16:47:42.000Z</time>
</trkpt>
<trkpt lat="41.4115600" lon="2.1578233">
<ele>86.89</ele>
<time>2025-09-22T16:47:46.000Z</time>
</trkpt>
<trkpt lat="41.4114167" lon="2.1576233">
<ele>87.71</ele>
<time>2025-09-22T16:47:52.000Z</time>
</trkpt>
<trkpt lat="41.4112500" lon="2.1574367">
<ele>87.27</ele>
<time>2025-09-22T16:47:59.000Z</time>
</trkpt>
<trkpt lat="41.4111317" lon="2.1572150">
<ele>87.95</ele>
<time>2025-09-22T16:48:03.000Z</time>
</trkpt>
<trkpt lat="41.4109950" lon="2.1569967">
<ele>87.61</ele>
<time>2025-09-22T16:48:07.000Z</time>
</trkpt>
<trkpt lat="41.4108783" lon="2.1568117">
<ele>87.40</ele>
<time>2025-09-22T16:48:10.000Z</time>
</trkpt>
<trkpt lat="41.4107583" lon="2.1565933">
<ele>87.01</ele>
<time>2025-09-22T16:48:13.000Z</time>
</trkpt>
<trkpt lat="41.4106333" lon="2.1563933">
<ele>86.30</ele>
<time>2025-09-22T16:48:16.000Z</time>
</trkpt>
<trkpt lat="41.4104917" lon="2.1562117">
<ele>85.90</ele>
<time>2025-09-22T16:48:19.000Z</time>
</trkpt>
<trkpt lat="41.4103483" lon="2.1560283">
<ele>85.89</ele>
<time>2025-09-22T16:48:22.000Z</time>
</trkpt>
<trkpt lat="41.4102050" lon="2.1558533">
<ele>85.83</ele>
<time>2025-09-22T16:48:25.000Z</time>
</trkpt>
<trkpt lat="41.4100717" lon="2.1556600">
<ele>86.02</ele>
<time>2025-09-22T16:48:28.000Z</time>
</trkpt>
<trkpt lat="41.4099383" lon="2.1554700">
<ele>86.15</ele>
<time>2025-09-22T16:48:31.000Z</time>
</trkpt>
<trkpt lat="41.4097933" lon="2.1552800">
<ele>85.74</ele>
<time>2025-09-22T16:48:34.000Z</time>
</trkpt>
<trkpt lat="41.4096650" lon="2.1550500">
<ele>85.59</ele>
<time>2025-09-22T16:48:37.000Z</time>
</trkpt>
<trkpt lat="41.4095367" lon="2.1548150">
<ele>84.85</ele>
<time>2025-09-22T16:48:40.000Z</time>
</trkpt>
<trkpt lat="41.4094383" lon="2.1545500">
<ele>85.09</ele>
<time>2025-09-22T16:48:43.000Z</time>
</trkpt>
<trkpt lat="41.4093650" lon="2.1542967">
<ele>84.39</ele>
<time>2025-09-22T16:48:46.000Z</time>
</trkpt>
<trkpt lat="41.4092900" lon="2.1540533">
<ele>83.79</ele>
<time>2025-09-22T16:48:49.000Z</time>
</trkpt>
<trkpt lat="41.4092050" lon="2.1538100">
<ele>82.17</ele>
<time>2025-09-22T16:48:52.000Z</time>
</trkpt>
<trkpt lat="41.4091133" lon="2.1535817">
<ele>82.47</ele>
<time>2025-09-22T16:48:55.000Z</time>
</trkpt>
<trkpt lat="41.4090217" lon="2.1533683">
<ele>83.87</ele>
<time>2025-09-22T16:48:58.000Z</time>
</trkpt>
<trkpt lat="41.4089400" lon="2.1531183">
<ele>84.56</ele>
<time>2025-09-22T16:49:01.000Z</time>
</trkpt>
<trkpt lat="41.4088500" lon="2.1528983">
<ele>84.81</ele>
<time>2025-09-22T16:49:04.000Z</time>
</trkpt>
<trkpt lat="41.4087767" lon="2.1526783">
<ele>87.88</ele>
<time>2025-09-22T16:49:13.000Z</time>
</trkpt>
<trkpt lat="41.4086733" lon="2.1524567">
<ele>82.76</ele>
<time>2025-09-22T16:49:46.000Z</time>
</trkpt>
<trkpt lat="41.4085717" lon="2.1522500">
<ele>84.57</ele>
<time>2025-09-22T16:49:50.000Z</time>
</trkpt>
<trkpt lat="41.4084800" lon="2.1519950">
<ele>85.73</ele>
<time>2025-09-22T16:49:54.000Z</time>
</trkpt>
<trkpt lat="41.4083633" lon="2.1517333">
<ele>87.27</ele>
<time>2025-09-22T16:49:58.000Z</time>
</trkpt>
<trkpt lat="41.4082383" lon="2.1514717">
<ele>88.30</ele>
<time>2025-09-22T16:50:02.000Z</time>
</trkpt>
<trkpt lat="41.4081467" lon="2.1512583">
<ele>87.73</ele>
<time>2025-09-22T16:50:05.000Z</time>
</trkpt>
<trkpt lat="41.4080567" lon="2.1510033">
<ele>86.72</ele>
<time>2025-09-22T16:50:08.000Z</time>
</trkpt>
<trkpt lat="41.4079833" lon="2.1507500">
<ele>85.11</ele>
<time>2025-09-22T16:50:11.000Z</time>
</trkpt>
<trkpt lat="41.4079017" lon="2.1505233">
<ele>83.85</ele>
<time>2025-09-22T16:50:14.000Z</time>
</trkpt>
<trkpt lat="41.4077700" lon="2.1503467">
<ele>84.84</ele>
<time>2025-09-22T16:50:18.000Z</time>
</trkpt>
<trkpt lat="41.4076100" lon="2.1501467">
<ele>87.01</ele>
<time>2025-09-22T16:50:23.000Z</time>
</trkpt>
<trkpt lat="41.4074533" lon="2.1499667">
<ele>88.20</ele>
<time>2025-09-22T16:50:27.000Z</time>
</trkpt>
<trkpt lat="41.4072483" lon="2.1498867">
<ele>89.08</ele>
<time>2025-09-22T16:50:31.000Z</time>
</trkpt>
<trkpt lat="41.4070217" lon="2.1498233">
<ele>88.26</ele>
<time>2025-09-22T16:50:35.000Z</time>
</trkpt>
<trkpt lat="41.4068733" lon="2.1496767">
<ele>87.17</ele>
<time>2025-09-22T16:50:38.000Z</time>
</trkpt>
<trkpt lat="41.4067167" lon="2.1495100">
<ele>84.76</ele>
<time>2025-09-22T16:50:43.000Z</time>
</trkpt>
<trkpt lat="41.4065583" lon="2.1493467">
<ele>85.57</ele>
<time>2025-09-22T16:51:19.000Z</time>
</trkpt>
<trkpt lat="41.4064233" lon="2.1491483">
<ele>87.19</ele>
<time>2025-09-22T16:51:30.000Z</time>
</trkpt>
<trkpt lat="41.4063617" lon="2.1488617">
<ele>87.71</ele>
<time>2025-09-22T16:51:36.000Z</time>
</trkpt>
<trkpt lat="41.4063000" lon="2.1485933">
<ele>88.07</ele>
<time>2025-09-22T16:51:41.000Z</time>
</trkpt>
<trkpt lat="41.4061850" lon="2.1483633">
<ele>87.58</ele>
<time>2025-09-22T16:51:45.000Z</time>
</trkpt>
<trkpt lat="41.4060383" lon="2.1481333">
<ele>87.70</ele>
<time>2025-09-22T16:51:49.000Z</time>
</trkpt>
<trkpt lat="41.4059817" lon="2.1478750">
<ele>87.39</ele>
<time>2025-09-22T16:51:53.000Z</time>
</trkpt>
<trkpt lat="41.4059400" lon="2.1476383">
<ele>85.12</ele>
<time>2025-09-22T16:51:58.000Z</time>
</trkpt>
<trkpt lat="41.4059083" lon="2.1473767">
<ele>85.04</ele>
<time>2025-09-22T16:52:02.000Z</time>
</trkpt>
<trkpt lat="41.4058933" lon="2.1470900">
<ele>84.42</ele>
<time>2025-09-22T16:52:06.000Z</time>
</trkpt>
<trkpt lat="41.4058983" lon="2.1467983">
<ele>83.52</ele>
<time>2025-09-22T16:52:11.000Z</time>
</trkpt>
<trkpt lat="41.4058717" lon="2.1465317">
<ele>83.84</ele>
<time>2025-09-22T16:52:15.000Z</time>
</trkpt>
<trkpt lat="41.4058100" lon="2.1462700">
<ele>83.03</ele>
<time>2025-09-22T16:52:19.000Z</time>
</trkpt>
<trkpt lat="41.4057717" lon="2.1460083">
<ele>83.12</ele>
<time>2025-09-22T16:52:24.000Z</time>
</trkpt>
<trkpt lat="41.4057767" lon="2.1457333">
<ele>84.17</ele>
<time>2025-09-22T16:52:31.000Z</time>
</trkpt>
<trkpt lat="41.4057283" lon="2.1454317">
<ele>88.18</ele>
<time>2025-09-22T16:52:35.000Z</time>
</trkpt>
<trkpt lat="41.4057117" lon="2.1451700">
<ele>88.32</ele>
<time>2025-09-22T16:52:38.000Z</time>
</trkpt>
<trkpt lat="41.4056617" lon="2.1448917">
<ele>87.45</ele>
<time>2025-09-22T16:52:41.000Z</time>
</trkpt>
<trkpt lat="41.4055967" lon="2.1446200">
<ele>87.58</ele>
<time>2025-09-22T16:52:44.000Z</time>
</trkpt>
<trkpt lat="41.4055467" lon="2.1443300">
<ele>87.70</ele>
<time>2025-09-22T16:52:47.000Z</time>
</trkpt>
<trkpt lat="41.4054883" lon="2.1440433">
<ele>86.61</ele>
<time>2025-09-22T16:52:50.000Z</time>
</trkpt>
<trkpt lat="41.4054300" lon="2.1437933">
<ele>87.52</ele>
<time>2025-09-22T16:52:53.000Z</time>
</trkpt>
<trkpt lat="41.4053567" lon="2.1435467">
<ele>88.58</ele>
<time>2025-09-22T16:52:56.000Z</time>
</trkpt>
<trkpt lat="41.4052967" lon="2.1432867">
<ele>89.61</ele>
<time>2025-09-22T16:52:59.000Z</time>
</trkpt>
<trkpt lat="41.4052483" lon="2.1429933">
<ele>90.56</ele>
<time>2025-09-22T16:53:02.000Z</time>
</trkpt>
<trkpt lat="41.4051917" lon="2.1426867">
<ele>90.25</ele>
<time>2025-09-22T16:53:05.000Z</time>
</trkpt>
<trkpt lat="41.4051233" lon="2.1424283">
<ele>89.99</ele>
<time>2025-09-22T16:53:08.000Z</time>
</trkpt>
<trkpt lat="41.4050467" lon="2.1421600">
<ele>89.00</ele>
<time>2025-09-22T16:53:11.000Z</time>
</trkpt>
<trkpt lat="41.4049633" lon="2.1418750">
<ele>87.87</ele>
<time>2025-09-22T16:53:14.000Z</time>
</trkpt>
<trkpt lat="41.4048800" lon="2.1416100">
<ele>86.92</ele>
<time>2025-09-22T16:53:17.000Z</time>
</trkpt>
<trkpt lat="41.4047767" lon="2.1413483">
<ele>85.49</ele>
<time>2025-09-22T16:53:20.000Z</time>
</trkpt>
<trkpt lat="41.4046767" lon="2.1411217">
<ele>84.36</ele>
<time>2025-09-22T16:53:23.000Z</time>
</trkpt>
<trkpt lat="41.4045667" lon="2.1409133">
<ele>83.95</ele>
<time>2025-09-22T16:53:26.000Z</time>
</trkpt>
<trkpt lat="41.4044817" lon="2.1406833">
<ele>83.90</ele>
<time>2025-09-22T16:53:29.000Z</time>
</trkpt>
<trkpt lat="41.4044050" lon="2.1404633">
<ele>85.11</ele>
<time>2025-09-22T16:53:34.000Z</time>
</trkpt>
<trkpt lat="41.4042933" lon="2.1402733">
<ele>85.98</ele>
<time>2025-09-22T16:53:44.000Z</time>
</trkpt>
<trkpt lat="41.4041717" lon="2.1400867">
<ele>87.78</ele>
<time>2025-09-22T16:53:49.000Z</time>
</trkpt>
<trkpt lat="41.4040667" lon="2.1398883">
<ele>89.85</ele>
<time>2025-09-22T16:53:54.000Z</time>
</trkpt>
<trkpt lat="41.4039733" lon="2.1396717">
<ele>92.56</ele>
<time>2025-09-22T16:53:59.000Z</time>
</trkpt>
<trkpt lat="41.4038567" lon="2.1394533">
<ele>93.84</ele>
<time>2025-09-22T16:54:04.000Z</time>
</trkpt>
<trkpt lat="41.4037300" lon="2.1392717">
<ele>94.48</ele>
<time>2025-09-22T16:54:09.000Z</time>
</trkpt>
<trkpt lat="41.4035933" lon="2.1390883">
<ele>94.84</ele>
<time>2025-09-22T16:54:14.000Z</time>
</trkpt>
<trkpt lat="41.4034467" lon="2.1389217">
<ele>94.16</ele>
<time>2025-09-22T16:54:19.000Z</time>
</trkpt>
<trkpt lat="41.4032867" lon="2.1387383">
<ele>92.72</ele>
<time>2025-09-22T16:54:24.000Z</time>
</trkpt>
<trkpt lat="41.4031150" lon="2.1385633">
<ele>91.58</ele>
<time>2025-09-22T16:54:29.000Z</time>
</trkpt>
<trkpt lat="41.4029633" lon="2.1383900">
<ele>90.35</ele>
<time>2025-09-22T16:54:34.000Z</time>
</trkpt>
<trkpt lat="41.4028133" lon="2.1381700">
<ele>90.14</ele>
<time>2025-09-22T16:54:39.000Z</time>
</trkpt>
<trkpt lat="41.4027200" lon="2.1379350">
<ele>89.81</ele>
<time>2025-09-22T16:54:43.000Z</time>
</trkpt>
<trkpt lat="41.4025517" lon="2.1377517">
<ele>89.85</ele>
<time>2025-09-22T16:54:47.000Z</time>
</trkpt>
<trkpt lat="41.4023717" lon="2.1376167">
<ele>89.68</ele>
<time>2025-09-22T16:54:50.000Z</time>
</trkpt>
<trkpt lat="41.4022067" lon="2.1374433">
<ele>89.67</ele>
<time>2025-09-22T16:54:53.000Z</time>
</trkpt>
<trkpt lat="41.4020400" lon="2.1372317">
<ele>89.42</ele>
<time>2025-09-22T16:54:56.000Z</time>
</trkpt>
<trkpt lat="41.4018633" lon="2.1370233">
<ele>89.26</ele>
<time>2025-09-22T16:54:59.000Z</time>
</trkpt>
<trkpt lat="41.4016800" lon="2.1368033">
<ele>88.82</ele>
<time>2025-09-22T16:55:02.000Z</time>
</trkpt>
<trkpt lat="41.4015017" lon="2.1365867">
<ele>88.27</ele>
<time>2025-09-22T16:55:05.000Z</time>
</trkpt>
<trkpt lat="41.4013367" lon="2.1363867">
<ele>88.25</ele>
<time>2025-09-22T16:55:08.000Z</time>
</trkpt>
<trkpt lat="41.4011933" lon="2.1361217">
<ele>88.46</ele>
<time>2025-09-22T16:55:11.000Z</time>
</trkpt>
<trkpt lat="41.4010433" lon="2.1358833">
<ele>87.25</ele>
<time>2025-09-22T16:55:14.000Z</time>
</trkpt>
<trkpt lat="41.4008583" lon="2.1356883">
<ele>85.63</ele>
<time>2025-09-22T16:55:17.000Z</time>
</trkpt>
<trkpt lat="41.4007050" lon="2.1354917">
<ele>84.28</ele>
<time>2025-09-22T16:55:20.000Z</time>
</trkpt>
<trkpt lat="41.4005767" lon="2.1352750">
<ele>82.02</ele>
<time>2025-09-22T16:55:24.000Z</time>
</trkpt>
<trkpt lat="41.4004300" lon="2.1351317">
<ele>83.65</ele>
<time>2025-09-22T16:56:14.000Z</time>
</trkpt>
<trkpt lat="41.4002800" lon="2.1349800">
<ele>86.74</ele>
<time>2025-09-22T16:56:22.000Z</time>
</trkpt>
<trkpt lat="41.4001517" lon="2.1347900">
<ele>89.70</ele>
<time>2025-09-22T16:56:32.000Z</time>
</trkpt>
<trkpt lat="41.3999883" lon="2.1346483">
<ele>92.92</ele>
<time>2025-09-22T16:56:48.000Z</time>
</trkpt>
<trkpt lat="41.3998600" lon="2.1344633">
<ele>92.60</ele>
<time>2025-09-22T16:56:54.000Z</time>
</trkpt>
<trkpt lat="41.3997200" lon="2.1343050">
<ele>91.93</ele>
<time>2025-09-22T16:56:58.000Z</time>
</trkpt>
<trkpt lat="41.3995733" lon="2.1341283">
<ele>89.38</ele>
<time>2025-09-22T16:57:04.000Z</time>
</trkpt>
<trkpt lat="41.3996983" lon="2.1339417">
<ele>91.99</ele>
<time>2025-09-22T16:57:11.000Z</time>
</trkpt>
<trkpt lat="41.3998917" lon="2.1337883">
<ele>94.43</ele>
<time>2025-09-22T16:57:16.000Z</time>
</trkpt>
<trkpt lat="41.4000700" lon="2.1336667">
<ele>95.14</ele>
<time>2025-09-22T16:57:20.000Z</time>
</trkpt>
<trkpt lat="41.4002417" lon="2.1335300">
<ele>96.39</ele>
<time>2025-09-22T16:57:24.000Z</time>
</trkpt>
<trkpt lat="41.4004317" lon="2.1334117">
<ele>97.19</ele>
<time>2025-09-22T16:57:29.000Z</time>
</trkpt>
<trkpt lat="41.4006050" lon="2.1332583">
<ele>97.74</ele>
<time>2025-09-22T16:57:37.000Z</time>
</trkpt>
<trkpt lat="41.4007700" lon="2.1331083">
<ele>97.47</ele>
<time>2025-09-22T16:57:42.000Z</time>
</trkpt>
<trkpt lat="41.4009150" lon="2.1329567">
<ele>96.85</ele>
<time>2025-09-22T16:57:46.000Z</time>
</trkpt>
<trkpt lat="41.4010817" lon="2.1328383">
<ele>100.45</ele>
<time>2025-09-22T16:57:50.000Z</time>
</trkpt>
<trkpt lat="41.4012800" lon="2.1327083">
<ele>104.95</ele>
<time>2025-09-22T16:57:55.000Z</time>
</trkpt>
<trkpt lat="41.4014400" lon="2.1325800">
<ele>104.57</ele>
<time>2025-09-22T16:57:59.000Z</time>
</trkpt>
<trkpt lat="41.4016117" lon="2.1324467">
<ele>105.62</ele>
<time>2025-09-22T16:58:03.000Z</time>
</trkpt>
<trkpt lat="41.4017783" lon="2.1323033">
<ele>108.69</ele>
<time>2025-09-22T16:58:07.000Z</time>
</trkpt>
<trkpt lat="41.4019417" lon="2.1321217">
<ele>112.91</ele>
<time>2025-09-22T16:58:12.000Z</time>
</trkpt>
<trkpt lat="41.4020917" lon="2.1319717">
<ele>114.76</ele>
<time>2025-09-22T16:58:17.000Z</time>
</trkpt>
<trkpt lat="41.4022550" lon="2.1318583">
<ele>116.39</ele>
<time>2025-09-22T16:58:22.000Z</time>
</trkpt>
<trkpt lat="41.4024383" lon="2.1317483">
<ele>116.26</ele>
<time>2025-09-22T16:58:27.000Z</time>
</trkpt>
<trkpt lat="41.4026100" lon="2.1316600">
<ele>114.81</ele>
<time>2025-09-22T16:58:32.000Z</time>
</trkpt>
<trkpt lat="41.4027783" lon="2.1315000">
<ele>121.40</ele>
<time>2025-09-22T16:58:39.000Z</time>
</trkpt>
<trkpt lat="41.4029567" lon="2.1313750">
<ele>124.87</ele>
<time>2025-09-22T16:58:45.000Z</time>
</trkpt>
<trkpt lat="41.4031300" lon="2.1312833">
<ele>137.45</ele>
<time>2025-09-22T16:58:52.000Z</time>
</trkpt>
<trkpt lat="41.4032717" lon="2.1311333">
<ele>138.55</ele>
<time>2025-09-22T16:58:57.000Z</time>
</trkpt>
<trkpt lat="41.4034133" lon="2.1309850">
<ele>134.20</ele>
<time>2025-09-22T16:59:02.000Z</time>
</trkpt>
<trkpt lat="41.4035800" lon="2.1308633">
<ele>131.48</ele>
<time>2025-09-22T16:59:08.000Z</time>
</trkpt>
<trkpt lat="41.4037483" lon="2.1307567">
<ele>129.22</ele>
<time>2025-09-22T16:59:14.000Z</time>
</trkpt>
<trkpt lat="41.4039200" lon="2.1306333">
<ele>128.46</ele>
<time>2025-09-22T16:59:22.000Z</time>
</trkpt>
<trkpt lat="41.4040783" lon="2.1305167">
<ele>136.79</ele>
<time>2025-09-22T16:59:29.000Z</time>
</trkpt>
<trkpt lat="41.4042567" lon="2.1304067">
<ele>151.62</ele>
<time>2025-09-22T16:59:37.000Z</time>
</trkpt>
<trkpt lat="41.4044367" lon="2.1302383">
<ele>158.61</ele>
<time>2025-09-22T16:59:44.000Z</time>
</trkpt>
<trkpt lat="41.4046000" lon="2.1301133">
<ele>151.67</ele>
<time>2025-09-22T16:59:50.000Z</time>
</trkpt>
<trkpt lat="41.4047817" lon="2.1302217">
<ele>144.13</ele>
<time>2025-09-22T17:00:05.000Z</time>
</trkpt>
<trkpt lat="41.4049233" lon="2.1303933">
<ele>144.74</ele>
<time>2025-09-22T17:00:11.000Z</time>
</trkpt>
<trkpt lat="41.4050417" lon="2.1305867">
<ele>139.79</ele>
<time>2025-09-22T17:00:25.000Z</time>
</trkpt>
<trkpt lat="41.4051383" lon="2.1308067">
<ele>140.56</ele>
<time>2025-09-22T17:00:35.000Z</time>
</trkpt>
<trkpt lat="41.4052783" lon="2.1310250">
<ele>139.25</ele>
<time>2025-09-22T17:00:40.000Z</time>
</trkpt>
<trkpt lat="41.4054133" lon="2.1312267">
<ele>138.05</ele>
<time>2025-09-22T17:00:44.000Z</time>
</trkpt>
<trkpt lat="41.4055550" lon="2.1314450">
<ele>136.22</ele>
<time>2025-09-22T17:00:48.000Z</time>
</trkpt>
<trkpt lat="41.4056733" lon="2.1317017">
<ele>134.00</ele>
<time>2025-09-22T17:00:52.000Z</time>
</trkpt>
<trkpt lat="41.4057600" lon="2.1319250">
<ele>132.53</ele>
<time>2025-09-22T17:00:55.000Z</time>
</trkpt>
<trkpt lat="41.4058933" lon="2.1321633">
<ele>130.88</ele>
<time>2025-09-22T17:00:59.000Z</time>
</trkpt>
<trkpt lat="41.4059783" lon="2.1323967">
<ele>129.09</ele>
<time>2025-09-22T17:01:04.000Z</time>
</trkpt>
<trkpt lat="41.4060833" lon="2.1326083">
<ele>128.11</ele>
<time>2025-09-22T17:01:14.000Z</time>
</trkpt>
<trkpt lat="41.4062283" lon="2.1327917">
<ele>130.18</ele>
<time>2025-09-22T17:01:35.000Z</time>
</trkpt>
<trkpt lat="41.4063600" lon="2.1330000">
<ele>131.07</ele>
<time>2025-09-22T17:01:47.000Z</time>
</trkpt>
<trkpt lat="41.4063933" lon="2.1332433">
<ele>131.29</ele>
<time>2025-09-22T17:01:54.000Z</time>
</trkpt>
<trkpt lat="41.4062283" lon="2.1334683">
<ele>131.52</ele>
<time>2025-09-22T17:01:58.000Z</time>
</trkpt>
<trkpt lat="41.4061033" lon="2.1336433">
<ele>131.44</ele>
<time>2025-09-22T17:02:01.000Z</time>
</trkpt>
<trkpt lat="41.4059633" lon="2.1339050">
<ele>130.76</ele>
<time>2025-09-22T17:02:05.000Z</time>
</trkpt>
<trkpt lat="41.4058233" lon="2.1341600">
<ele>130.01</ele>
<time>2025-09-22T17:02:09.000Z</time>
</trkpt>
<trkpt lat="41.4057133" lon="2.1343583">
<ele>129.95</ele>
<time>2025-09-22T17:02:12.000Z</time>
</trkpt>
<trkpt lat="41.4056000" lon="2.1345667">
<ele>129.69</ele>
<time>2025-09-22T17:02:15.000Z</time>
</trkpt>
<trkpt lat="41.4054617" lon="2.1347650">
<ele>127.75</ele>
<time>2025-09-22T17:02:20.000Z</time>
</trkpt>
<trkpt lat="41.4053567" lon="2.1349833">
<ele>127.48</ele>
<time>2025-09-22T17:02:28.000Z</time>
</trkpt>
<trkpt lat="41.4052167" lon="2.1351683">
<ele>128.42</ele>
<time>2025-09-22T17:02:32.000Z</time>
</trkpt>
<trkpt lat="41.4050617" lon="2.1353183">
<ele>129.41</ele>
<time>2025-09-22T17:02:36.000Z</time>
</trkpt>
<trkpt lat="41.4049083" lon="2.1355150">
<ele>129.08</ele>
<time>2025-09-22T17:02:45.000Z</time>
</trkpt>
<trkpt lat="41.4047533" lon="2.1357183">
<ele>131.22</ele>
<time>2025-09-22T17:02:51.000Z</time>
</trkpt>
<trkpt lat="41.4045567" lon="2.1359417">
<ele>131.99</ele>
<time>2025-09-22T17:02:55.000Z</time>
</trkpt>
<trkpt lat="41.4043983" lon="2.1361250">
<ele>131.63</ele>
<time>2025-09-22T17:02:58.000Z</time>
</trkpt>
<trkpt lat="41.4042533" lon="2.1363217">
<ele>130.94</ele>
<time>2025-09-22T17:03:02.000Z</time>
</trkpt>
<trkpt lat="41.4041317" lon="2.1365650">
<ele>128.85</ele>
<time>2025-09-22T17:03:15.000Z</time>
</trkpt>
<trkpt lat="41.4039467" lon="2.1366483">
<ele>122.37</ele>
<time>2025-09-22T17:03:22.000Z</time>
</trkpt>
<trkpt lat="41.4038050" lon="2.1368267">
<ele>123.22</ele>
<time>2025-09-22T17:03:28.000Z</time>
</trkpt>
<trkpt lat="41.4036650" lon="2.1369900">
<ele>122.15</ele>
<time>2025-09-22T17:03:32.000Z</time>
</trkpt>
<trkpt lat="41.4035100" lon="2.1371633">
<ele>118.89</ele>
<time>2025-09-22T17:03:43.000Z</time>
</trkpt>
<trkpt lat="41.4033783" lon="2.1373350">
<ele>116.73</ele>
<time>2025-09-22T17:03:48.000Z</time>
</trkpt>
<trkpt lat="41.4032300" lon="2.1375000">
<ele>115.26</ele>
<time>2025-09-22T17:03:53.000Z</time>
</trkpt>
<trkpt lat="41.4031167" lon="2.1377067">
<ele>110.45</ele>
<time>2025-09-22T17:04:28.000Z</time>
</trkpt>
<trkpt lat="41.4029733" lon="2.1379133">
<ele>109.95</ele>
<time>2025-09-22T17:04:32.000Z</time>
</trkpt>
<trkpt lat="41.4027783" lon="2.1380367">
<ele>110.17</ele>
<time>2025-09-22T17:04:36.000Z</time>
</trkpt>
<trkpt lat="41.4025983" lon="2.1382317">
<ele>110.49</ele>
<time>2025-09-22T17:04:40.000Z</time>
</trkpt>
<trkpt lat="41.4024733" lon="2.1384483">
<ele>111.04</ele>
<time>2025-09-22T17:04:43.000Z</time>
</trkpt>
<trkpt lat="41.4023567" lon="2.1386533">
<ele>111.58</ele>
<time>2025-09-22T17:04:46.000Z</time>
</trkpt>
<trkpt lat="41.4022467" lon="2.1388450">
<ele>111.86</ele>
<time>2025-09-22T17:04:49.000Z</time>
</trkpt>
<trkpt lat="41.4021050" lon="2.1390150">
<ele>112.92</ele>
<time>2025-09-22T17:04:52.000Z</time>
</trkpt>
<trkpt lat="41.4019533" lon="2.1392133">
<ele>112.70</ele>
<time>2025-09-22T17:04:55.000Z</time>
</trkpt>
<trkpt lat="41.4017817" lon="2.1394033">
<ele>112.06</ele>
<time>2025-09-22T17:04:58.000Z</time>
</trkpt>
<trkpt lat="41.4016267" lon="2.1396000">
<ele>109.53</ele>
<time>2025-09-22T17:05:01.000Z</time>
</trkpt>
<trkpt lat="41.4014767" lon="2.1398050">
<ele>106.67</ele>
<time>2025-09-22T17:05:04.000Z</time>
</trkpt>
<trkpt lat="41.4013317" lon="2.1400350">
<ele>104.36</ele>
<time>2025-09-22T17:05:07.000Z</time>
</trkpt>
<trkpt lat="41.4011617" lon="2.1402867">
<ele>101.95</ele>
<time>2025-09-22T17:05:10.000Z</time>
</trkpt>
<trkpt lat="41.4009650" lon="2.1405350">
<ele>99.11</ele>
<time>2025-09-22T17:05:13.000Z</time>
</trkpt>
<trkpt lat="41.4008200" lon="2.1407133">
<ele>97.54</ele>
<time>2025-09-22T17:05:15.000Z</time>
</trkpt>
<trkpt lat="41.4006833" lon="2.1408983">
<ele>96.20</ele>
<time>2025-09-22T17:05:17.000Z</time>
</trkpt>
<trkpt lat="41.4005483" lon="2.1410883">
<ele>94.89</ele>
<time>2025-09-22T17:05:19.000Z</time>
</trkpt>
<trkpt lat="41.4004250" lon="2.1412717">
<ele>93.73</ele>
<time>2025-09-22T17:05:21.000Z</time>
</trkpt>
<trkpt lat="41.4002933" lon="2.1414483">
<ele>92.42</ele>
<time>2025-09-22T17:05:23.000Z</time>
</trkpt>
<trkpt lat="41.4001633" lon="2.1416250">
<ele>90.86</ele>
<time>2025-09-22T17:05:25.000Z</time>
</trkpt>
<trkpt lat="41.4000200" lon="2.1417767">
<ele>89.59</ele>
<time>2025-09-22T17:05:27.000Z</time>
</trkpt>
<trkpt lat="41.3998850" lon="2.1419417">
<ele>88.63</ele>
<time>2025-09-22T17:05:29.000Z</time>
</trkpt>
<trkpt lat="41.3997033" lon="2.1421917">
<ele>87.28</ele>
<time>2025-09-22T17:05:32.000Z</time>
</trkpt>
<trkpt lat="41.3995117" lon="2.1424183">
<ele>85.66</ele>
<time>2025-09-22T17:05:35.000Z</time>
</trkpt>
<trkpt lat="41.3993433" lon="2.1426350">
<ele>83.43</ele>
<time>2025-09-22T17:05:38.000Z</time>
</trkpt>
<trkpt lat="41.3991750" lon="2.1428633">
<ele>81.62</ele>
<time>2025-09-22T17:05:41.000Z</time>
</trkpt>
<trkpt lat="41.3990233" lon="2.1431083">
<ele>78.86</ele>
<time>2025-09-22T17:05:44.000Z</time>
</trkpt>
<trkpt lat="41.3988350" lon="2.1433317">
<ele>77.12</ele>
<time>2025-09-22T17:05:47.000Z</time>
</trkpt>
<trkpt lat="41.3986650" lon="2.1435450">
<ele>74.81</ele>
<time>2025-09-22T17:05:50.000Z</time>
</trkpt>
<trkpt lat="41.3985283" lon="2.1437367">
<ele>72.72</ele>
<time>2025-09-22T17:05:53.000Z</time>
</trkpt>
<trkpt lat="41.3983850" lon="2.1439250">
<ele>70.80</ele>
<time>2025-09-22T17:05:58.000Z</time>
</trkpt>
<trkpt lat="41.3982483" lon="2.1441050">
<ele>71.15</ele>
<time>2025-09-22T17:06:08.000Z</time>
</trkpt>
<trkpt lat="41.3981267" lon="2.1443300">
<ele>70.71</ele>
<time>2025-09-22T17:06:13.000Z</time>
</trkpt>
<trkpt lat="41.3980150" lon="2.1445233">
<ele>69.62</ele>
<time>2025-09-22T17:06:16.000Z</time>
</trkpt>
<trkpt lat="41.3978517" lon="2.1447167">
<ele>68.04</ele>
<time>2025-09-22T17:06:19.000Z</time>
</trkpt>
<trkpt lat="41.3976950" lon="2.1449117">
<ele>66.92</ele>
<time>2025-09-22T17:06:22.000Z</time>
</trkpt>
<trkpt lat="41.3975717" lon="2.1450933">
<ele>64.97</ele>
<time>2025-09-22T17:06:25.000Z</time>
</trkpt>
<trkpt lat="41.3974200" lon="2.1452817">
<ele>63.34</ele>
<time>2025-09-22T17:06:28.000Z</time>
</trkpt>
<trkpt lat="41.3972617" lon="2.1454667">
<ele>62.84</ele>
<time>2025-09-22T17:06:31.000Z</time>
</trkpt>
<trkpt lat="41.3970967" lon="2.1456550">
<ele>63.31</ele>
<time>2025-09-22T17:06:35.000Z</time>
</trkpt>
<trkpt lat="41.3969567" lon="2.1458200">
<ele>60.97</ele>
<time>2025-09-22T17:06:41.000Z</time>
</trkpt>
<trkpt lat="41.3968583" lon="2.1460450">
<ele>65.68</ele>
<time>2025-09-22T17:06:53.000Z</time>
</trkpt>
<trkpt lat="41.3966967" lon="2.1461783">
<ele>65.26</ele>
<time>2025-09-22T17:07:02.000Z</time>
</trkpt>
<trkpt lat="41.3965450" lon="2.1463400">
<ele>61.25</ele>
<time>2025-09-22T17:07:08.000Z</time>
</trkpt>
<trkpt lat="41.3964000" lon="2.1465000">
<ele>59.34</ele>
<time>2025-09-22T17:07:27.000Z</time>
</trkpt>
<trkpt lat="41.3962233" lon="2.1466917">
<ele>60.35</ele>
<time>2025-09-22T17:07:32.000Z</time>
</trkpt>
<trkpt lat="41.3960883" lon="2.1468567">
<ele>60.52</ele>
<time>2025-09-22T17:07:35.000Z</time>
</trkpt>
<trkpt lat="41.3960383" lon="2.1471200">
<ele>59.44</ele>
<time>2025-09-22T17:07:41.000Z</time>
</trkpt>
<trkpt lat="41.3961567" lon="2.1473067">
<ele>57.79</ele>
<time>2025-09-22T17:07:44.000Z</time>
</trkpt>
<trkpt lat="41.3962850" lon="2.1475117">
<ele>57.80</ele>
<time>2025-09-22T17:07:50.000Z</time>
</trkpt>
<trkpt lat="41.3963783" lon="2.1477383">
<ele>58.40</ele>
<time>2025-09-22T17:07:57.000Z</time>
</trkpt>
<trkpt lat="41.3962217" lon="2.1479067">
<ele>57.08</ele>
<time>2025-09-22T17:08:02.000Z</time>
</trkpt>
<trkpt lat="41.3960583" lon="2.1480833">
<ele>56.06</ele>
<time>2025-09-22T17:08:06.000Z</time>
</trkpt>
<trkpt lat="41.3958783" lon="2.1482550">
<ele>54.54</ele>
<time>2025-09-22T17:08:10.000Z</time>
</trkpt>
<trkpt lat="41.3957067" lon="2.1484233">
<ele>53.51</ele>
<time>2025-09-22T17:08:15.000Z</time>
</trkpt>
<trkpt lat="41.3956033" lon="2.1486650">
<ele>52.35</ele>
<time>2025-09-22T17:08:51.000Z</time>
</trkpt>
<trkpt lat="41.3957133" lon="2.1488867">
<ele>53.41</ele>
<time>2025-09-22T17:08:56.000Z</time>
</trkpt>
<trkpt lat="41.3958383" lon="2.1490833">
<ele>53.56</ele>
<time>2025-09-22T17:09:00.000Z</time>
</trkpt>
<trkpt lat="41.3959467" lon="2.1492950">
<ele>54.02</ele>
<time>2025-09-22T17:09:04.000Z</time>
</trkpt>
<trkpt lat="41.3960667" lon="2.1495233">
<ele>52.63</ele>
<time>2025-09-22T17:09:08.000Z</time>
</trkpt>
<trkpt lat="41.3962000" lon="2.1497517">
<ele>53.24</ele>
<time>2025-09-22T17:09:12.000Z</time>
</trkpt>
<trkpt lat="41.3963400" lon="2.1499950">
<ele>53.82</ele>
<time>2025-09-22T17:09:16.000Z</time>
</trkpt>
<trkpt lat="41.3964900" lon="2.1502233">
<ele>54.05</ele>
<time>2025-09-22T17:09:20.000Z</time>
</trkpt>
<trkpt lat="41.3966450" lon="2.1504400">
<ele>54.27</ele>
<time>2025-09-22T17:09:24.000Z</time>
</trkpt>
<trkpt lat="41.3967633" lon="2.1506233">
<ele>54.05</ele>
<time>2025-09-22T17:09:29.000Z</time>
</trkpt>
<trkpt lat="41.3969217" lon="2.1507783">
<ele>59.01</ele>
<time>2025-09-22T17:09:56.000Z</time>
</trkpt>
<trkpt lat="41.3970300" lon="2.1509867">
<ele>58.98</ele>
<time>2025-09-22T17:10:00.000Z</time>
</trkpt>
<trkpt lat="41.3971717" lon="2.1512250">
<ele>58.68</ele>
<time>2025-09-22T17:10:04.000Z</time>
</trkpt>
<trkpt lat="41.3973033" lon="2.1514250">
<ele>58.82</ele>
<time>2025-09-22T17:10:08.000Z</time>
</trkpt>
<trkpt lat="41.3974133" lon="2.1516317">
<ele>61.70</ele>
<time>2025-09-22T17:10:24.000Z</time>
</trkpt>
<trkpt lat="41.3975150" lon="2.1518350">
<ele>63.66</ele>
<time>2025-09-22T17:10:32.000Z</time>
</trkpt>
<trkpt lat="41.3973800" lon="2.1520617">
<ele>68.90</ele>
<time>2025-09-22T17:10:42.000Z</time>
</trkpt>
<trkpt lat="41.3972183" lon="2.1522050">
<ele>69.83</ele>
<time>2025-09-22T17:10:46.000Z</time>
</trkpt>
<trkpt lat="41.3970700" lon="2.1523450">
<ele>69.93</ele>
<time>2025-09-22T17:10:50.000Z</time>
</trkpt>
<trkpt lat="41.3969233" lon="2.1524967">
<ele>68.19</ele>
<time>2025-09-22T17:11:10.000Z</time>
</trkpt>
<trkpt lat="41.3967450" lon="2.1527133">
<ele>68.23</ele>
<time>2025-09-22T17:11:14.000Z</time>
</trkpt>
<trkpt lat="41.3965917" lon="2.1529167">
<ele>67.98</ele>
<time>2025-09-22T17:11:17.000Z</time>
</trkpt>
<trkpt lat="41.3964433" lon="2.1531217">
<ele>66.92</ele>
<time>2025-09-22T17:11:20.000Z</time>
</trkpt>
<trkpt lat="41.3963083" lon="2.1533083">
<ele>65.74</ele>
<time>2025-09-22T17:11:23.000Z</time>
</trkpt>
<trkpt lat="41.3961717" lon="2.1534817">
<ele>63.99</ele>
<time>2025-09-22T17:11:26.000Z</time>
</trkpt>
<trkpt lat="41.3960250" lon="2.1536483">
<ele>60.07</ele>
<time>2025-09-22T17:11:32.000Z</time>
</trkpt>
<trkpt lat="41.3960817" lon="2.1539333">
<ele>57.04</ele>
<time>2025-09-22T17:11:42.000Z</time>
</trkpt>
<trkpt lat="41.3962233" lon="2.1541567">
<ele>57.12</ele>
<time>2025-09-22T17:11:46.000Z</time>
</trkpt>
<trkpt lat="41.3963650" lon="2.1543383">
<ele>56.69</ele>
<time>2025-09-22T17:11:49.000Z</time>
</trkpt>
<trkpt lat="41.3964833" lon="2.1545200">
<ele>54.01</ele>
<time>2025-09-22T17:11:52.000Z</time>
</trkpt>
<trkpt lat="41.3965883" lon="2.1547200">
<ele>49.06</ele>
<time>2025-09-22T17:11:57.000Z</time>
</trkpt>
<trkpt lat="41.3967300" lon="2.1549200">
<ele>48.66</ele>
<time>2025-09-22T17:12:25.000Z</time>
</trkpt>
<trkpt lat="41.3969100" lon="2.1549367">
<ele>52.02</ele>
<time>2025-09-22T17:12:36.000Z</time>
</trkpt>
<trkpt lat="41.3970800" lon="2.1547867">
<ele>52.82</ele>
<time>2025-09-22T17:12:41.000Z</time>
</trkpt>
<trkpt lat="41.3972700" lon="2.1546383">
<ele>53.25</ele>
<time>2025-09-22T17:12:46.000Z</time>
</trkpt>
<trkpt lat="41.3974300" lon="2.1544983">
<ele>54.50</ele>
<time>2025-09-22T17:12:50.000Z</time>
</trkpt>
<trkpt lat="41.3975817" lon="2.1543433">
<ele>55.97</ele>
<time>2025-09-22T17:12:55.000Z</time>
</trkpt>
<trkpt lat="41.3977517" lon="2.1542167">
<ele>57.26</ele>
<time>2025-09-22T17:13:02.000Z</time>
</trkpt>
<trkpt lat="41.3978967" lon="2.1544100">
<ele>57.45</ele>
<time>2025-09-22T17:13:07.000Z</time>
</trkpt>
<trkpt lat="41.3980000" lon="2.1546583">
<ele>56.38</ele>
<time>2025-09-22T17:13:12.000Z</time>
</trkpt>
<trkpt lat="41.3981217" lon="2.1548883">
<ele>54.45</ele>
<time>2025-09-22T17:13:17.000Z</time>
</trkpt>
<trkpt lat="41.3982317" lon="2.1550783">
<ele>52.30</ele>
<time>2025-09-22T17:13:21.000Z</time>
</trkpt>
<trkpt lat="41.3983617" lon="2.1552583">
<ele>50.45</ele>
<time>2025-09-22T17:13:25.000Z</time>
</trkpt>
<trkpt lat="41.3984767" lon="2.1554500">
<ele>48.43</ele>
<time>2025-09-22T17:13:30.000Z</time>
</trkpt>
<trkpt lat="41.3986283" lon="2.1556350">
<ele>50.62</ele>
<time>2025-09-22T17:13:39.000Z</time>
</trkpt>
<trkpt lat="41.3987650" lon="2.1558333">
<ele>50.87</ele>
<time>2025-09-22T17:13:44.000Z</time>
</trkpt>
<trkpt lat="41.3988933" lon="2.1560317">
<ele>49.95</ele>
<time>2025-09-22T17:13:49.000Z</time>
</trkpt>
<trkpt lat="41.3990017" lon="2.1562317">
<ele>49.59</ele>
<time>2025-09-22T17:13:54.000Z</time>
</trkpt>
<trkpt lat="41.3991767" lon="2.1563217">
<ele>54.72</ele>
<time>2025-09-22T17:14:19.000Z</time>
</trkpt>
<trkpt lat="41.3993250" lon="2.1561450">
<ele>62.14</ele>
<time>2025-09-22T17:14:24.000Z</time>
</trkpt>
<trkpt lat="41.3994967" lon="2.1560083">
<ele>63.65</ele>
<time>2025-09-22T17:14:30.000Z</time>
</trkpt>
<trkpt lat="41.3996467" lon="2.1562167">
<ele>64.71</ele>
<time>2025-09-22T17:14:39.000Z</time>
</trkpt>
<trkpt lat="41.3998117" lon="2.1563633">
<ele>63.51</ele>
<time>2025-09-22T17:14:44.000Z</time>
</trkpt>
<trkpt lat="41.3999483" lon="2.1565683">
<ele>60.14</ele>
<time>2025-09-22T17:14:50.000Z</time>
</trkpt>
<trkpt lat="41.4000217" lon="2.1568050">
<ele>56.92</ele>
<time>2025-09-22T17:14:57.000Z</time>
</trkpt>
<trkpt lat="41.4001333" lon="2.1570000">
<ele>55.62</ele>
<time>2025-09-22T17:15:03.000Z</time>
</trkpt>
<trkpt lat="41.4002517" lon="2.1572033">
<ele>52.92</ele>
<time>2025-09-22T17:15:10.000Z</time>
</trkpt>
<trkpt lat="41.4001033" lon="2.1574033">
<ele>53.74</ele>
<time>2025-09-22T17:15:20.000Z</time>
</trkpt>
<trkpt lat="41.3999367" lon="2.1575550">
<ele>53.72</ele>
<time>2025-09-22T17:15:27.000Z</time>
</trkpt>
<trkpt lat="41.4000483" lon="2.1578017">
<ele>55.31</ele>
<time>2025-09-22T17:15:34.000Z</time>
</trkpt>
<trkpt lat="41.4001550" lon="2.1580383">
<ele>57.86</ele>
<time>2025-09-22T17:15:42.000Z</time>
</trkpt>
<trkpt lat="41.4002817" lon="2.1582567">
<ele>57.00</ele>
<time>2025-09-22T17:15:47.000Z</time>
</trkpt>
<trkpt lat="41.4004033" lon="2.1584533">
<ele>53.78</ele>
<time>2025-09-22T17:15:52.000Z</time>
</trkpt>
<trkpt lat="41.4005133" lon="2.1586667">
<ele>51.73</ele>
<time>2025-09-22T17:15:58.000Z</time>
</trkpt>
<trkpt lat="41.4006717" lon="2.1588450">
<ele>48.75</ele>
<time>2025-09-22T17:16:05.000Z</time>
</trkpt>
<trkpt lat="41.4006117" lon="2.1590783">
<ele>57.40</ele>
<time>2025-09-22T17:16:19.000Z</time>
</trkpt>
<trkpt lat="41.4007450" lon="2.1592783">
<ele>57.90</ele>
<time>2025-09-22T17:16:24.000Z</time>
</trkpt>
<trkpt lat="41.4008733" lon="2.1594517">
<ele>56.57</ele>
<time>2025-09-22T17:16:28.000Z</time>
</trkpt>
<trkpt lat="41.4009967" lon="2.1596667">
<ele>54.39</ele>
<time>2025-09-22T17:16:33.000Z</time>
</trkpt>
<trkpt lat="41.4011067" lon="2.1598683">
<ele>51.91</ele>
<time>2025-09-22T17:16:41.000Z</time>
</trkpt>
<trkpt lat="41.4009817" lon="2.1600567">
<ele>50.80</ele>
<time>2025-09-22T17:16:48.000Z</time>
</trkpt>
<trkpt lat="41.4008383" lon="2.1602433">
<ele>50.38</ele>
<time>2025-09-22T17:16:54.000Z</time>
</trkpt>
<trkpt lat="41.4006683" lon="2.1603517">
<ele>48.43</ele>
<time>2025-09-22T17:17:00.000Z</time>
</trkpt>
<extensions>
<om:oruxmapsextensions>
</om:oruxmapsextensions>
</extensions>
</trkseg>
<trkseg>
<trkpt lat="41.4006517" lon="2.1604100">
<ele>48.94</ele>
<time>2025-09-22T17:18:31.699Z</time>
</trkpt>
<trkpt lat="41.4004983" lon="2.1605533">
<ele>55.57</ele>
<time>2025-09-22T17:23:03.000Z</time>
</trkpt>
<trkpt lat="41.4003417" lon="2.1606883">
<ele>53.51</ele>
<time>2025-09-22T17:23:07.000Z</time>
</trkpt>
<trkpt lat="41.4005117" lon="2.1605983">
<ele>53.91</ele>
<time>2025-09-22T17:23:24.000Z</time>
</trkpt>
<trkpt lat="41.4006200" lon="2.1603950">
<ele>52.64</ele>
<time>2025-09-22T17:23:29.000Z</time>
</trkpt>
<trkpt lat="41.4007717" lon="2.1602000">
<ele>50.52</ele>
<time>2025-09-22T17:23:36.000Z</time>
</trkpt>
<trkpt lat="41.4009100" lon="2.1600400">
<ele>46.28</ele>
<time>2025-09-22T17:23:41.000Z</time>
</trkpt>
<trkpt lat="41.4010800" lon="2.1598833">
<ele>48.05</ele>
<time>2025-09-22T17:23:47.000Z</time>
</trkpt>
<trkpt lat="41.4012483" lon="2.1597733">
<ele>49.59</ele>
<time>2025-09-22T17:23:53.000Z</time>
</trkpt>
<trkpt lat="41.4013933" lon="2.1596250">
<ele>54.36</ele>
<time>2025-09-22T17:23:59.000Z</time>
</trkpt>
<trkpt lat="41.4015533" lon="2.1594817">
<ele>57.17</ele>
<time>2025-09-22T17:24:05.000Z</time>
</trkpt>
<trkpt lat="41.4017317" lon="2.1595250">
<ele>62.55</ele>
<time>2025-09-22T17:24:18.000Z</time>
</trkpt>
<trkpt lat="41.4018267" lon="2.1597533">
<ele>60.64</ele>
<time>2025-09-22T17:24:25.000Z</time>
</trkpt>
<trkpt lat="41.4019483" lon="2.1599533">
<ele>55.66</ele>
<time>2025-09-22T17:24:33.000Z</time>
</trkpt>
<trkpt lat="41.4020650" lon="2.1601500">
<ele>52.36</ele>
<time>2025-09-22T17:24:42.000Z</time>
</trkpt>
<trkpt lat="41.4022650" lon="2.1601533">
<ele>55.88</ele>
<time>2025-09-22T17:24:53.000Z</time>
</trkpt>
<trkpt lat="41.4024117" lon="2.1600050">
<ele>59.39</ele>
<time>2025-09-22T17:24:58.000Z</time>
</trkpt>
<trkpt lat="41.4025617" lon="2.1598467">
<ele>63.24</ele>
<time>2025-09-22T17:25:06.000Z</time>
</trkpt>
<trkpt lat="41.4026817" lon="2.1596350">
<ele>63.82</ele>
<time>2025-09-22T17:25:16.000Z</time>
</trkpt>
<trkpt lat="41.4028150" lon="2.1594583">
<ele>63.51</ele>
<time>2025-09-22T17:25:21.000Z</time>
</trkpt>
<trkpt lat="41.4029733" lon="2.1593217">
<ele>61.95</ele>
<time>2025-09-22T17:25:28.000Z</time>
</trkpt>
<trkpt lat="41.4031150" lon="2.1591500">
<ele>58.12</ele>
<time>2025-09-22T17:25:36.000Z</time>
</trkpt>
<trkpt lat="41.4032833" lon="2.1589900">
<ele>56.62</ele>
<time>2025-09-22T17:25:43.000Z</time>
</trkpt>
<trkpt lat="41.4034367" lon="2.1588300">
<ele>56.94</ele>
<time>2025-09-22T17:25:50.000Z</time>
</trkpt>
<trkpt lat="41.4035933" lon="2.1590133">
<ele>60.51</ele>
<time>2025-09-22T17:26:01.000Z</time>
</trkpt>
<trkpt lat="41.4036833" lon="2.1592250">
<ele>58.34</ele>
<time>2025-09-22T17:26:06.000Z</time>
</trkpt>
<trkpt lat="41.4037867" lon="2.1594300">
<ele>53.80</ele>
<time>2025-09-22T17:26:11.000Z</time>
</trkpt>
<trkpt lat="41.4039400" lon="2.1596167">
<ele>53.66</ele>
<time>2025-09-22T17:26:21.000Z</time>
</trkpt>
<trkpt lat="41.4040500" lon="2.1598150">
<ele>55.72</ele>
<time>2025-09-22T17:26:26.000Z</time>
</trkpt>
<trkpt lat="41.4041817" lon="2.1600383">
<ele>57.31</ele>
<time>2025-09-22T17:26:31.000Z</time>
</trkpt>
<trkpt lat="41.4043083" lon="2.1602283">
<ele>59.30</ele>
<time>2025-09-22T17:26:37.000Z</time>
</trkpt>
<trkpt lat="41.4044233" lon="2.1604200">
<ele>57.00</ele>
<time>2025-09-22T17:26:43.000Z</time>
</trkpt>
<trkpt lat="41.4045300" lon="2.1606300">
<ele>55.42</ele>
<time>2025-09-22T17:26:47.000Z</time>
</trkpt>
<trkpt lat="41.4046433" lon="2.1608367">
<ele>52.25</ele>
<time>2025-09-22T17:26:53.000Z</time>
</trkpt>
<trkpt lat="41.4048050" lon="2.1610167">
<ele>51.22</ele>
<time>2025-09-22T17:27:00.000Z</time>
</trkpt>
<trkpt lat="41.4049567" lon="2.1611867">
<ele>50.65</ele>
<time>2025-09-22T17:27:04.000Z</time>
</trkpt>
<trkpt lat="41.4051117" lon="2.1613333">
<ele>51.23</ele>
<time>2025-09-22T17:27:10.000Z</time>
</trkpt>
<trkpt lat="41.4052467" lon="2.1615517">
<ele>52.58</ele>
<time>2025-09-22T17:27:16.000Z</time>
</trkpt>
<trkpt lat="41.4053900" lon="2.1617450">
<ele>56.78</ele>
<time>2025-09-22T17:27:22.000Z</time>
</trkpt>
<trkpt lat="41.4054983" lon="2.1619417">
<ele>60.47</ele>
<time>2025-09-22T17:27:27.000Z</time>
</trkpt>
<trkpt lat="41.4056167" lon="2.1621700">
<ele>62.43</ele>
<time>2025-09-22T17:27:32.000Z</time>
</trkpt>
<trkpt lat="41.4057417" lon="2.1623583">
<ele>63.91</ele>
<time>2025-09-22T17:27:37.000Z</time>
</trkpt>
<trkpt lat="41.4058633" lon="2.1625550">
<ele>63.33</ele>
<time>2025-09-22T17:27:43.000Z</time>
</trkpt>
<trkpt lat="41.4058633" lon="2.1627950">
<ele>64.21</ele>
<time>2025-09-22T17:27:49.000Z</time>
</trkpt>
<trkpt lat="41.4059667" lon="2.1630033">
<ele>65.35</ele>
<time>2025-09-22T17:27:53.000Z</time>
</trkpt>
<trkpt lat="41.4061267" lon="2.1631233">
<ele>66.68</ele>
<time>2025-09-22T17:27:57.000Z</time>
</trkpt>
<trkpt lat="41.4063400" lon="2.1632133">
<ele>70.24</ele>
<time>2025-09-22T17:28:02.000Z</time>
</trkpt>
<trkpt lat="41.4065250" lon="2.1633050">
<ele>77.64</ele>
<time>2025-09-22T17:28:07.000Z</time>
</trkpt>
<trkpt lat="41.4067317" lon="2.1634150">
<ele>81.61</ele>
<time>2025-09-22T17:28:12.000Z</time>
</trkpt>
<trkpt lat="41.4069150" lon="2.1634767">
<ele>81.57</ele>
<time>2025-09-22T17:28:16.000Z</time>
</trkpt>
<trkpt lat="41.4071200" lon="2.1635517">
<ele>87.23</ele>
<time>2025-09-22T17:28:21.000Z</time>
</trkpt>
<trkpt lat="41.4073050" lon="2.1636100">
<ele>89.78</ele>
<time>2025-09-22T17:28:26.000Z</time>
</trkpt>
<trkpt lat="41.4075050" lon="2.1636600">
<ele>89.86</ele>
<time>2025-09-22T17:28:31.000Z</time>
</trkpt>
<trkpt lat="41.4077167" lon="2.1637133">
<ele>91.86</ele>
<time>2025-09-22T17:28:36.000Z</time>
</trkpt>
<trkpt lat="41.4079217" lon="2.1637817">
<ele>94.69</ele>
<time>2025-09-22T17:28:41.000Z</time>
</trkpt>
<trkpt lat="41.4081317" lon="2.1638733">
<ele>95.69</ele>
<time>2025-09-22T17:28:46.000Z</time>
</trkpt>
<trkpt lat="41.4083150" lon="2.1639367">
<ele>93.23</ele>
<time>2025-09-22T17:28:50.000Z</time>
</trkpt>
<trkpt lat="41.4084933" lon="2.1640117">
<ele>87.98</ele>
<time>2025-09-22T17:28:54.000Z</time>
</trkpt>
<trkpt lat="41.4087117" lon="2.1640200">
<ele>85.96</ele>
<time>2025-09-22T17:28:59.000Z</time>
</trkpt>
<trkpt lat="41.4088950" lon="2.1640467">
<ele>82.09</ele>
<time>2025-09-22T17:29:03.000Z</time>
</trkpt>
<trkpt lat="41.4091150" lon="2.1640933">
<ele>82.37</ele>
<time>2025-09-22T17:29:08.000Z</time>
</trkpt>
<trkpt lat="41.4093267" lon="2.1641183">
<ele>84.24</ele>
<time>2025-09-22T17:29:13.000Z</time>
</trkpt>
<trkpt lat="41.4095450" lon="2.1641633">
<ele>85.16</ele>
<time>2025-09-22T17:29:18.000Z</time>
</trkpt>
<trkpt lat="41.4097567" lon="2.1642267">
<ele>87.41</ele>
<time>2025-09-22T17:29:23.000Z</time>
</trkpt>
<trkpt lat="41.4099633" lon="2.1643383">
<ele>88.97</ele>
<time>2025-09-22T17:29:28.000Z</time>
</trkpt>
<trkpt lat="41.4101617" lon="2.1643967">
<ele>98.20</ele>
<time>2025-09-22T17:29:36.000Z</time>
</trkpt>
<trkpt lat="41.4103417" lon="2.1644467">
<ele>104.10</ele>
<time>2025-09-22T17:29:40.000Z</time>
</trkpt>
<trkpt lat="41.4105217" lon="2.1644900">
<ele>108.52</ele>
<time>2025-09-22T17:29:44.000Z</time>
</trkpt>
<trkpt lat="41.4107167" lon="2.1645250">
<ele>113.82</ele>
<time>2025-09-22T17:29:49.000Z</time>
</trkpt>
<trkpt lat="41.4109133" lon="2.1645817">
<ele>118.15</ele>
<time>2025-09-22T17:29:55.000Z</time>
</trkpt>
<trkpt lat="41.4110900" lon="2.1646517">
<ele>119.71</ele>
<time>2025-09-22T17:30:00.000Z</time>
</trkpt>
<trkpt lat="41.4112750" lon="2.1647333">
<ele>115.81</ele>
<time>2025-09-22T17:30:05.000Z</time>
</trkpt>
<trkpt lat="41.4114667" lon="2.1648033">
<ele>108.39</ele>
<time>2025-09-22T17:30:12.000Z</time>
</trkpt>
<trkpt lat="41.4115700" lon="2.1650183">
<ele>101.39</ele>
<time>2025-09-22T17:30:22.000Z</time>
</trkpt>
<trkpt lat="41.4117183" lon="2.1651567">
<ele>96.82</ele>
<time>2025-09-22T17:30:31.000Z</time>
</trkpt>
<trkpt lat="41.4118783" lon="2.1649767">
<ele>100.28</ele>
<time>2025-09-22T17:30:54.000Z</time>
</trkpt>
<trkpt lat="41.4120883" lon="2.1649117">
<ele>100.93</ele>
<time>2025-09-22T17:31:00.000Z</time>
</trkpt>
<trkpt lat="41.4122683" lon="2.1648283">
<ele>100.93</ele>
<time>2025-09-22T17:31:06.000Z</time>
</trkpt>
<trkpt lat="41.4124533" lon="2.1647267">
<ele>101.18</ele>
<time>2025-09-22T17:31:10.000Z</time>
</trkpt>
<trkpt lat="41.4126450" lon="2.1646233">
<ele>102.93</ele>
<time>2025-09-22T17:31:14.000Z</time>
</trkpt>
<trkpt lat="41.4128050" lon="2.1644800">
<ele>104.42</ele>
<time>2025-09-22T17:31:18.000Z</time>
</trkpt>
<trkpt lat="41.4129950" lon="2.1643517">
<ele>108.48</ele>
<time>2025-09-22T17:31:23.000Z</time>
</trkpt>
<trkpt lat="41.4131867" lon="2.1642417">
<ele>112.28</ele>
<time>2025-09-22T17:31:29.000Z</time>
</trkpt>
<trkpt lat="41.4133517" lon="2.1641317">
<ele>117.38</ele>
<time>2025-09-22T17:31:35.000Z</time>
</trkpt>
<trkpt lat="41.4135233" lon="2.1640317">
<ele>123.29</ele>
<time>2025-09-22T17:31:41.000Z</time>
</trkpt>
<trkpt lat="41.4137183" lon="2.1640217">
<ele>120.48</ele>
<time>2025-09-22T17:31:49.000Z</time>
</trkpt>
<trkpt lat="41.4138800" lon="2.1641950">
<ele>118.38</ele>
<time>2025-09-22T17:31:56.000Z</time>
</trkpt>
<trkpt lat="41.4140050" lon="2.1643800">
<ele>115.52</ele>
<time>2025-09-22T17:32:02.000Z</time>
</trkpt>
<trkpt lat="41.4141400" lon="2.1645617">
<ele>113.03</ele>
<time>2025-09-22T17:32:09.000Z</time>
</trkpt>
<trkpt lat="41.4142533" lon="2.1647667">
<ele>111.68</ele>
<time>2025-09-22T17:32:16.000Z</time>
</trkpt>
<trkpt lat="41.4143600" lon="2.1649783">
<ele>112.55</ele>
<time>2025-09-22T17:32:22.000Z</time>
</trkpt>
<trkpt lat="41.4144700" lon="2.1651883">
<ele>114.81</ele>
<time>2025-09-22T17:32:29.000Z</time>
</trkpt>
<trkpt lat="41.4145767" lon="2.1654117">
<ele>116.96</ele>
<time>2025-09-22T17:32:37.000Z</time>
</trkpt>
<trkpt lat="41.4146667" lon="2.1656500">
<ele>119.97</ele>
<time>2025-09-22T17:32:45.000Z</time>
</trkpt>
<trkpt lat="41.4147450" lon="2.1658883">
<ele>121.64</ele>
<time>2025-09-22T17:32:53.000Z</time>
</trkpt>
<trkpt lat="41.4147783" lon="2.1661417">
<ele>123.10</ele>
<time>2025-09-22T17:32:59.000Z</time>
</trkpt>
<trkpt lat="41.4148633" lon="2.1664000">
<ele>124.35</ele>
<time>2025-09-22T17:33:05.000Z</time>
</trkpt>
<trkpt lat="41.4149983" lon="2.1666167">
<ele>124.18</ele>
<time>2025-09-22T17:33:11.000Z</time>
</trkpt>
<trkpt lat="41.4151567" lon="2.1667650">
<ele>124.69</ele>
<time>2025-09-22T17:33:18.000Z</time>
</trkpt>
<trkpt lat="41.4152533" lon="2.1665483">
<ele>125.65</ele>
<time>2025-09-22T17:33:30.000Z</time>
</trkpt>
<trkpt lat="41.4152033" lon="2.1662967">
<ele>124.17</ele>
<time>2025-09-22T17:33:35.000Z</time>
</trkpt>
<trkpt lat="41.4151017" lon="2.1660950">
<ele>123.42</ele>
<time>2025-09-22T17:33:39.000Z</time>
</trkpt>
<trkpt lat="41.4150950" lon="2.1658233">
<ele>126.57</ele>
<time>2025-09-22T17:33:47.000Z</time>
</trkpt>
<trkpt lat="41.4151750" lon="2.1655967">
<ele>127.01</ele>
<time>2025-09-22T17:33:54.000Z</time>
</trkpt>
<trkpt lat="41.4152100" lon="2.1653433">
<ele>129.78</ele>
<time>2025-09-22T17:34:00.000Z</time>
</trkpt>
<trkpt lat="41.4237167" lon="2.1426150">
<ele>176.08</ele>
<time>2025-09-23T16:34:07.820Z</time>
</trkpt>
<trkpt lat="41.4239133" lon="2.1425783">
<ele>176.46</ele>
<time>2025-09-23T16:34:12.041Z</time>
</trkpt>
<trkpt lat="41.4237733" lon="2.1423850">
<ele>176.29</ele>
<time>2025-09-23T16:34:15.090Z</time>
</trkpt>
<trkpt lat="41.4239567" lon="2.1423300">
<ele>175.59</ele>
<time>2025-09-23T16:34:36.000Z</time>
</trkpt>
<trkpt lat="41.4241150" lon="2.1424617">
<ele>171.90</ele>
<time>2025-09-23T16:34:54.000Z</time>
</trkpt>
<trkpt lat="41.4242683" lon="2.1425933">
<ele>166.82</ele>
<time>2025-09-23T16:35:07.000Z</time>
</trkpt>
<trkpt lat="41.4244333" lon="2.1427033">
<ele>166.99</ele>
<time>2025-09-23T16:35:21.000Z</time>
</trkpt>
<trkpt lat="41.4245933" lon="2.1425733">
<ele>166.38</ele>
<time>2025-09-23T16:35:37.000Z</time>
</trkpt>
<trkpt lat="41.4246667" lon="2.1423300">
<ele>166.65</ele>
<time>2025-09-23T16:35:52.000Z</time>
</trkpt>
<trkpt lat="41.4247350" lon="2.1420967">
<ele>163.32</ele>
<time>2025-09-23T16:36:11.000Z</time>
</trkpt>
<trkpt lat="41.4247967" lon="2.1418683">
<ele>165.43</ele>
<time>2025-09-23T16:37:11.000Z</time>
</trkpt>
<trkpt lat="41.4248617" lon="2.1416350">
<ele>164.90</ele>
<time>2025-09-23T16:37:31.000Z</time>
</trkpt>
<trkpt lat="41.4249283" lon="2.1414000">
<ele>163.95</ele>
<time>2025-09-23T16:37:47.000Z</time>
</trkpt>
<trkpt lat="41.4250233" lon="2.1411817">
<ele>164.47</ele>
<time>2025-09-23T16:38:04.000Z</time>
</trkpt>
<trkpt lat="41.4250750" lon="2.1409517">
<ele>165.46</ele>
<time>2025-09-23T16:38:25.000Z</time>
</trkpt>
<trkpt lat="41.4251450" lon="2.1407183">
<ele>164.94</ele>
<time>2025-09-23T16:38:43.000Z</time>
</trkpt>
<trkpt lat="41.4252283" lon="2.1404983">
<ele>166.76</ele>
<time>2025-09-23T16:38:57.000Z</time>
</trkpt>
<trkpt lat="41.4252933" lon="2.1402683">
<ele>164.93</ele>
<time>2025-09-23T16:39:11.000Z</time>
</trkpt>
<trkpt lat="41.4253500" lon="2.1400400">
<ele>164.39</ele>
<time>2025-09-23T16:39:27.000Z</time>
</trkpt>
<trkpt lat="41.4254067" lon="2.1397983">
<ele>166.74</ele>
<time>2025-09-23T16:39:45.000Z</time>
</trkpt>
<trkpt lat="41.4255217" lon="2.1395950">
<ele>170.73</ele>
<time>2025-09-23T16:40:02.000Z</time>
</trkpt>
<trkpt lat="41.4257100" lon="2.1396050">
<ele>171.11</ele>
<time>2025-09-23T16:40:18.000Z</time>
</trkpt>
<trkpt lat="41.4258667" lon="2.1394767">
<ele>170.74</ele>
<time>2025-09-23T16:40:33.000Z</time>
</trkpt>
<trkpt lat="41.4260400" lon="2.1394033">
<ele>171.68</ele>
<time>2025-09-23T16:40:49.000Z</time>
</trkpt>
<trkpt lat="41.4261950" lon="2.1392583">
<ele>171.72</ele>
<time>2025-09-23T16:41:06.000Z</time>
</trkpt>
<trkpt lat="41.4263633" lon="2.1391717">
<ele>175.58</ele>
<time>2025-09-23T16:41:21.000Z</time>
</trkpt>
<trkpt lat="41.4265250" lon="2.1390633">
<ele>183.85</ele>
<time>2025-09-23T16:41:37.000Z</time>
</trkpt>
<trkpt lat="41.4266233" lon="2.1388617">
<ele>184.17</ele>
<time>2025-09-23T16:41:53.000Z</time>
</trkpt>
<trkpt lat="41.4266883" lon="2.1386217">
<ele>183.19</ele>
<time>2025-09-23T16:42:05.000Z</time>
</trkpt>
<trkpt lat="41.4267517" lon="2.1383750">
<ele>187.29</ele>
<time>2025-09-23T16:42:22.000Z</time>
</trkpt>
<trkpt lat="41.4267933" lon="2.1381350">
<ele>187.96</ele>
<time>2025-09-23T16:42:40.000Z</time>
</trkpt>
<trkpt lat="41.4268417" lon="2.1378917">
<ele>189.66</ele>
<time>2025-09-23T16:42:58.000Z</time>
</trkpt>
<trkpt lat="41.4269000" lon="2.1376583">
<ele>193.83</ele>
<time>2025-09-23T16:43:17.000Z</time>
</trkpt>
<trkpt lat="41.4269600" lon="2.1374183">
<ele>192.06</ele>
<time>2025-09-23T16:43:34.000Z</time>
</trkpt>
<trkpt lat="41.4270183" lon="2.1371817">
<ele>195.59</ele>
<time>2025-09-23T16:43:50.000Z</time>
</trkpt>
<trkpt lat="41.4268950" lon="2.1369867">
<ele>197.04</ele>
<time>2025-09-23T16:44:06.000Z</time>
</trkpt>
<trkpt lat="41.4267917" lon="2.1367867">
<ele>193.56</ele>
<time>2025-09-23T16:44:22.000Z</time>
</trkpt>
<trkpt lat="41.4266083" lon="2.1368100">
<ele>194.89</ele>
<time>2025-09-23T16:44:37.000Z</time>
</trkpt>
<trkpt lat="41.4264333" lon="2.1367483">
<ele>192.61</ele>
<time>2025-09-23T16:46:46.000Z</time>
</trkpt>
<trkpt lat="41.4265517" lon="2.1369583">
<ele>202.39</ele>
<time>2025-09-23T18:45:27.300Z</time>
</trkpt>
<trkpt lat="41.4267200" lon="2.1368417">
<ele>196.23</ele>
<time>2025-09-23T18:45:41.000Z</time>
</trkpt>
<trkpt lat="41.4268567" lon="2.1370000">
<ele>192.21</ele>
<time>2025-09-23T18:45:55.000Z</time>
</trkpt>
<trkpt lat="41.4269483" lon="2.1372100">
<ele>191.61</ele>
<time>2025-09-23T18:46:11.000Z</time>
</trkpt>
<trkpt lat="41.4268983" lon="2.1374633">
<ele>185.83</ele>
<time>2025-09-23T18:46:25.000Z</time>
</trkpt>
<trkpt lat="41.4268417" lon="2.1376983">
<ele>184.80</ele>
<time>2025-09-23T18:46:37.000Z</time>
</trkpt>
<trkpt lat="41.4267850" lon="2.1379267">
<ele>186.17</ele>
<time>2025-09-23T18:46:48.000Z</time>
</trkpt>
<trkpt lat="41.4267217" lon="2.1381550">
<ele>185.45</ele>
<time>2025-09-23T18:47:00.000Z</time>
</trkpt>
<trkpt lat="41.4266633" lon="2.1383850">
<ele>185.66</ele>
<time>2025-09-23T18:47:13.000Z</time>
</trkpt>
<trkpt lat="41.4266100" lon="2.1386200">
<ele>186.67</ele>
<time>2025-09-23T18:47:31.000Z</time>
</trkpt>
<trkpt lat="41.4265450" lon="2.1388567">
<ele>189.78</ele>
<time>2025-09-23T18:47:46.000Z</time>
</trkpt>
<trkpt lat="41.4264817" lon="2.1390900">
<ele>194.11</ele>
<time>2025-09-23T18:48:00.000Z</time>
</trkpt>
<trkpt lat="41.4263467" lon="2.1392650">
<ele>194.95</ele>
<time>2025-09-23T18:48:15.000Z</time>
</trkpt>
<trkpt lat="41.4261767" lon="2.1393650">
<ele>195.24</ele>
<time>2025-09-23T18:48:26.000Z</time>
</trkpt>
<trkpt lat="41.4260083" lon="2.1394733">
<ele>194.08</ele>
<time>2025-09-23T18:48:38.000Z</time>
</trkpt>
<trkpt lat="41.4258400" lon="2.1395600">
<ele>189.68</ele>
<time>2025-09-23T18:48:54.000Z</time>
</trkpt>
<trkpt lat="41.4256583" lon="2.1395700">
<ele>186.17</ele>
<time>2025-09-23T18:49:07.000Z</time>
</trkpt>
<trkpt lat="41.4255017" lon="2.1396883">
<ele>183.81</ele>
<time>2025-09-23T18:49:23.000Z</time>
</trkpt>
<trkpt lat="41.4253667" lon="2.1398700">
<ele>179.97</ele>
<time>2025-09-23T18:49:33.000Z</time>
</trkpt>
<trkpt lat="41.4253000" lon="2.1401017">
<ele>176.18</ele>
<time>2025-09-23T18:49:48.000Z</time>
</trkpt>
<trkpt lat="41.4252367" lon="2.1403433">
<ele>171.31</ele>
<time>2025-09-23T18:50:02.000Z</time>
</trkpt>
<trkpt lat="41.4251767" lon="2.1405750">
<ele>167.33</ele>
<time>2025-09-23T18:50:14.000Z</time>
</trkpt>
<trkpt lat="41.4251133" lon="2.1408183">
<ele>163.27</ele>
<time>2025-09-23T18:50:29.000Z</time>
</trkpt>
<trkpt lat="41.4250600" lon="2.1410483">
<ele>161.26</ele>
<time>2025-09-23T18:50:43.000Z</time>
</trkpt>
<trkpt lat="41.4249300" lon="2.1412300">
<ele>158.56</ele>
<time>2025-09-23T18:51:17.000Z</time>
</trkpt>
<trkpt lat="41.4248833" lon="2.1414683">
<ele>162.14</ele>
<time>2025-09-23T18:51:31.000Z</time>
</trkpt>
<trkpt lat="41.4248083" lon="2.1416950">
<ele>162.54</ele>
<time>2025-09-23T18:51:45.000Z</time>
</trkpt>
<trkpt lat="41.4247150" lon="2.1419033">
<ele>163.55</ele>
<time>2025-09-23T18:52:00.000Z</time>
</trkpt>
<trkpt lat="41.4246600" lon="2.1421467">
<ele>159.36</ele>
<time>2025-09-23T18:52:14.000Z</time>
</trkpt>
<trkpt lat="41.4246050" lon="2.1423867">
<ele>155.28</ele>
<time>2025-09-23T18:52:24.000Z</time>
</trkpt>
<trkpt lat="41.4245317" lon="2.1426383">
<ele>153.58</ele>
<time>2025-09-23T18:52:31.000Z</time>
</trkpt>
<trkpt lat="41.4244667" lon="2.1428750">
<ele>155.29</ele>
<time>2025-09-23T18:52:41.000Z</time>
</trkpt>
<trkpt lat="41.4243983" lon="2.1431150">
<ele>157.29</ele>
<time>2025-09-23T18:52:55.000Z</time>
</trkpt>
<trkpt lat="41.4243350" lon="2.1433483">
<ele>151.16</ele>
<time>2025-09-23T18:53:10.000Z</time>
</trkpt>
<trkpt lat="41.4243033" lon="2.1435850">
<ele>148.33</ele>
<time>2025-09-23T18:53:28.000Z</time>
</trkpt>
<trkpt lat="41.4242883" lon="2.1438300">
<ele>147.52</ele>
<time>2025-09-23T18:53:42.000Z</time>
</trkpt>
<trkpt lat="41.4242983" lon="2.1440733">
<ele>145.19</ele>
<time>2025-09-23T18:53:54.000Z</time>
</trkpt>
<trkpt lat="41.4243183" lon="2.1443267">
<ele>140.85</ele>
<time>2025-09-23T18:54:08.000Z</time>
</trkpt>
<trkpt lat="41.4243383" lon="2.1445783">
<ele>137.50</ele>
<time>2025-09-23T18:54:23.000Z</time>
</trkpt>
<trkpt lat="41.4243467" lon="2.1448267">
<ele>135.90</ele>
<time>2025-09-23T18:54:37.000Z</time>
</trkpt>
<trkpt lat="41.4243300" lon="2.1450767">
<ele>134.60</ele>
<time>2025-09-23T18:54:51.000Z</time>
</trkpt>
<trkpt lat="41.4242883" lon="2.1453250">
<ele>132.70</ele>
<time>2025-09-23T18:55:07.000Z</time>
</trkpt>
<trkpt lat="41.4242367" lon="2.1455583">
<ele>129.52</ele>
<time>2025-09-23T18:55:21.000Z</time>
</trkpt>
<trkpt lat="41.4241817" lon="2.1457983">
<ele>128.57</ele>
<time>2025-09-23T18:55:35.000Z</time>
</trkpt>
<trkpt lat="41.4241400" lon="2.1460467">
<ele>127.56</ele>
<time>2025-09-23T18:55:50.000Z</time>
</trkpt>
<trkpt lat="41.4241183" lon="2.1462967">
<ele>125.84</ele>
<time>2025-09-23T18:56:05.000Z</time>
</trkpt>
<trkpt lat="41.4241150" lon="2.1465400">
<ele>121.72</ele>
<time>2025-09-23T18:56:21.000Z</time>
</trkpt>
<trkpt lat="41.4241433" lon="2.1467800">
<ele>124.30</ele>
<time>2025-09-23T18:56:34.000Z</time>
</trkpt>
<trkpt lat="41.4241950" lon="2.1470100">
<ele>125.79</ele>
<time>2025-09-23T18:56:46.000Z</time>
</trkpt>
<trkpt lat="41.4242550" lon="2.1472483">
<ele>126.68</ele>
<time>2025-09-23T18:57:02.000Z</time>
</trkpt>
<trkpt lat="41.4241767" lon="2.1474783">
<ele>126.27</ele>
<time>2025-09-23T18:57:18.000Z</time>
</trkpt>
<trkpt lat="41.4240217" lon="2.1476033">
<ele>127.56</ele>
<time>2025-09-23T18:57:33.000Z</time>
</trkpt>
<trkpt lat="41.4238600" lon="2.1477400">
<ele>141.51</ele>
<time>2025-09-23T18:57:53.000Z</time>
</trkpt>
<trkpt lat="41.4236950" lon="2.1478717">
<ele>146.09</ele>
<time>2025-09-23T18:58:06.000Z</time>
</trkpt>
<trkpt lat="41.4235483" lon="2.1480183">
<ele>147.14</ele>
<time>2025-09-23T18:58:30.000Z</time>
</trkpt>
<trkpt lat="41.4233317" lon="2.1480817">
<ele>153.19</ele>
<time>2025-09-23T18:59:34.000Z</time>
</trkpt>
<trkpt lat="41.4231600" lon="2.1479633">
<ele>156.11</ele>
<time>2025-09-23T18:59:50.000Z</time>
</trkpt>
<trkpt lat="41.4230283" lon="2.1481300">
<ele>165.89</ele>
<time>2025-09-23T19:00:23.000Z</time>
</trkpt>
<trkpt lat="41.4230717" lon="2.1483733">
<ele>173.66</ele>
<time>2025-09-23T19:00:39.000Z</time>
</trkpt>
<trkpt lat="41.4231017" lon="2.1486267">
<ele>173.38</ele>
<time>2025-09-23T19:00:54.000Z</time>
</trkpt>
<trkpt lat="41.4230933" lon="2.1488717">
<ele>173.40</ele>
<time>2025-09-23T19:01:16.000Z</time>
</trkpt>
<trkpt lat="41.4230200" lon="2.1490983">
<ele>175.24</ele>
<time>2025-09-23T19:01:40.000Z</time>
</trkpt>
<trkpt lat="41.4229833" lon="2.1493417">
<ele>175.67</ele>
<time>2025-09-23T19:01:59.000Z</time>
</trkpt>
<trkpt lat="41.4229133" lon="2.1495650">
<ele>177.97</ele>
<time>2025-09-23T19:02:14.000Z</time>
</trkpt>
<trkpt lat="41.4228183" lon="2.1497717">
<ele>184.94</ele>
<time>2025-09-23T19:02:35.000Z</time>
</trkpt>
<trkpt lat="41.4227000" lon="2.1499867">
<ele>187.15</ele>
<time>2025-09-23T19:02:52.000Z</time>
</trkpt>
<trkpt lat="41.4225367" lon="2.1501033">
<ele>184.70</ele>
<time>2025-09-23T19:03:07.000Z</time>
</trkpt>
<trkpt lat="41.4223633" lon="2.1502167">
<ele>185.83</ele>
<time>2025-09-23T19:03:23.000Z</time>
</trkpt>
<trkpt lat="41.4221917" lon="2.1503083">
<ele>179.62</ele>
<time>2025-09-23T19:03:45.000Z</time>
</trkpt>
<trkpt lat="41.4220267" lon="2.1504183">
<ele>179.19</ele>
<time>2025-09-23T19:03:58.000Z</time>
</trkpt>
<trkpt lat="41.4220517" lon="2.1506667">
<ele>178.50</ele>
<time>2025-09-23T19:04:21.000Z</time>
</trkpt>
<trkpt lat="41.4222217" lon="2.1507817">
<ele>182.60</ele>
<time>2025-09-23T19:04:39.000Z</time>
</trkpt>
<trkpt lat="41.4223817" lon="2.1509000">
<ele>183.70</ele>
<time>2025-09-23T19:04:53.000Z</time>
</trkpt>
<trkpt lat="41.4225633" lon="2.1508783">
<ele>182.29</ele>
<time>2025-09-23T19:05:44.000Z</time>
</trkpt>
<trkpt lat="41.4223483" lon="2.1509783">
<ele>161.09</ele>
<time>2025-09-23T19:16:36.515Z</time>
</trkpt>
<trkpt lat="41.4224900" lon="2.1512167">
<ele>161.28</ele>
<time>2025-09-23T19:16:47.000Z</time>
</trkpt>
<trkpt lat="41.4218667" lon="2.1507583">
<ele>190.38</ele>
<time>2025-09-24T15:18:51.000Z</time>
</trkpt>
<trkpt lat="41.4217567" lon="2.1509500">
<ele>182.60</ele>
<time>2025-09-24T15:19:07.000Z</time>
</trkpt>
<trkpt lat="41.4217383" lon="2.1511950">
<ele>182.50</ele>
<time>2025-09-24T15:19:24.000Z</time>
</trkpt>
<trkpt lat="41.4217933" lon="2.1514317">
<ele>183.64</ele>
<time>2025-09-24T15:19:39.000Z</time>
</trkpt>
<trkpt lat="41.4217483" lon="2.1516783">
<ele>178.73</ele>
<time>2025-09-24T15:19:53.000Z</time>
</trkpt>
<trkpt lat="41.4217300" lon="2.1519233">
<ele>176.14</ele>
<time>2025-09-24T15:20:08.000Z</time>
</trkpt>
<trkpt lat="41.4217000" lon="2.1521700">
<ele>175.87</ele>
<time>2025-09-24T15:20:28.000Z</time>
</trkpt>
<trkpt lat="41.4217767" lon="2.1524033">
<ele>178.50</ele>
<time>2025-09-24T15:20:43.000Z</time>
</trkpt>
<trkpt lat="41.4218517" lon="2.1526250">
<ele>176.46</ele>
<time>2025-09-24T15:20:56.000Z</time>
</trkpt>
<trkpt lat="41.4219333" lon="2.1528650">
<ele>178.41</ele>
<time>2025-09-24T15:21:10.000Z</time>
</trkpt>
<trkpt lat="41.4219867" lon="2.1531067">
<ele>181.00</ele>
<time>2025-09-24T15:21:26.000Z</time>
</trkpt>
<trkpt lat="41.4220067" lon="2.1533617">
<ele>179.11</ele>
<time>2025-09-24T15:21:40.000Z</time>
</trkpt>
<trkpt lat="41.4220100" lon="2.1536117">
<ele>180.47</ele>
<time>2025-09-24T15:21:57.000Z</time>
</trkpt>
<trkpt lat="41.4219500" lon="2.1538433">
<ele>183.59</ele>
<time>2025-09-24T15:22:12.000Z</time>
</trkpt>
<trkpt lat="41.4218017" lon="2.1540167">
<ele>183.97</ele>
<time>2025-09-24T15:22:27.000Z</time>
</trkpt>
<trkpt lat="41.4216483" lon="2.1541933">
<ele>185.92</ele>
<time>2025-09-24T15:22:44.000Z</time>
</trkpt>
<trkpt lat="41.4215000" lon="2.1543650">
<ele>185.89</ele>
<time>2025-09-24T15:22:58.000Z</time>
</trkpt>
<trkpt lat="41.4213067" lon="2.1545967">
<ele>213.64</ele>
<time>2025-09-24T15:23:15.000Z</time>
</trkpt>
<trkpt lat="41.4211650" lon="2.1547683">
<ele>190.40</ele>
<time>2025-09-24T15:23:28.000Z</time>
</trkpt>
<trkpt lat="41.4210267" lon="2.1549350">
<ele>187.51</ele>
<time>2025-09-24T15:23:42.000Z</time>
</trkpt>
<trkpt lat="41.4208750" lon="2.1551150">
<ele>185.17</ele>
<time>2025-09-24T15:23:54.000Z</time>
</trkpt>
<trkpt lat="41.4207533" lon="2.1553233">
<ele>177.73</ele>
<time>2025-09-24T15:24:09.000Z</time>
</trkpt>
<trkpt lat="41.4206033" lon="2.1554833">
<ele>174.24</ele>
<time>2025-09-24T15:24:27.000Z</time>
</trkpt>
<trkpt lat="41.4204667" lon="2.1556500">
<ele>173.04</ele>
<time>2025-09-24T15:24:47.000Z</time>
</trkpt>
<trkpt lat="41.4203250" lon="2.1558217">
<ele>184.86</ele>
<time>2025-09-24T15:25:10.000Z</time>
</trkpt>
<trkpt lat="41.4201750" lon="2.1559683">
<ele>191.04</ele>
<time>2025-09-24T15:25:34.000Z</time>
</trkpt>
<trkpt lat="41.4200450" lon="2.1561500">
<ele>195.71</ele>
<time>2025-09-24T15:25:49.000Z</time>
</trkpt>
<trkpt lat="41.4199050" lon="2.1563433">
<ele>201.15</ele>
<time>2025-09-24T15:26:04.000Z</time>
</trkpt>
<trkpt lat="41.4197767" lon="2.1565133">
<ele>199.13</ele>
<time>2025-09-24T15:26:16.000Z</time>
</trkpt>
<trkpt lat="41.4196300" lon="2.1566700">
<ele>193.07</ele>
<time>2025-09-24T15:26:31.000Z</time>
</trkpt>
<trkpt lat="41.4194700" lon="2.1568183">
<ele>191.03</ele>
<time>2025-09-24T15:26:46.000Z</time>
</trkpt>
<trkpt lat="41.4193067" lon="2.1569433">
<ele>187.07</ele>
<time>2025-09-24T15:27:00.000Z</time>
</trkpt>
<trkpt lat="41.4191283" lon="2.1570667">
<ele>189.71</ele>
<time>2025-09-24T15:27:15.000Z</time>
</trkpt>
<trkpt lat="41.4189583" lon="2.1571783">
<ele>195.75</ele>
<time>2025-09-24T15:27:29.000Z</time>
</trkpt>
<trkpt lat="41.4187950" lon="2.1572850">
<ele>203.46</ele>
<time>2025-09-24T15:27:42.000Z</time>
</trkpt>
<trkpt lat="41.4186017" lon="2.1572750">
<ele>197.47</ele>
<time>2025-09-24T15:28:09.000Z</time>
</trkpt>
<trkpt lat="41.4184283" lon="2.1573667">
<ele>193.09</ele>
<time>2025-09-24T15:28:21.000Z</time>
</trkpt>
<trkpt lat="41.4182467" lon="2.1574233">
<ele>192.87</ele>
<time>2025-09-24T15:28:33.000Z</time>
</trkpt>
<trkpt lat="41.4180833" lon="2.1575333">
<ele>187.77</ele>
<time>2025-09-24T15:28:45.000Z</time>
</trkpt>
<trkpt lat="41.4179300" lon="2.1576800">
<ele>181.37</ele>
<time>2025-09-24T15:28:57.000Z</time>
</trkpt>
<trkpt lat="41.4177817" lon="2.1578400">
<ele>181.98</ele>
<time>2025-09-24T15:29:08.000Z</time>
</trkpt>
<trkpt lat="41.4176300" lon="2.1579967">
<ele>180.06</ele>
<time>2025-09-24T15:29:20.000Z</time>
</trkpt>
<trkpt lat="41.4174783" lon="2.1581600">
<ele>181.04</ele>
<time>2025-09-24T15:29:33.000Z</time>
</trkpt>
<trkpt lat="41.4173383" lon="2.1583150">
<ele>181.72</ele>
<time>2025-09-24T15:29:44.000Z</time>
</trkpt>
<trkpt lat="41.4171950" lon="2.1584717">
<ele>177.85</ele>
<time>2025-09-24T15:29:58.000Z</time>
</trkpt>
<trkpt lat="41.4170583" lon="2.1586317">
<ele>174.61</ele>
<time>2025-09-24T15:30:09.000Z</time>
</trkpt>
<trkpt lat="41.4169333" lon="2.1588133">
<ele>175.15</ele>
<time>2025-09-24T15:30:23.000Z</time>
</trkpt>
<trkpt lat="41.4168400" lon="2.1590383">
<ele>176.14</ele>
<time>2025-09-24T15:30:38.000Z</time>
</trkpt>
<trkpt lat="41.4167017" lon="2.1592067">
<ele>173.02</ele>
<time>2025-09-24T15:30:52.000Z</time>
</trkpt>
<trkpt lat="41.4165183" lon="2.1592133">
<ele>174.43</ele>
<time>2025-09-24T15:31:28.000Z</time>
</trkpt>
<trkpt lat="41.4164583" lon="2.1594400">
<ele>171.04</ele>
<time>2025-09-24T15:32:14.000Z</time>
</trkpt>
<trkpt lat="41.4166450" lon="2.1594800">
<ele>164.68</ele>
<time>2025-09-24T15:32:31.000Z</time>
</trkpt>
<trkpt lat="41.4168217" lon="2.1595250">
<ele>167.65</ele>
<time>2025-09-24T15:32:40.000Z</time>
</trkpt>
<trkpt lat="41.4169550" lon="2.1596983">
<ele>166.91</ele>
<time>2025-09-24T15:32:48.000Z</time>
</trkpt>
<trkpt lat="41.4170950" lon="2.1598767">
<ele>166.79</ele>
<time>2025-09-24T15:33:04.000Z</time>
</trkpt>
<trkpt lat="41.4170500" lon="2.1601167">
<ele>168.70</ele>
<time>2025-09-24T15:33:18.000Z</time>
</trkpt>
<trkpt lat="41.4169317" lon="2.1603150">
<ele>170.11</ele>
<time>2025-09-24T15:33:30.000Z</time>
</trkpt>
<trkpt lat="41.4167900" lon="2.1604900">
<ele>173.49</ele>
<time>2025-09-24T15:33:44.000Z</time>
</trkpt>
<trkpt lat="41.4166433" lon="2.1606867">
<ele>175.06</ele>
<time>2025-09-24T15:33:55.000Z</time>
</trkpt>
<trkpt lat="41.4165617" lon="2.1609017">
<ele>175.72</ele>
<time>2025-09-24T15:34:05.000Z</time>
</trkpt>
<trkpt lat="41.4166583" lon="2.1611317">
<ele>175.81</ele>
<time>2025-09-24T15:34:17.000Z</time>
</trkpt>
<trkpt lat="41.4167450" lon="2.1613483">
<ele>172.36</ele>
<time>2025-09-24T15:34:27.000Z</time>
</trkpt>
<trkpt lat="41.4168300" lon="2.1615600">
<ele>169.64</ele>
<time>2025-09-24T15:34:38.000Z</time>
</trkpt>
<trkpt lat="41.4169217" lon="2.1617917">
<ele>167.83</ele>
<time>2025-09-24T15:34:50.000Z</time>
</trkpt>
<trkpt lat="41.4170067" lon="2.1620033">
<ele>163.55</ele>
<time>2025-09-24T15:35:00.000Z</time>
</trkpt>
<trkpt lat="41.4170933" lon="2.1622383">
<ele>159.70</ele>
<time>2025-09-24T15:35:12.000Z</time>
</trkpt>
<trkpt lat="41.4171483" lon="2.1624700">
<ele>153.44</ele>
<time>2025-09-24T15:35:27.000Z</time>
</trkpt>
<trkpt lat="41.4169733" lon="2.1625767">
<ele>154.84</ele>
<time>2025-09-24T15:35:40.000Z</time>
</trkpt>
<trkpt lat="41.4168117" lon="2.1627083">
<ele>155.70</ele>
<time>2025-09-24T15:35:51.000Z</time>
</trkpt>
<trkpt lat="41.4166783" lon="2.1628717">
<ele>159.22</ele>
<time>2025-09-24T15:36:04.000Z</time>
</trkpt>
<trkpt lat="41.4165517" lon="2.1630433">
<ele>160.23</ele>
<time>2025-09-24T15:36:15.000Z</time>
</trkpt>
<trkpt lat="41.4164283" lon="2.1632467">
<ele>162.16</ele>
<time>2025-09-24T15:36:27.000Z</time>
</trkpt>
<trkpt lat="41.4162917" lon="2.1634150">
<ele>162.24</ele>
<time>2025-09-24T15:36:39.000Z</time>
</trkpt>
<trkpt lat="41.4161567" lon="2.1635850">
<ele>160.58</ele>
<time>2025-09-24T15:36:51.000Z</time>
</trkpt>
<trkpt lat="41.4160200" lon="2.1637533">
<ele>157.72</ele>
<time>2025-09-24T15:37:05.000Z</time>
</trkpt>
<trkpt lat="41.4158783" lon="2.1639283">
<ele>155.10</ele>
<time>2025-09-24T15:37:18.000Z</time>
</trkpt>
<trkpt lat="41.4157333" lon="2.1641083">
<ele>152.58</ele>
<time>2025-09-24T15:37:30.000Z</time>
</trkpt>
<trkpt lat="41.4155900" lon="2.1642867">
<ele>145.83</ele>
<time>2025-09-24T15:37:43.000Z</time>
</trkpt>
<trkpt lat="41.4154783" lon="2.1644983">
<ele>142.82</ele>
<time>2025-09-24T15:37:57.000Z</time>
</trkpt>
<trkpt lat="41.4154267" lon="2.1647283">
<ele>138.31</ele>
<time>2025-09-24T15:38:06.000Z</time>
</trkpt>
<trkpt lat="41.4153800" lon="2.1649600">
<ele>129.41</ele>
<time>2025-09-24T15:38:18.000Z</time>
</trkpt>
<extensions>
<om:oruxmapsextensions>
</om:oruxmapsextensions>
</extensions>
</trkseg>
<trkseg>
<trkpt lat="41.4154283" lon="2.1654050">
<ele>122.58</ele>
<time>2025-09-24T15:51:22.681Z</time>
</trkpt>
<trkpt lat="41.4152233" lon="2.1652350">
<ele>123.97</ele>
<time>2025-09-24T15:51:24.722Z</time>
</trkpt>
<trkpt lat="41.4150417" lon="2.1652833">
<ele>119.48</ele>
<time>2025-09-24T15:51:36.000Z</time>
</trkpt>
<trkpt lat="41.4149783" lon="2.1655150">
<ele>119.66</ele>
<time>2025-09-24T15:51:43.000Z</time>
</trkpt>
<trkpt lat="41.4149917" lon="2.1657900">
<ele>115.18</ele>
<time>2025-09-24T15:51:50.000Z</time>
</trkpt>
<trkpt lat="41.4147917" lon="2.1659067">
<ele>119.72</ele>
<time>2025-09-24T15:51:59.000Z</time>
</trkpt>
<trkpt lat="41.4147650" lon="2.1662033">
<ele>126.00</ele>
<time>2025-09-24T15:52:04.000Z</time>
</trkpt>
<trkpt lat="41.4148783" lon="2.1664733">
<ele>128.75</ele>
<time>2025-09-24T15:52:08.000Z</time>
</trkpt>
<trkpt lat="41.4150400" lon="2.1666983">
<ele>130.44</ele>
<time>2025-09-24T15:52:12.000Z</time>
</trkpt>
<trkpt lat="41.4152200" lon="2.1668983">
<ele>132.00</ele>
<time>2025-09-24T15:52:16.000Z</time>
</trkpt>
<trkpt lat="41.4153383" lon="2.1671367">
<ele>131.86</ele>
<time>2025-09-24T15:52:20.000Z</time>
</trkpt>
<trkpt lat="41.4154667" lon="2.1673633">
<ele>126.88</ele>
<time>2025-09-24T15:52:24.000Z</time>
</trkpt>
<trkpt lat="41.4156050" lon="2.1676033">
<ele>125.24</ele>
<time>2025-09-24T15:52:28.000Z</time>
</trkpt>
<trkpt lat="41.4156933" lon="2.1678633">
<ele>125.71</ele>
<time>2025-09-24T15:52:32.000Z</time>
</trkpt>
<trkpt lat="41.4157550" lon="2.1681267">
<ele>125.79</ele>
<time>2025-09-24T15:52:36.000Z</time>
</trkpt>
<trkpt lat="41.4157450" lon="2.1684433">
<ele>126.43</ele>
<time>2025-09-24T15:52:40.000Z</time>
</trkpt>
<trkpt lat="41.4156600" lon="2.1687200">
<ele>125.88</ele>
<time>2025-09-24T15:52:43.000Z</time>
</trkpt>
<trkpt lat="41.4155850" lon="2.1689567">
<ele>124.73</ele>
<time>2025-09-24T15:52:46.000Z</time>
</trkpt>
<trkpt lat="41.4154967" lon="2.1691867">
<ele>120.38</ele>
<time>2025-09-24T15:52:50.000Z</time>
</trkpt>
<trkpt lat="41.4152900" lon="2.1692950">
<ele>119.67</ele>
<time>2025-09-24T15:52:55.000Z</time>
</trkpt>
<trkpt lat="41.4150350" lon="2.1693117">
<ele>119.20</ele>
<time>2025-09-24T15:52:58.000Z</time>
</trkpt>
<trkpt lat="41.4148550" lon="2.1694033">
<ele>119.39</ele>
<time>2025-09-24T15:53:00.000Z</time>
</trkpt>
<trkpt lat="41.4147033" lon="2.1696500">
<ele>125.49</ele>
<time>2025-09-24T15:53:03.000Z</time>
</trkpt>
<trkpt lat="41.4145317" lon="2.1698750">
<ele>124.81</ele>
<time>2025-09-24T15:53:06.000Z</time>
</trkpt>
<trkpt lat="41.4143817" lon="2.1700767">
<ele>129.13</ele>
<time>2025-09-24T15:53:09.000Z</time>
</trkpt>
<trkpt lat="41.4142567" lon="2.1702733">
<ele>131.94</ele>
<time>2025-09-24T15:53:12.000Z</time>
</trkpt>
<trkpt lat="41.4140700" lon="2.1704567">
<ele>126.86</ele>
<time>2025-09-24T15:53:15.000Z</time>
</trkpt>
<trkpt lat="41.4139400" lon="2.1706700">
<ele>119.20</ele>
<time>2025-09-24T15:53:19.000Z</time>
</trkpt>
<trkpt lat="41.4137950" lon="2.1708250">
<ele>116.20</ele>
<time>2025-09-24T15:53:24.000Z</time>
</trkpt>
<trkpt lat="41.4138183" lon="2.1710933">
<ele>111.77</ele>
<time>2025-09-24T15:53:28.000Z</time>
</trkpt>
<trkpt lat="41.4139733" lon="2.1712833">
<ele>106.78</ele>
<time>2025-09-24T15:53:31.000Z</time>
</trkpt>
<trkpt lat="41.4141283" lon="2.1714933">
<ele>99.39</ele>
<time>2025-09-24T15:53:34.000Z</time>
</trkpt>
<trkpt lat="41.4142933" lon="2.1717067">
<ele>93.81</ele>
<time>2025-09-24T15:53:37.000Z</time>
</trkpt>
<trkpt lat="41.4144717" lon="2.1719400">
<ele>89.77</ele>
<time>2025-09-24T15:53:40.000Z</time>
</trkpt>
<trkpt lat="41.4146350" lon="2.1721550">
<ele>83.57</ele>
<time>2025-09-24T15:53:43.000Z</time>
</trkpt>
<trkpt lat="41.4148167" lon="2.1723683">
<ele>79.66</ele>
<time>2025-09-24T15:53:46.000Z</time>
</trkpt>
<trkpt lat="41.4149867" lon="2.1726083">
<ele>79.72</ele>
<time>2025-09-24T15:53:49.000Z</time>
</trkpt>
<trkpt lat="41.4151567" lon="2.1728383">
<ele>79.26</ele>
<time>2025-09-24T15:53:52.000Z</time>
</trkpt>
<trkpt lat="41.4153150" lon="2.1730517">
<ele>78.76</ele>
<time>2025-09-24T15:53:55.000Z</time>
</trkpt>
<trkpt lat="41.4154650" lon="2.1732400">
<ele>79.74</ele>
<time>2025-09-24T15:53:59.000Z</time>
</trkpt>
<trkpt lat="41.4156217" lon="2.1734733">
<ele>79.87</ele>
<time>2025-09-24T15:54:03.000Z</time>
</trkpt>
<trkpt lat="41.4157650" lon="2.1736767">
<ele>79.45</ele>
<time>2025-09-24T15:54:06.000Z</time>
</trkpt>
<trkpt lat="41.4158967" lon="2.1738483">
<ele>78.29</ele>
<time>2025-09-24T15:54:09.000Z</time>
</trkpt>
<trkpt lat="41.4160333" lon="2.1740333">
<ele>76.03</ele>
<time>2025-09-24T15:54:12.000Z</time>
</trkpt>
<trkpt lat="41.4161917" lon="2.1741550">
<ele>73.84</ele>
<time>2025-09-24T15:54:15.000Z</time>
</trkpt>
<trkpt lat="41.4163417" lon="2.1742900">
<ele>74.29</ele>
<time>2025-09-24T15:54:22.000Z</time>
</trkpt>
<trkpt lat="41.4165417" lon="2.1743450">
<ele>77.13</ele>
<time>2025-09-24T15:54:30.000Z</time>
</trkpt>
<trkpt lat="41.4167150" lon="2.1745417">
<ele>76.01</ele>
<time>2025-09-24T15:54:34.000Z</time>
</trkpt>
<trkpt lat="41.4168433" lon="2.1747450">
<ele>77.91</ele>
<time>2025-09-24T15:54:38.000Z</time>
</trkpt>
<trkpt lat="41.4170083" lon="2.1749167">
<ele>79.23</ele>
<time>2025-09-24T15:54:42.000Z</time>
</trkpt>
<trkpt lat="41.4171600" lon="2.1750967">
<ele>78.94</ele>
<time>2025-09-24T15:54:46.000Z</time>
</trkpt>
<trkpt lat="41.4172983" lon="2.1752933">
<ele>79.55</ele>
<time>2025-09-24T15:54:51.000Z</time>
</trkpt>
<trkpt lat="41.4174467" lon="2.1754650">
<ele>80.87</ele>
<time>2025-09-24T15:54:55.000Z</time>
</trkpt>
<trkpt lat="41.4175900" lon="2.1756583">
<ele>81.08</ele>
<time>2025-09-24T15:54:59.000Z</time>
</trkpt>
<trkpt lat="41.4177350" lon="2.1758217">
<ele>80.29</ele>
<time>2025-09-24T15:55:03.000Z</time>
</trkpt>
<trkpt lat="41.4178800" lon="2.1759683">
<ele>79.30</ele>
<time>2025-09-24T15:55:07.000Z</time>
</trkpt>
<trkpt lat="41.4180083" lon="2.1761367">
<ele>79.20</ele>
<time>2025-09-24T15:55:10.000Z</time>
</trkpt>
<trkpt lat="41.4181883" lon="2.1763483">
<ele>78.50</ele>
<time>2025-09-24T15:55:13.000Z</time>
</trkpt>
<trkpt lat="41.4183750" lon="2.1765617">
<ele>77.92</ele>
<time>2025-09-24T15:55:16.000Z</time>
</trkpt>
<trkpt lat="41.4185483" lon="2.1767617">
<ele>76.57</ele>
<time>2025-09-24T15:55:19.000Z</time>
</trkpt>
<trkpt lat="41.4186883" lon="2.1769767">
<ele>75.04</ele>
<time>2025-09-24T15:55:22.000Z</time>
</trkpt>
<trkpt lat="41.4187767" lon="2.1772300">
<ele>73.76</ele>
<time>2025-09-24T15:55:25.000Z</time>
</trkpt>
<trkpt lat="41.4188133" lon="2.1775617">
<ele>72.55</ele>
<time>2025-09-24T15:55:28.000Z</time>
</trkpt>
<trkpt lat="41.4188367" lon="2.1778233">
<ele>71.42</ele>
<time>2025-09-24T15:55:30.000Z</time>
</trkpt>
<trkpt lat="41.4188583" lon="2.1780867">
<ele>70.32</ele>
<time>2025-09-24T15:55:32.000Z</time>
</trkpt>
<trkpt lat="41.4188817" lon="2.1783283">
<ele>69.13</ele>
<time>2025-09-24T15:55:34.000Z</time>
</trkpt>
<trkpt lat="41.4189200" lon="2.1785800">
<ele>67.97</ele>
<time>2025-09-24T15:55:36.000Z</time>
</trkpt>
<trkpt lat="41.4189517" lon="2.1788550">
<ele>66.50</ele>
<time>2025-09-24T15:55:38.000Z</time>
</trkpt>
<trkpt lat="41.4190117" lon="2.1791000">
<ele>65.10</ele>
<time>2025-09-24T15:55:40.000Z</time>
</trkpt>
<trkpt lat="41.4190633" lon="2.1793317">
<ele>63.51</ele>
<time>2025-09-24T15:55:42.000Z</time>
</trkpt>
<trkpt lat="41.4191350" lon="2.1796100">
<ele>60.99</ele>
<time>2025-09-24T15:55:45.000Z</time>
</trkpt>
<trkpt lat="41.4191933" lon="2.1798533">
<ele>59.09</ele>
<time>2025-09-24T15:55:49.000Z</time>
</trkpt>
<trkpt lat="41.4192467" lon="2.1801117">
<ele>57.73</ele>
<time>2025-09-24T15:55:53.000Z</time>
</trkpt>
<trkpt lat="41.4192600" lon="2.1804083">
<ele>55.50</ele>
<time>2025-09-24T15:55:57.000Z</time>
</trkpt>
<trkpt lat="41.4193817" lon="2.1806633">
<ele>53.07</ele>
<time>2025-09-24T15:56:03.000Z</time>
</trkpt>
<trkpt lat="41.4195217" lon="2.1808483">
<ele>49.87</ele>
<time>2025-09-24T15:56:08.000Z</time>
</trkpt>
<trkpt lat="41.4196300" lon="2.1810567">
<ele>49.04</ele>
<time>2025-09-24T15:56:17.000Z</time>
</trkpt>
<trkpt lat="41.4197800" lon="2.1812483">
<ele>48.51</ele>
<time>2025-09-24T15:56:22.000Z</time>
</trkpt>
<trkpt lat="41.4199133" lon="2.1814517">
<ele>46.71</ele>
<time>2025-09-24T15:56:26.000Z</time>
</trkpt>
<trkpt lat="41.4200667" lon="2.1816550">
<ele>44.16</ele>
<time>2025-09-24T15:56:31.000Z</time>
</trkpt>
<trkpt lat="41.4202117" lon="2.1818033">
<ele>43.52</ele>
<time>2025-09-24T15:56:34.000Z</time>
</trkpt>
<trkpt lat="41.4203600" lon="2.1819850">
<ele>42.40</ele>
<time>2025-09-24T15:56:37.000Z</time>
</trkpt>
<trkpt lat="41.4204950" lon="2.1821517">
<ele>40.69</ele>
<time>2025-09-24T15:56:42.000Z</time>
</trkpt>
<trkpt lat="41.4206267" lon="2.1823783">
<ele>40.03</ele>
<time>2025-09-24T15:56:48.000Z</time>
</trkpt>
<trkpt lat="41.4207950" lon="2.1825800">
<ele>39.55</ele>
<time>2025-09-24T15:56:52.000Z</time>
</trkpt>
<trkpt lat="41.4209367" lon="2.1827783">
<ele>38.97</ele>
<time>2025-09-24T15:56:55.000Z</time>
</trkpt>
<trkpt lat="41.4210783" lon="2.1829650">
<ele>38.51</ele>
<time>2025-09-24T15:56:58.000Z</time>
</trkpt>
<trkpt lat="41.4212100" lon="2.1831500">
<ele>37.63</ele>
<time>2025-09-24T15:57:01.000Z</time>
</trkpt>
<trkpt lat="41.4213800" lon="2.1833733">
<ele>36.27</ele>
<time>2025-09-24T15:57:05.000Z</time>
</trkpt>
<trkpt lat="41.4215400" lon="2.1836033">
<ele>35.62</ele>
<time>2025-09-24T15:57:09.000Z</time>
</trkpt>
<trkpt lat="41.4216767" lon="2.1837750">
<ele>35.84</ele>
<time>2025-09-24T15:57:13.000Z</time>
</trkpt>
<trkpt lat="41.4218467" lon="2.1839267">
<ele>35.49</ele>
<time>2025-09-24T15:57:19.000Z</time>
</trkpt>
<trkpt lat="41.4220467" lon="2.1839967">
<ele>34.89</ele>
<time>2025-09-24T15:57:24.000Z</time>
</trkpt>
<trkpt lat="41.4222500" lon="2.1839533">
<ele>36.10</ele>
<time>2025-09-24T15:57:29.000Z</time>
</trkpt>
<trkpt lat="41.4224267" lon="2.1840117">
<ele>45.09</ele>
<time>2025-09-24T15:57:35.000Z</time>
</trkpt>
<trkpt lat="41.4223317" lon="2.1842217">
<ele>42.24</ele>
<time>2025-09-24T15:57:49.000Z</time>
</trkpt>
<trkpt lat="41.4223233" lon="2.1844633">
<ele>43.09</ele>
<time>2025-09-24T15:57:53.000Z</time>
</trkpt>
<trkpt lat="41.4224200" lon="2.1846850">
<ele>45.00</ele>
<time>2025-09-24T15:57:56.000Z</time>
</trkpt>
<trkpt lat="41.4225417" lon="2.1849183">
<ele>45.42</ele>
<time>2025-09-24T15:57:59.000Z</time>
</trkpt>
<trkpt lat="41.4226800" lon="2.1851283">
<ele>39.85</ele>
<time>2025-09-24T15:58:02.000Z</time>
</trkpt>
<trkpt lat="41.4228433" lon="2.1853200">
<ele>35.54</ele>
<time>2025-09-24T15:58:06.000Z</time>
</trkpt>
<trkpt lat="41.4229700" lon="2.1854933">
<ele>32.91</ele>
<time>2025-09-24T15:58:10.000Z</time>
</trkpt>
<trkpt lat="41.4231383" lon="2.1855817">
<ele>33.80</ele>
<time>2025-09-24T15:58:14.000Z</time>
</trkpt>
<trkpt lat="41.4233517" lon="2.1856450">
<ele>36.11</ele>
<time>2025-09-24T15:58:18.000Z</time>
</trkpt>
<trkpt lat="41.4235517" lon="2.1857267">
<ele>36.76</ele>
<time>2025-09-24T15:58:22.000Z</time>
</trkpt>
<trkpt lat="41.4237267" lon="2.1858000">
<ele>39.22</ele>
<time>2025-09-24T15:58:26.000Z</time>
</trkpt>
<trkpt lat="41.4239367" lon="2.1858617">
<ele>42.46</ele>
<time>2025-09-24T15:58:30.000Z</time>
</trkpt>
<trkpt lat="41.4241617" lon="2.1858950">
<ele>45.84</ele>
<time>2025-09-24T15:58:34.000Z</time>
</trkpt>
<trkpt lat="41.4243550" lon="2.1859067">
<ele>49.09</ele>
<time>2025-09-24T15:58:38.000Z</time>
</trkpt>
<trkpt lat="41.4245417" lon="2.1859900">
<ele>49.46</ele>
<time>2025-09-24T15:58:44.000Z</time>
</trkpt>
<trkpt lat="41.4247100" lon="2.1858983">
<ele>32.11</ele>
<time>2025-09-24T17:52:06.775Z</time>
</trkpt>
<trkpt lat="41.4245617" lon="2.1862067">
<ele>38.01</ele>
<time>2025-09-24T17:52:12.800Z</time>
</trkpt>
<trkpt lat="41.4243733" lon="2.1861467">
<ele>54.51</ele>
<time>2025-09-24T17:52:26.000Z</time>
</trkpt>
<trkpt lat="41.4241833" lon="2.1861117">
<ele>64.80</ele>
<time>2025-09-24T17:52:33.000Z</time>
</trkpt>
<trkpt lat="41.4239800" lon="2.1860617">
<ele>68.06</ele>
<time>2025-09-24T17:52:39.000Z</time>
</trkpt>
<trkpt lat="41.4237467" lon="2.1859917">
<ele>72.25</ele>
<time>2025-09-24T17:52:44.000Z</time>
</trkpt>
<trkpt lat="41.4235433" lon="2.1859483">
<ele>73.82</ele>
<time>2025-09-24T17:52:47.000Z</time>
</trkpt>
<trkpt lat="41.4233233" lon="2.1858883">
<ele>75.05</ele>
<time>2025-09-24T17:52:50.000Z</time>
</trkpt>
<trkpt lat="41.4231533" lon="2.1856967">
<ele>71.04</ele>
<time>2025-09-24T17:52:54.000Z</time>
</trkpt>
<trkpt lat="41.4230833" lon="2.1854483">
<ele>63.51</ele>
<time>2025-09-24T17:52:57.000Z</time>
</trkpt>
<trkpt lat="41.4229617" lon="2.1852717">
<ele>61.93</ele>
<time>2025-09-24T17:53:01.000Z</time>
</trkpt>
<trkpt lat="41.4227650" lon="2.1851917">
<ele>59.85</ele>
<time>2025-09-24T17:53:05.000Z</time>
</trkpt>
<trkpt lat="41.4225683" lon="2.1850317">
<ele>58.94</ele>
<time>2025-09-24T17:53:10.000Z</time>
</trkpt>
<trkpt lat="41.4224467" lon="2.1848067">
<ele>52.76</ele>
<time>2025-09-24T17:53:14.000Z</time>
</trkpt>
<trkpt lat="41.4223283" lon="2.1846083">
<ele>36.74</ele>
<time>2025-09-24T17:53:41.000Z</time>
</trkpt>
<trkpt lat="41.4221350" lon="2.1846833">
<ele>33.93</ele>
<time>2025-09-24T17:53:50.000Z</time>
</trkpt>
<trkpt lat="41.4220750" lon="2.1844433">
<ele>38.35</ele>
<time>2025-09-24T17:54:01.000Z</time>
</trkpt>
<trkpt lat="41.4219950" lon="2.1842083">
<ele>38.91</ele>
<time>2025-09-24T17:54:07.000Z</time>
</trkpt>
<trkpt lat="41.4218700" lon="2.1840183">
<ele>36.94</ele>
<time>2025-09-24T17:54:13.000Z</time>
</trkpt>
<trkpt lat="41.4217383" lon="2.1838383">
<ele>37.14</ele>
<time>2025-09-24T17:54:21.000Z</time>
</trkpt>
<trkpt lat="41.4216783" lon="2.1835800">
<ele>39.74</ele>
<time>2025-09-24T17:54:27.000Z</time>
</trkpt>
<trkpt lat="41.4215383" lon="2.1833583">
<ele>39.98</ele>
<time>2025-09-24T17:54:31.000Z</time>
</trkpt>
<trkpt lat="41.4213867" lon="2.1831750">
<ele>39.74</ele>
<time>2025-09-24T17:54:35.000Z</time>
</trkpt>
<trkpt lat="41.4211917" lon="2.1829867">
<ele>39.04</ele>
<time>2025-09-24T17:54:39.000Z</time>
</trkpt>
<trkpt lat="41.4210200" lon="2.1828383">
<ele>37.61</ele>
<time>2025-09-24T17:54:43.000Z</time>
</trkpt>
<trkpt lat="41.4208317" lon="2.1827217">
<ele>35.79</ele>
<time>2025-09-24T17:54:48.000Z</time>
</trkpt>
<trkpt lat="41.4206617" lon="2.1826167">
<ele>36.29</ele>
<time>2025-09-24T17:54:52.000Z</time>
</trkpt>
<trkpt lat="41.4205183" lon="2.1824217">
<ele>39.25</ele>
<time>2025-09-24T17:54:56.000Z</time>
</trkpt>
<trkpt lat="41.4204083" lon="2.1822083">
<ele>38.66</ele>
<time>2025-09-24T17:55:00.000Z</time>
</trkpt>
<trkpt lat="41.4202600" lon="2.1820567">
<ele>40.36</ele>
<time>2025-09-24T17:55:05.000Z</time>
</trkpt>
<trkpt lat="41.4201133" lon="2.1818550">
<ele>40.59</ele>
<time>2025-09-24T17:55:09.000Z</time>
</trkpt>
<trkpt lat="41.4200167" lon="2.1816100">
<ele>41.29</ele>
<time>2025-09-24T17:55:14.000Z</time>
</trkpt>
<trkpt lat="41.4198550" lon="2.1813950">
<ele>40.32</ele>
<time>2025-09-24T17:55:19.000Z</time>
</trkpt>
<trkpt lat="41.4197017" lon="2.1811533">
<ele>40.08</ele>
<time>2025-09-24T17:55:24.000Z</time>
</trkpt>
<trkpt lat="41.4195850" lon="2.1809683">
<ele>38.07</ele>
<time>2025-09-24T17:55:28.000Z</time>
</trkpt>
<trkpt lat="41.4194717" lon="2.1807433">
<ele>41.25</ele>
<time>2025-09-24T17:55:47.000Z</time>
</trkpt>
<trkpt lat="41.4193250" lon="2.1805917">
<ele>42.34</ele>
<time>2025-09-24T17:55:53.000Z</time>
</trkpt>
<trkpt lat="41.4191467" lon="2.1805183">
<ele>50.28</ele>
<time>2025-09-24T17:56:04.000Z</time>
</trkpt>
<trkpt lat="41.4189617" lon="2.1804367">
<ele>50.26</ele>
<time>2025-09-24T17:56:08.000Z</time>
</trkpt>
<trkpt lat="41.4187717" lon="2.1803833">
<ele>47.01</ele>
<time>2025-09-24T17:56:13.000Z</time>
</trkpt>
<trkpt lat="41.4186083" lon="2.1802183">
<ele>49.56</ele>
<time>2025-09-24T17:56:19.000Z</time>
</trkpt>
<trkpt lat="41.4184717" lon="2.1800550">
<ele>52.44</ele>
<time>2025-09-24T17:56:25.000Z</time>
</trkpt>
<trkpt lat="41.4183667" lon="2.1798333">
<ele>57.25</ele>
<time>2025-09-24T17:56:31.000Z</time>
</trkpt>
<trkpt lat="41.4182567" lon="2.1795983">
<ele>59.04</ele>
<time>2025-09-24T17:56:36.000Z</time>
</trkpt>
<trkpt lat="41.4183000" lon="2.1793583">
<ele>57.47</ele>
<time>2025-09-24T17:56:41.000Z</time>
</trkpt>
<trkpt lat="41.4184683" lon="2.1790950">
<ele>56.40</ele>
<time>2025-09-24T17:56:45.000Z</time>
</trkpt>
<trkpt lat="41.4186150" lon="2.1788983">
<ele>55.12</ele>
<time>2025-09-24T17:56:49.000Z</time>
</trkpt>
<trkpt lat="41.4187567" lon="2.1786917">
<ele>54.90</ele>
<time>2025-09-24T17:56:53.000Z</time>
</trkpt>
<trkpt lat="41.4188750" lon="2.1785000">
<ele>57.61</ele>
<time>2025-09-24T17:56:58.000Z</time>
</trkpt>
<trkpt lat="41.4188850" lon="2.1782467">
<ele>64.30</ele>
<time>2025-09-24T17:57:05.000Z</time>
</trkpt>
<trkpt lat="41.4188850" lon="2.1779983">
<ele>66.48</ele>
<time>2025-09-24T17:57:11.000Z</time>
</trkpt>
<trkpt lat="41.4188533" lon="2.1777417">
<ele>67.31</ele>
<time>2025-09-24T17:57:18.000Z</time>
</trkpt>
<trkpt lat="41.4187533" lon="2.1775350">
<ele>68.99</ele>
<time>2025-09-24T17:57:26.000Z</time>
</trkpt>
<trkpt lat="41.4185783" lon="2.1774000">
<ele>73.70</ele>
<time>2025-09-24T17:57:33.000Z</time>
</trkpt>
<trkpt lat="41.4183917" lon="2.1772817">
<ele>78.05</ele>
<time>2025-09-24T17:57:41.000Z</time>
</trkpt>
<trkpt lat="41.4181900" lon="2.1772133">
<ele>81.44</ele>
<time>2025-09-24T17:57:48.000Z</time>
</trkpt>
<trkpt lat="41.4179950" lon="2.1771150">
<ele>81.87</ele>
<time>2025-09-24T17:57:54.000Z</time>
</trkpt>
<trkpt lat="41.4178300" lon="2.1770150">
<ele>80.82</ele>
<time>2025-09-24T17:57:59.000Z</time>
</trkpt>
<trkpt lat="41.4176550" lon="2.1768683">
<ele>79.29</ele>
<time>2025-09-24T17:58:05.000Z</time>
</trkpt>
<trkpt lat="41.4174867" lon="2.1767683">
<ele>78.82</ele>
<time>2025-09-24T17:58:10.000Z</time>
</trkpt>
<trkpt lat="41.4173100" lon="2.1767017">
<ele>77.61</ele>
<time>2025-09-24T17:58:15.000Z</time>
</trkpt>
<trkpt lat="41.4171350" lon="2.1765683">
<ele>75.77</ele>
<time>2025-09-24T17:58:20.000Z</time>
</trkpt>
<trkpt lat="41.4170083" lon="2.1763967">
<ele>72.35</ele>
<time>2025-09-24T17:58:31.000Z</time>
</trkpt>
<trkpt lat="41.4170883" lon="2.1761600">
<ele>78.05</ele>
<time>2025-09-24T17:58:37.000Z</time>
</trkpt>
<trkpt lat="41.4171617" lon="2.1759050">
<ele>81.66</ele>
<time>2025-09-24T17:58:45.000Z</time>
</trkpt>
<trkpt lat="41.4172450" lon="2.1756750">
<ele>82.04</ele>
<time>2025-09-24T17:58:52.000Z</time>
</trkpt>
<trkpt lat="41.4173550" lon="2.1754600">
<ele>80.87</ele>
<time>2025-09-24T17:58:58.000Z</time>
</trkpt>
<trkpt lat="41.4173683" lon="2.1752000">
<ele>81.78</ele>
<time>2025-09-24T17:59:05.000Z</time>
</trkpt>
<trkpt lat="41.4172700" lon="2.1749900">
<ele>85.73</ele>
<time>2025-09-24T17:59:10.000Z</time>
</trkpt>
<trkpt lat="41.4171250" lon="2.1747700">
<ele>89.22</ele>
<time>2025-09-24T17:59:15.000Z</time>
</trkpt>
<trkpt lat="41.4169650" lon="2.1745850">
<ele>89.97</ele>
<time>2025-09-24T17:59:19.000Z</time>
</trkpt>
<trkpt lat="41.4168217" lon="2.1744200">
<ele>86.26</ele>
<time>2025-09-24T17:59:22.000Z</time>
</trkpt>
<trkpt lat="41.4166967" lon="2.1742400">
<ele>84.62</ele>
<time>2025-09-24T17:59:25.000Z</time>
</trkpt>
<trkpt lat="41.4165500" lon="2.1739983">
<ele>82.80</ele>
<time>2025-09-24T17:59:29.000Z</time>
</trkpt>
<trkpt lat="41.4164733" lon="2.1737567">
<ele>82.59</ele>
<time>2025-09-24T17:59:33.000Z</time>
</trkpt>
<trkpt lat="41.4163667" lon="2.1735233">
<ele>82.17</ele>
<time>2025-09-24T17:59:38.000Z</time>
</trkpt>
<trkpt lat="41.4161933" lon="2.1733783">
<ele>81.65</ele>
<time>2025-09-24T17:59:43.000Z</time>
</trkpt>
<trkpt lat="41.4159967" lon="2.1733000">
<ele>82.17</ele>
<time>2025-09-24T17:59:48.000Z</time>
</trkpt>
<trkpt lat="41.4158383" lon="2.1731533">
<ele>84.81</ele>
<time>2025-09-24T17:59:53.000Z</time>
</trkpt>
<trkpt lat="41.4156733" lon="2.1729583">
<ele>85.78</ele>
<time>2025-09-24T17:59:59.000Z</time>
</trkpt>
<trkpt lat="41.4155417" lon="2.1727433">
<ele>87.21</ele>
<time>2025-09-24T18:00:04.000Z</time>
</trkpt>
<trkpt lat="41.4154017" lon="2.1725367">
<ele>88.27</ele>
<time>2025-09-24T18:00:09.000Z</time>
</trkpt>
<trkpt lat="41.4152717" lon="2.1723650">
<ele>88.44</ele>
<time>2025-09-24T18:00:13.000Z</time>
</trkpt>
<trkpt lat="41.4151400" lon="2.1721850">
<ele>87.46</ele>
<time>2025-09-24T18:00:17.000Z</time>
</trkpt>
<trkpt lat="41.4150133" lon="2.1720117">
<ele>87.28</ele>
<time>2025-09-24T18:00:21.000Z</time>
</trkpt>
<trkpt lat="41.4148883" lon="2.1718350">
<ele>87.14</ele>
<time>2025-09-24T18:00:25.000Z</time>
</trkpt>
<trkpt lat="41.4147317" lon="2.1716417">
<ele>87.33</ele>
<time>2025-09-24T18:00:30.000Z</time>
</trkpt>
<trkpt lat="41.4145967" lon="2.1714317">
<ele>89.01</ele>
<time>2025-09-24T18:00:36.000Z</time>
</trkpt>
<trkpt lat="41.4144433" lon="2.1712450">
<ele>89.91</ele>
<time>2025-09-24T18:00:42.000Z</time>
</trkpt>
<trkpt lat="41.4143150" lon="2.1710500">
<ele>91.36</ele>
<time>2025-09-24T18:00:48.000Z</time>
</trkpt>
<trkpt lat="41.4141783" lon="2.1708650">
<ele>94.86</ele>
<time>2025-09-24T18:00:54.000Z</time>
</trkpt>
<trkpt lat="41.4140717" lon="2.1706200">
<ele>98.23</ele>
<time>2025-09-24T18:01:03.000Z</time>
</trkpt>
<trkpt lat="41.4139500" lon="2.1704250">
<ele>101.85</ele>
<time>2025-09-24T18:01:09.000Z</time>
</trkpt>
<trkpt lat="41.4137967" lon="2.1702350">
<ele>104.68</ele>
<time>2025-09-24T18:01:15.000Z</time>
</trkpt>
<trkpt lat="41.4136533" lon="2.1700150">
<ele>106.21</ele>
<time>2025-09-24T18:01:21.000Z</time>
</trkpt>
<trkpt lat="41.4135333" lon="2.1697700">
<ele>105.44</ele>
<time>2025-09-24T18:01:25.000Z</time>
</trkpt>
<trkpt lat="41.4134367" lon="2.1695650">
<ele>104.85</ele>
<time>2025-09-24T18:01:28.000Z</time>
</trkpt>
<trkpt lat="41.4133083" lon="2.1693283">
<ele>101.68</ele>
<time>2025-09-24T18:01:32.000Z</time>
</trkpt>
<trkpt lat="41.4131933" lon="2.1691417">
<ele>101.15</ele>
<time>2025-09-24T18:01:36.000Z</time>
</trkpt>
<trkpt lat="41.4130683" lon="2.1689017">
<ele>102.04</ele>
<time>2025-09-24T18:01:41.000Z</time>
</trkpt>
<trkpt lat="41.4129717" lon="2.1686333">
<ele>102.41</ele>
<time>2025-09-24T18:01:45.000Z</time>
</trkpt>
<trkpt lat="41.4128717" lon="2.1684117">
<ele>102.70</ele>
<time>2025-09-24T18:01:49.000Z</time>
</trkpt>
<trkpt lat="41.4128017" lon="2.1681617">
<ele>103.03</ele>
<time>2025-09-24T18:01:53.000Z</time>
</trkpt>
<trkpt lat="41.4128583" lon="2.1679100">
<ele>108.26</ele>
<time>2025-09-24T18:02:00.000Z</time>
</trkpt>
<trkpt lat="41.4130283" lon="2.1678033">
<ele>114.36</ele>
<time>2025-09-24T18:02:05.000Z</time>
</trkpt>
<trkpt lat="41.4132167" lon="2.1676500">
<ele>121.19</ele>
<time>2025-09-24T18:02:11.000Z</time>
</trkpt>
<trkpt lat="41.4134150" lon="2.1676500">
<ele>119.96</ele>
<time>2025-09-24T18:02:15.000Z</time>
</trkpt>
<trkpt lat="41.4135800" lon="2.1675033">
<ele>119.56</ele>
<time>2025-09-24T18:02:20.000Z</time>
</trkpt>
<trkpt lat="41.4137433" lon="2.1673733">
<ele>121.35</ele>
<time>2025-09-24T18:02:26.000Z</time>
</trkpt>
<trkpt lat="41.4139283" lon="2.1673100">
<ele>118.93</ele>
<time>2025-09-24T18:02:32.000Z</time>
</trkpt>
<trkpt lat="41.4141133" lon="2.1671917">
<ele>118.19</ele>
<time>2025-09-24T18:02:39.000Z</time>
</trkpt>
<trkpt lat="41.4142900" lon="2.1671033">
<ele>118.58</ele>
<time>2025-09-24T18:02:46.000Z</time>
</trkpt>
<trkpt lat="41.4144600" lon="2.1670033">
<ele>123.23</ele>
<time>2025-09-24T18:02:55.000Z</time>
</trkpt>
<trkpt lat="41.4146400" lon="2.1669083">
<ele>125.10</ele>
<time>2025-09-24T18:03:05.000Z</time>
</trkpt>
<trkpt lat="41.4147950" lon="2.1667733">
<ele>128.19</ele>
<time>2025-09-24T18:03:15.000Z</time>
</trkpt>
<trkpt lat="41.4149917" lon="2.1667633">
<ele>131.00</ele>
<time>2025-09-24T18:03:27.000Z</time>
</trkpt>
<trkpt lat="41.4151800" lon="2.1668133">
<ele>129.97</ele>
<time>2025-09-24T18:03:36.000Z</time>
</trkpt>
<trkpt lat="41.4152367" lon="2.1665817">
<ele>131.00</ele>
<time>2025-09-24T18:03:42.000Z</time>
</trkpt>
<trkpt lat="41.4152017" lon="2.1663450">
<ele>128.88</ele>
<time>2025-09-24T18:03:47.000Z</time>
</trkpt>
<trkpt lat="41.4151217" lon="2.1661233">
<ele>124.76</ele>
<time>2025-09-24T18:03:52.000Z</time>
</trkpt>
<trkpt lat="41.4150817" lon="2.1658817">
<ele>122.89</ele>
<time>2025-09-24T18:03:58.000Z</time>
</trkpt>
<trkpt lat="41.4151450" lon="2.1656417">
<ele>127.15</ele>
<time>2025-09-24T18:04:09.000Z</time>
</trkpt>
<trkpt lat="41.4151450" lon="2.1653633">
<ele>130.94</ele>
<time>2025-09-24T18:04:19.000Z</time>
</trkpt>
<trkpt lat="41.4150817" lon="2.1651333">
<ele>133.06</ele>
<time>2025-09-24T18:05:29.000Z</time>
</trkpt>
<extensions>
<om:oruxmapsextensions>
</om:oruxmapsextensions>
</extensions>
</trkseg>
<trkseg>
<trkpt lat="41.4236000" lon="2.1434617">
<ele>178.90</ele>
<time>2025-09-25T16:00:37.000Z</time>
</trkpt>
<trkpt lat="41.4235200" lon="2.1437050">
<ele>165.12</ele>
<time>2025-09-25T16:01:16.000Z</time>
</trkpt>
<trkpt lat="41.4235100" lon="2.1439500">
<ele>169.35</ele>
<time>2025-09-25T16:01:26.000Z</time>
</trkpt>
<trkpt lat="41.4235167" lon="2.1442050">
<ele>165.25</ele>
<time>2025-09-25T16:01:37.000Z</time>
</trkpt>
<trkpt lat="41.4235350" lon="2.1444500">
<ele>159.55</ele>
<time>2025-09-25T16:01:50.000Z</time>
</trkpt>
<trkpt lat="41.4235883" lon="2.1447000">
<ele>159.62</ele>
<time>2025-09-25T16:02:03.000Z</time>
</trkpt>
<trkpt lat="41.4236400" lon="2.1449550">
<ele>153.30</ele>
<time>2025-09-25T16:02:15.000Z</time>
</trkpt>
<trkpt lat="41.4236917" lon="2.1451900">
<ele>145.76</ele>
<time>2025-09-25T16:02:26.000Z</time>
</trkpt>
<trkpt lat="41.4237450" lon="2.1454217">
<ele>138.32</ele>
<time>2025-09-25T16:02:40.000Z</time>
</trkpt>
<trkpt lat="41.4237367" lon="2.1456700">
<ele>130.15</ele>
<time>2025-09-25T16:02:57.000Z</time>
</trkpt>
<trkpt lat="41.4235783" lon="2.1458067">
<ele>133.52</ele>
<time>2025-09-25T16:03:05.000Z</time>
</trkpt>
<trkpt lat="41.4234500" lon="2.1459850">
<ele>135.63</ele>
<time>2025-09-25T16:03:17.000Z</time>
</trkpt>
<trkpt lat="41.4234683" lon="2.1462317">
<ele>133.72</ele>
<time>2025-09-25T16:03:32.000Z</time>
</trkpt>
<trkpt lat="41.4234617" lon="2.1464750">
<ele>129.61</ele>
<time>2025-09-25T16:03:50.000Z</time>
</trkpt>
<trkpt lat="41.4234550" lon="2.1467200">
<ele>131.24</ele>
<time>2025-09-25T16:04:02.000Z</time>
</trkpt>
<trkpt lat="41.4234483" lon="2.1469717">
<ele>126.97</ele>
<time>2025-09-25T16:04:18.000Z</time>
</trkpt>
<trkpt lat="41.4234417" lon="2.1472267">
<ele>125.40</ele>
<time>2025-09-25T16:04:32.000Z</time>
</trkpt>
<trkpt lat="41.4234350" lon="2.1474833">
<ele>123.58</ele>
<time>2025-09-25T16:04:44.000Z</time>
</trkpt>
<trkpt lat="41.4234833" lon="2.1477183">
<ele>129.35</ele>
<time>2025-09-25T16:04:59.000Z</time>
</trkpt>
<trkpt lat="41.4235600" lon="2.1479433">
<ele>130.49</ele>
<time>2025-09-25T16:05:11.000Z</time>
</trkpt>
<trkpt lat="41.4236700" lon="2.1481517">
<ele>133.66</ele>
<time>2025-09-25T16:05:23.000Z</time>
</trkpt>
<trkpt lat="41.4237533" lon="2.1483833">
<ele>132.41</ele>
<time>2025-09-25T16:05:34.000Z</time>
</trkpt>
<trkpt lat="41.4238917" lon="2.1485600">
<ele>130.07</ele>
<time>2025-09-25T16:05:44.000Z</time>
</trkpt>
<trkpt lat="41.4240300" lon="2.1487350">
<ele>130.84</ele>
<time>2025-09-25T16:05:56.000Z</time>
</trkpt>
<trkpt lat="41.4241683" lon="2.1489133">
<ele>133.27</ele>
<time>2025-09-25T16:06:10.000Z</time>
</trkpt>
<trkpt lat="41.4243000" lon="2.1490833">
<ele>134.73</ele>
<time>2025-09-25T16:06:22.000Z</time>
</trkpt>
<trkpt lat="41.4244383" lon="2.1492600">
<ele>134.41</ele>
<time>2025-09-25T16:06:34.000Z</time>
</trkpt>
<trkpt lat="41.4245717" lon="2.1494300">
<ele>138.64</ele>
<time>2025-09-25T16:06:43.000Z</time>
</trkpt>
<trkpt lat="41.4247150" lon="2.1496067">
<ele>147.84</ele>
<time>2025-09-25T16:06:54.000Z</time>
</trkpt>
<trkpt lat="41.4247467" lon="2.1498583">
<ele>151.79</ele>
<time>2025-09-25T16:07:14.000Z</time>
</trkpt>
<trkpt lat="41.4248317" lon="2.1500867">
<ele>151.41</ele>
<time>2025-09-25T16:07:27.000Z</time>
</trkpt>
<trkpt lat="41.4249633" lon="2.1502600">
<ele>152.88</ele>
<time>2025-09-25T16:07:39.000Z</time>
</trkpt>
<trkpt lat="41.4248317" lon="2.1504267">
<ele>153.62</ele>
<time>2025-09-25T16:07:59.000Z</time>
</trkpt>
<trkpt lat="41.4246833" lon="2.1505833">
<ele>155.62</ele>
<time>2025-09-25T16:08:20.000Z</time>
</trkpt>
<trkpt lat="41.4247467" lon="2.1508333">
<ele>150.69</ele>
<time>2025-09-25T16:08:35.000Z</time>
</trkpt>
<trkpt lat="41.4248000" lon="2.1510700">
<ele>150.50</ele>
<time>2025-09-25T16:08:51.000Z</time>
</trkpt>
<trkpt lat="41.4248133" lon="2.1513150">
<ele>148.89</ele>
<time>2025-09-25T16:09:06.000Z</time>
</trkpt>
<trkpt lat="41.4248183" lon="2.1515633">
<ele>135.92</ele>
<time>2025-09-25T16:09:22.000Z</time>
</trkpt>
<trkpt lat="41.4247267" lon="2.1517883">
<ele>131.16</ele>
<time>2025-09-25T16:09:36.000Z</time>
</trkpt>
<trkpt lat="41.4246000" lon="2.1519767">
<ele>132.02</ele>
<time>2025-09-25T16:09:47.000Z</time>
</trkpt>
<trkpt lat="41.4244500" lon="2.1521567">
<ele>136.48</ele>
<time>2025-09-25T16:10:00.000Z</time>
</trkpt>
<trkpt lat="41.4242983" lon="2.1523033">
<ele>138.02</ele>
<time>2025-09-25T16:10:13.000Z</time>
</trkpt>
<trkpt lat="41.4241567" lon="2.1524533">
<ele>140.87</ele>
<time>2025-09-25T16:10:24.000Z</time>
</trkpt>
<trkpt lat="41.4240067" lon="2.1526200">
<ele>130.25</ele>
<time>2025-09-25T16:10:42.000Z</time>
</trkpt>
<trkpt lat="41.4238733" lon="2.1528033">
<ele>134.82</ele>
<time>2025-09-25T16:10:51.000Z</time>
</trkpt>
<trkpt lat="41.4237317" lon="2.1529633">
<ele>128.44</ele>
<time>2025-09-25T16:11:05.000Z</time>
</trkpt>
<trkpt lat="41.4235883" lon="2.1531300">
<ele>132.41</ele>
<time>2025-09-25T16:11:21.000Z</time>
</trkpt>
<trkpt lat="41.4234433" lon="2.1533000">
<ele>136.19</ele>
<time>2025-09-25T16:11:30.000Z</time>
</trkpt>
<trkpt lat="41.4233167" lon="2.1534750">
<ele>144.24</ele>
<time>2025-09-25T16:11:41.000Z</time>
</trkpt>
<trkpt lat="41.4231667" lon="2.1536200">
<ele>141.41</ele>
<time>2025-09-25T16:11:57.000Z</time>
</trkpt>
<trkpt lat="41.4230383" lon="2.1537933">
<ele>129.61</ele>
<time>2025-09-25T16:12:12.000Z</time>
</trkpt>
<trkpt lat="41.4229300" lon="2.1539933">
<ele>138.94</ele>
<time>2025-09-25T16:12:27.000Z</time>
</trkpt>
<trkpt lat="41.4227633" lon="2.1540983">
<ele>147.58</ele>
<time>2025-09-25T16:12:39.000Z</time>
</trkpt>
<trkpt lat="41.4226817" lon="2.1543217">
<ele>154.31</ele>
<time>2025-09-25T16:12:57.000Z</time>
</trkpt>
<trkpt lat="41.4225317" lon="2.1544817">
<ele>160.52</ele>
<time>2025-09-25T16:13:12.000Z</time>
</trkpt>
<trkpt lat="41.4223500" lon="2.1545717">
<ele>153.03</ele>
<time>2025-09-25T16:13:32.000Z</time>
</trkpt>
<trkpt lat="41.4221917" lon="2.1546883">
<ele>146.93</ele>
<time>2025-09-25T16:13:43.000Z</time>
</trkpt>
<trkpt lat="41.4220433" lon="2.1548283">
<ele>142.93</ele>
<time>2025-09-25T16:13:56.000Z</time>
</trkpt>
<trkpt lat="41.4218983" lon="2.1549883">
<ele>140.82</ele>
<time>2025-09-25T16:14:08.000Z</time>
</trkpt>
<trkpt lat="41.4217617" lon="2.1551617">
<ele>140.71</ele>
<time>2025-09-25T16:14:20.000Z</time>
</trkpt>
<trkpt lat="41.4216517" lon="2.1553583">
<ele>145.15</ele>
<time>2025-09-25T16:14:33.000Z</time>
</trkpt>
<trkpt lat="41.4215817" lon="2.1555833">
<ele>148.41</ele>
<time>2025-09-25T16:14:46.000Z</time>
</trkpt>
<trkpt lat="41.4214067" lon="2.1556883">
<ele>150.36</ele>
<time>2025-09-25T16:14:58.000Z</time>
</trkpt>
<trkpt lat="41.4213050" lon="2.1558967">
<ele>151.65</ele>
<time>2025-09-25T16:15:15.000Z</time>
</trkpt>
<trkpt lat="41.4212583" lon="2.1561467">
<ele>148.47</ele>
<time>2025-09-25T16:15:31.000Z</time>
</trkpt>
<trkpt lat="41.4211667" lon="2.1563533">
<ele>156.96</ele>
<time>2025-09-25T16:15:44.000Z</time>
</trkpt>
<trkpt lat="41.4209933" lon="2.1564683">
<ele>158.42</ele>
<time>2025-09-25T16:15:58.000Z</time>
</trkpt>
<trkpt lat="41.4208250" lon="2.1565667">
<ele>158.31</ele>
<time>2025-09-25T16:16:13.000Z</time>
</trkpt>
<trkpt lat="41.4206600" lon="2.1567050">
<ele>158.78</ele>
<time>2025-09-25T16:16:25.000Z</time>
</trkpt>
<trkpt lat="41.4204833" lon="2.1567783">
<ele>163.37</ele>
<time>2025-09-25T16:16:38.000Z</time>
</trkpt>
<trkpt lat="41.4203267" lon="2.1569267">
<ele>166.85</ele>
<time>2025-09-25T16:16:52.000Z</time>
</trkpt>
<trkpt lat="41.4201467" lon="2.1569833">
<ele>170.26</ele>
<time>2025-09-25T16:17:06.000Z</time>
</trkpt>
<trkpt lat="41.4199617" lon="2.1570233">
<ele>174.51</ele>
<time>2025-09-25T16:17:23.000Z</time>
</trkpt>
<trkpt lat="41.4197783" lon="2.1570500">
<ele>175.47</ele>
<time>2025-09-25T16:17:37.000Z</time>
</trkpt>
<trkpt lat="41.4195983" lon="2.1571083">
<ele>178.09</ele>
<time>2025-09-25T16:17:50.000Z</time>
</trkpt>
<trkpt lat="41.4194333" lon="2.1572133">
<ele>180.23</ele>
<time>2025-09-25T16:18:04.000Z</time>
</trkpt>
<trkpt lat="41.4192533" lon="2.1572117">
<ele>187.54</ele>
<time>2025-09-25T16:18:18.000Z</time>
</trkpt>
<trkpt lat="41.4190767" lon="2.1572967">
<ele>190.21</ele>
<time>2025-09-25T16:18:33.000Z</time>
</trkpt>
<trkpt lat="41.4188967" lon="2.1572817">
<ele>186.19</ele>
<time>2025-09-25T16:18:47.000Z</time>
</trkpt>
<trkpt lat="41.4187433" lon="2.1574133">
<ele>188.69</ele>
<time>2025-09-25T16:19:18.000Z</time>
</trkpt>
<trkpt lat="41.4185633" lon="2.1573767">
<ele>187.99</ele>
<time>2025-09-25T16:19:32.000Z</time>
</trkpt>
<trkpt lat="41.4183783" lon="2.1574317">
<ele>187.12</ele>
<time>2025-09-25T16:19:46.000Z</time>
</trkpt>
<trkpt lat="41.4182050" lon="2.1575183">
<ele>188.08</ele>
<time>2025-09-25T16:20:00.000Z</time>
</trkpt>
<trkpt lat="41.4180467" lon="2.1576400">
<ele>188.19</ele>
<time>2025-09-25T16:20:13.000Z</time>
</trkpt>
<trkpt lat="41.4179033" lon="2.1578067">
<ele>186.55</ele>
<time>2025-09-25T16:20:27.000Z</time>
</trkpt>
<trkpt lat="41.4177600" lon="2.1579550">
<ele>182.68</ele>
<time>2025-09-25T16:20:40.000Z</time>
</trkpt>
<trkpt lat="41.4175917" lon="2.1580767">
<ele>180.99</ele>
<time>2025-09-25T16:20:52.000Z</time>
</trkpt>
<trkpt lat="41.4174733" lon="2.1582667">
<ele>180.28</ele>
<time>2025-09-25T16:21:02.000Z</time>
</trkpt>
<trkpt lat="41.4173100" lon="2.1583900">
<ele>177.43</ele>
<time>2025-09-25T16:21:16.000Z</time>
</trkpt>
<trkpt lat="41.4171700" lon="2.1585600">
<ele>175.83</ele>
<time>2025-09-25T16:21:31.000Z</time>
</trkpt>
<trkpt lat="41.4169883" lon="2.1586483">
<ele>178.37</ele>
<time>2025-09-25T16:21:43.000Z</time>
</trkpt>
<trkpt lat="41.4168150" lon="2.1587250">
<ele>180.99</ele>
<time>2025-09-25T16:21:58.000Z</time>
</trkpt>
<trkpt lat="41.4166283" lon="2.1587133">
<ele>178.84</ele>
<time>2025-09-25T16:22:13.000Z</time>
</trkpt>
<trkpt lat="41.4164683" lon="2.1588317">
<ele>176.14</ele>
<time>2025-09-25T16:22:26.000Z</time>
</trkpt>
<trkpt lat="41.4164533" lon="2.1590717">
<ele>177.01</ele>
<time>2025-09-25T16:22:37.000Z</time>
</trkpt>
<trkpt lat="41.4164883" lon="2.1593167">
<ele>169.13</ele>
<time>2025-09-25T16:23:11.000Z</time>
</trkpt>
<trkpt lat="41.4166333" lon="2.1594800">
<ele>168.54</ele>
<time>2025-09-25T16:23:58.000Z</time>
</trkpt>
<trkpt lat="41.4168183" lon="2.1595150">
<ele>167.16</ele>
<time>2025-09-25T16:24:10.000Z</time>
</trkpt>
<trkpt lat="41.4169383" lon="2.1597217">
<ele>164.42</ele>
<time>2025-09-25T16:24:22.000Z</time>
</trkpt>
<trkpt lat="41.4170850" lon="2.1598850">
<ele>161.39</ele>
<time>2025-09-25T16:24:36.000Z</time>
</trkpt>
<trkpt lat="41.4171350" lon="2.1601217">
<ele>158.03</ele>
<time>2025-09-25T16:24:48.000Z</time>
</trkpt>
<trkpt lat="41.4171217" lon="2.1603850">
<ele>157.83</ele>
<time>2025-09-25T16:25:01.000Z</time>
</trkpt>
<trkpt lat="41.4169450" lon="2.1604983">
<ele>162.88</ele>
<time>2025-09-25T16:25:11.000Z</time>
</trkpt>
<trkpt lat="41.4167767" lon="2.1606033">
<ele>162.52</ele>
<time>2025-09-25T16:25:23.000Z</time>
</trkpt>
<trkpt lat="41.4167150" lon="2.1608350">
<ele>157.06</ele>
<time>2025-09-25T16:25:33.000Z</time>
</trkpt>
<trkpt lat="41.4167367" lon="2.1610800">
<ele>149.44</ele>
<time>2025-09-25T16:25:47.000Z</time>
</trkpt>
<trkpt lat="41.4169000" lon="2.1612283">
<ele>150.27</ele>
<time>2025-09-25T16:25:58.000Z</time>
</trkpt>
<trkpt lat="41.4170267" lon="2.1614100">
<ele>151.89</ele>
<time>2025-09-25T16:26:10.000Z</time>
</trkpt>
<trkpt lat="41.4170933" lon="2.1616450">
<ele>154.14</ele>
<time>2025-09-25T16:26:25.000Z</time>
</trkpt>
<trkpt lat="41.4171683" lon="2.1618800">
<ele>154.76</ele>
<time>2025-09-25T16:26:35.000Z</time>
</trkpt>
<trkpt lat="41.4172317" lon="2.1621083">
<ele>155.99</ele>
<time>2025-09-25T16:26:46.000Z</time>
</trkpt>
<trkpt lat="41.4171467" lon="2.1623350">
<ele>153.03</ele>
<time>2025-09-25T16:26:58.000Z</time>
</trkpt>
<trkpt lat="41.4170433" lon="2.1625333">
<ele>147.12</ele>
<time>2025-09-25T16:27:09.000Z</time>
</trkpt>
<trkpt lat="41.4168717" lon="2.1626150">
<ele>144.63</ele>
<time>2025-09-25T16:27:21.000Z</time>
</trkpt>
<trkpt lat="41.4167500" lon="2.1628083">
<ele>145.17</ele>
<time>2025-09-25T16:27:32.000Z</time>
</trkpt>
<trkpt lat="41.4166383" lon="2.1630017">
<ele>144.82</ele>
<time>2025-09-25T16:27:45.000Z</time>
</trkpt>
<trkpt lat="41.4164983" lon="2.1631733">
<ele>153.80</ele>
<time>2025-09-25T16:28:01.000Z</time>
</trkpt>
<trkpt lat="41.4163600" lon="2.1633450">
<ele>147.57</ele>
<time>2025-09-25T16:28:13.000Z</time>
</trkpt>
<trkpt lat="41.4162183" lon="2.1635200">
<ele>149.45</ele>
<time>2025-09-25T16:28:27.000Z</time>
</trkpt>
<trkpt lat="41.4160800" lon="2.1636933">
<ele>148.22</ele>
<time>2025-09-25T16:28:41.000Z</time>
</trkpt>
<trkpt lat="41.4159433" lon="2.1638583">
<ele>146.75</ele>
<time>2025-09-25T16:28:54.000Z</time>
</trkpt>
<trkpt lat="41.4158050" lon="2.1640300">
<ele>146.84</ele>
<time>2025-09-25T16:29:09.000Z</time>
</trkpt>
<trkpt lat="41.4156650" lon="2.1642033">
<ele>148.13</ele>
<time>2025-09-25T16:29:24.000Z</time>
</trkpt>
<trkpt lat="41.4155183" lon="2.1643617">
<ele>149.56</ele>
<time>2025-09-25T16:29:36.000Z</time>
</trkpt>
<trkpt lat="41.4154133" lon="2.1645700">
<ele>147.38</ele>
<time>2025-09-25T16:29:46.000Z</time>
</trkpt>
<trkpt lat="41.4153567" lon="2.1648117">
<ele>143.60</ele>
<time>2025-09-25T16:29:59.000Z</time>
</trkpt>
<extensions>
<om:oruxmapsextensions>
</om:oruxmapsextensions>
</extensions>
</trkseg>
</trk>
</gpx>
